{"type":"FeatureCollection","name":"communes_app_emprise","crs":{"type":"name","properties":{"name":"urn:ogc:def:crs:OGC:1.3:CRS84"}},"features":[{"type":"Feature","properties":{"code":"08017","nom":"Apremont","departement":"08","region":"44","epci":"240800920"},"geometry":{"type":"Polygon","coordinates":[[[5.011,49.269],[5,49.261],[4.951,49.237],[4.934,49.262],[4.964,49.262],[4.993,49.281],[5.011,49.269]]]}},{"type":"Feature","properties":{"code":"08018","nom":"Ardeuil-et-Montfauxelles","departement":"08","region":"44","epci":"240800920"},"geometry":{"type":"Polygon","coordinates":[[[4.704,49.255],[4.69,49.257],[4.685,49.279],[4.718,49.278],[4.704,49.255]]]}},{"type":"Feature","properties":{"code":"08031","nom":"Aure","departement":"08","region":"44","epci":"240800920"},"geometry":{"type":"Polygon","coordinates":[[[4.646,49.288],[4.652,49.282],[4.647,49.264],[4.611,49.259],[4.599,49.288],[4.612,49.293],[4.646,49.288]]]}},{"type":"Feature","properties":{"code":"08032","nom":"Aussonce","departement":"08","region":"44","epci":"200043156"},"geometry":{"type":"Polygon","coordinates":[[[4.339,49.371],[4.349,49.367],[4.346,49.337],[4.363,49.32],[4.354,49.316],[4.308,49.327],[4.29,49.347],[4.294,49.353],[4.339,49.371]]]}},{"type":"Feature","properties":{"code":"08036","nom":"Autry","departement":"08","region":"44","epci":"240800920"},"geometry":{"type":"Polygon","coordinates":[[[4.83,49.243],[4.812,49.249],[4.791,49.276],[4.835,49.288],[4.866,49.276],[4.871,49.264],[4.83,49.243]]]}},{"type":"Feature","properties":{"code":"08074","nom":"Bouconville","departement":"08","region":"44","epci":"240800920"},"geometry":{"type":"Polygon","coordinates":[[[4.745,49.241],[4.73,49.252],[4.768,49.282],[4.791,49.276],[4.812,49.249],[4.791,49.241],[4.745,49.241]]]}},{"type":"Feature","properties":{"code":"08082","nom":"Brécy-Brières","departement":"08","region":"44","epci":"240800920"},"geometry":{"type":"Polygon","coordinates":[[[4.771,49.319],[4.72,49.331],[4.739,49.339],[4.75,49.352],[4.761,49.337],[4.797,49.331],[4.771,49.319]]]}},{"type":"Feature","properties":{"code":"08092","nom":"Cauroy","departement":"08","region":"44","epci":"240800920"},"geometry":{"type":"Polygon","coordinates":[[[4.433,49.371],[4.453,49.377],[4.481,49.371],[4.487,49.334],[4.464,49.321],[4.459,49.32],[4.448,49.331],[4.424,49.365],[4.433,49.371]]]}},{"type":"Feature","properties":{"code":"08097","nom":"Challerange","departement":"08","region":"44","epci":"240800920"},"geometry":{"type":"Polygon","coordinates":[[[4.74,49.293],[4.713,49.313],[4.716,49.33],[4.72,49.331],[4.771,49.319],[4.772,49.302],[4.775,49.293],[4.765,49.287],[4.74,49.293]]]}},{"type":"Feature","properties":{"code":"08098","nom":"Champigneulle","departement":"08","region":"44","epci":"240800920"},"geometry":{"type":"Polygon","coordinates":[[[4.96,49.358],[4.96,49.357],[4.91,49.336],[4.905,49.339],[4.908,49.361],[4.915,49.364],[4.947,49.363],[4.96,49.358]]]}},{"type":"Feature","properties":{"code":"08109","nom":"Chatel-Chéhéry","departement":"08","region":"44","epci":"240800920"},"geometry":{"type":"Polygon","coordinates":[[[4.964,49.301],[4.992,49.293],[4.993,49.281],[4.964,49.262],[4.934,49.262],[4.913,49.265],[4.906,49.275],[4.964,49.301]]]}},{"type":"Feature","properties":{"code":"08120","nom":"Chevières","departement":"08","region":"44","epci":"240800920"},"geometry":{"type":"Polygon","coordinates":[[[4.91,49.336],[4.911,49.331],[4.892,49.3],[4.874,49.327],[4.905,49.339],[4.91,49.336]]]}},{"type":"Feature","properties":{"code":"08128","nom":"Condé-lès-Autry","departement":"08","region":"44","epci":"240800920"},"geometry":{"type":"Polygon","coordinates":[[[4.827,49.235],[4.83,49.243],[4.871,49.264],[4.876,49.263],[4.866,49.227],[4.827,49.235]]]}},{"type":"Feature","properties":{"code":"08130","nom":"Contreuve","departement":"08","region":"44","epci":"240800920"},"geometry":{"type":"Polygon","coordinates":[[[4.622,49.342],[4.578,49.365],[4.586,49.372],[4.646,49.374],[4.655,49.365],[4.622,49.342]]]}},{"type":"Feature","properties":{"code":"08131","nom":"Cornay","departement":"08","region":"44","epci":"240800920"},"geometry":{"type":"Polygon","coordinates":[[[4.948,49.33],[4.955,49.321],[4.964,49.301],[4.906,49.275],[4.894,49.295],[4.933,49.299],[4.948,49.33]]]}},{"type":"Feature","properties":{"code":"08161","nom":"Exermont","departement":"08","region":"44","epci":"240800920"},"geometry":{"type":"Polygon","coordinates":[[[5.051,49.274],[5.011,49.269],[4.993,49.281],[4.992,49.293],[5.009,49.321],[5.026,49.326],[5.03,49.326],[5.038,49.316],[5.057,49.293],[5.059,49.29],[5.051,49.274]]]}},{"type":"Feature","properties":{"code":"08171","nom":"Fléville","departement":"08","region":"44","epci":"240800920"},"geometry":{"type":"Polygon","coordinates":[[[4.992,49.293],[4.964,49.301],[4.955,49.321],[4.963,49.324],[5.009,49.321],[4.992,49.293]]]}},{"type":"Feature","properties":{"code":"08197","nom":"Grandham","departement":"08","region":"44","epci":"240800920"},"geometry":{"type":"Polygon","coordinates":[[[4.831,49.299],[4.876,49.29],[4.866,49.276],[4.835,49.288],[4.831,49.299]]]}},{"type":"Feature","properties":{"code":"08198","nom":"Grandpré","departement":"08","region":"44","epci":"240800920"},"geometry":{"type":"Polygon","coordinates":[[[4.874,49.387],[4.872,49.366],[4.908,49.361],[4.905,49.339],[4.874,49.327],[4.801,49.309],[4.798,49.331],[4.825,49.354],[4.811,49.376],[4.832,49.381],[4.874,49.387]]]}},{"type":"Feature","properties":{"code":"08220","nom":"Hauviné","departement":"08","region":"44","epci":"240800920"},"geometry":{"type":"Polygon","coordinates":[[[4.448,49.331],[4.459,49.32],[4.453,49.318],[4.429,49.315],[4.408,49.289],[4.376,49.324],[4.448,49.331]]]}},{"type":"Feature","properties":{"code":"08245","nom":"Lançon","departement":"08","region":"44","epci":"240800920"},"geometry":{"type":"Polygon","coordinates":[[[4.876,49.29],[4.894,49.295],[4.906,49.275],[4.913,49.265],[4.876,49.263],[4.871,49.264],[4.866,49.276],[4.876,49.29]]]}},{"type":"Feature","properties":{"code":"08246","nom":"Landres-et-Saint-Georges","departement":"08","region":"44","epci":"240800920"},"geometry":{"type":"Polygon","coordinates":[[[4.984,49.337],[4.96,49.357],[4.96,49.358],[5.004,49.368],[5.026,49.372],[5.06,49.372],[5.028,49.332],[5.03,49.326],[5.026,49.326],[4.984,49.337]]]}},{"type":"Feature","properties":{"code":"08256","nom":"Liry","departement":"08","region":"44","epci":"240800920"},"geometry":{"type":"Polygon","coordinates":[[[4.668,49.325],[4.677,49.32],[4.673,49.301],[4.646,49.288],[4.612,49.293],[4.617,49.312],[4.668,49.325]]]}},{"type":"Feature","properties":{"code":"08264","nom":"Machault","departement":"08","region":"44","epci":"240800920"},"geometry":{"type":"Polygon","coordinates":[[[4.496,49.375],[4.513,49.378],[4.535,49.36],[4.533,49.335],[4.487,49.334],[4.481,49.371],[4.496,49.375]]]}},{"type":"Feature","properties":{"code":"08271","nom":"Manre","departement":"08","region":"44","epci":"240800920"},"geometry":{"type":"Polygon","coordinates":[[[4.69,49.257],[4.67,49.241],[4.619,49.238],[4.611,49.259],[4.647,49.264],[4.652,49.282],[4.685,49.279],[4.69,49.257]]]}},{"type":"Feature","properties":{"code":"08274","nom":"Marcq","departement":"08","region":"44","epci":"240800920"},"geometry":{"type":"Polygon","coordinates":[[[4.911,49.331],[4.948,49.33],[4.933,49.299],[4.894,49.295],[4.892,49.3],[4.911,49.331]]]}},{"type":"Feature","properties":{"code":"08280","nom":"Marvaux-Vieux","departement":"08","region":"44","epci":"240800920"},"geometry":{"type":"Polygon","coordinates":[[[4.652,49.282],[4.646,49.288],[4.673,49.301],[4.736,49.293],[4.718,49.278],[4.685,49.279],[4.652,49.282]]]}},{"type":"Feature","properties":{"code":"08296","nom":"Montcheutin","departement":"08","region":"44","epci":"240800920"},"geometry":{"type":"Polygon","coordinates":[[[4.768,49.282],[4.765,49.287],[4.775,49.293],[4.802,49.298],[4.831,49.299],[4.835,49.288],[4.791,49.276],[4.768,49.282]]]}},{"type":"Feature","properties":{"code":"08303","nom":"Monthois","departement":"08","region":"44","epci":"240800920"},"geometry":{"type":"Polygon","coordinates":[[[4.716,49.33],[4.713,49.313],[4.74,49.293],[4.736,49.293],[4.673,49.301],[4.677,49.32],[4.716,49.33]]]}},{"type":"Feature","properties":{"code":"08308","nom":"Mont-Saint-Martin","departement":"08","region":"44","epci":"240800920"},"geometry":{"type":"Polygon","coordinates":[[[4.622,49.342],[4.672,49.345],[4.668,49.325],[4.617,49.312],[4.622,49.342]]]}},{"type":"Feature","properties":{"code":"08310","nom":"Mouron","departement":"08","region":"44","epci":"240800920"},"geometry":{"type":"Polygon","coordinates":[[[4.793,49.303],[4.772,49.302],[4.771,49.319],[4.797,49.331],[4.798,49.331],[4.801,49.309],[4.793,49.303]]]}},{"type":"Feature","properties":{"code":"08320","nom":"La Neuville-en-Tourne-à-Fuy","departement":"08","region":"44","epci":"200043156"},"geometry":{"type":"Polygon","coordinates":[[[4.376,49.324],[4.363,49.32],[4.346,49.337],[4.349,49.367],[4.411,49.372],[4.424,49.365],[4.448,49.331],[4.376,49.324]]]}},{"type":"Feature","properties":{"code":"08333","nom":"Olizy-Primat","departement":"08","region":"44","epci":"240800920"},"geometry":{"type":"Polygon","coordinates":[[[4.798,49.331],[4.797,49.331],[4.761,49.337],[4.75,49.352],[4.744,49.369],[4.762,49.382],[4.811,49.376],[4.825,49.354],[4.798,49.331]]]}},{"type":"Feature","properties":{"code":"08378","nom":"Saint-Clément-à-Arnes","departement":"08","region":"44","epci":"240800920"},"geometry":{"type":"Polygon","coordinates":[[[4.447,49.273],[4.447,49.273],[4.409,49.287],[4.408,49.289],[4.429,49.315],[4.453,49.318],[4.454,49.276],[4.447,49.273]]]}},{"type":"Feature","properties":{"code":"08379","nom":"Saint-Étienne-à-Arnes","departement":"08","region":"44","epci":"240800920"},"geometry":{"type":"Polygon","coordinates":[[[4.533,49.335],[4.557,49.295],[4.516,49.282],[4.492,49.281],[4.484,49.28],[4.464,49.321],[4.487,49.334],[4.533,49.335]]]}},{"type":"Feature","properties":{"code":"08383","nom":"Saint-Juvin","departement":"08","region":"44","epci":"240800920"},"geometry":{"type":"Polygon","coordinates":[[[4.948,49.33],[4.911,49.331],[4.91,49.336],[4.96,49.357],[4.984,49.337],[4.963,49.324],[4.955,49.321],[4.948,49.33]]]}},{"type":"Feature","properties":{"code":"08392","nom":"Saint-Morel","departement":"08","region":"44","epci":"240800920"},"geometry":{"type":"Polygon","coordinates":[[[4.692,49.36],[4.739,49.339],[4.72,49.331],[4.716,49.33],[4.677,49.32],[4.668,49.325],[4.672,49.345],[4.692,49.36]]]}},{"type":"Feature","properties":{"code":"08393","nom":"Saint-Pierre-à-Arnes","departement":"08","region":"44","epci":"240800920"},"geometry":{"type":"Polygon","coordinates":[[[4.484,49.28],[4.454,49.276],[4.453,49.318],[4.459,49.32],[4.464,49.321],[4.484,49.28]]]}},{"type":"Feature","properties":{"code":"08406","nom":"Savigny-sur-Aisne","departement":"08","region":"44","epci":"240800920"},"geometry":{"type":"Polygon","coordinates":[[[4.692,49.36],[4.694,49.365],[4.691,49.375],[4.715,49.375],[4.744,49.369],[4.75,49.352],[4.739,49.339],[4.692,49.36]]]}},{"type":"Feature","properties":{"code":"08407","nom":"Séchault","departement":"08","region":"44","epci":"240800920"},"geometry":{"type":"Polygon","coordinates":[[[4.718,49.251],[4.704,49.255],[4.718,49.278],[4.736,49.293],[4.74,49.293],[4.765,49.287],[4.768,49.282],[4.73,49.252],[4.718,49.251]]]}},{"type":"Feature","properties":{"code":"08410","nom":"Semide","departement":"08","region":"44","epci":"240800920"},"geometry":{"type":"Polygon","coordinates":[[[4.578,49.365],[4.622,49.342],[4.622,49.342],[4.617,49.312],[4.612,49.293],[4.599,49.288],[4.557,49.295],[4.533,49.335],[4.535,49.36],[4.578,49.365]]]}},{"type":"Feature","properties":{"code":"08412","nom":"Senuc","departement":"08","region":"44","epci":"240800920"},"geometry":{"type":"Polygon","coordinates":[[[4.894,49.295],[4.876,49.29],[4.831,49.299],[4.802,49.298],[4.793,49.303],[4.801,49.309],[4.874,49.327],[4.892,49.3],[4.894,49.295]]]}},{"type":"Feature","properties":{"code":"08425","nom":"Sommerance","departement":"08","region":"44","epci":"240800920"},"geometry":{"type":"Polygon","coordinates":[[[4.984,49.337],[5.026,49.326],[5.009,49.321],[4.963,49.324],[4.984,49.337]]]}},{"type":"Feature","properties":{"code":"08431","nom":"Sugny","departement":"08","region":"44","epci":"240800920"},"geometry":{"type":"Polygon","coordinates":[[[4.694,49.365],[4.692,49.36],[4.672,49.345],[4.622,49.342],[4.622,49.342],[4.655,49.365],[4.694,49.365]]]}},{"type":"Feature","properties":{"code":"08464","nom":"Vaux-lès-Mouron","departement":"08","region":"44","epci":"240800920"},"geometry":{"type":"Polygon","coordinates":[[[4.772,49.302],[4.793,49.303],[4.802,49.298],[4.775,49.293],[4.772,49.302]]]}},{"type":"Feature","properties":{"code":"10002","nom":"Ailleville","departement":"10","region":"44","epci":"241000405"},"geometry":{"type":"Polygon","coordinates":[[[4.679,48.246],[4.666,48.248],[4.714,48.269],[4.715,48.26],[4.679,48.246]]]}},{"type":"Feature","properties":{"code":"10005","nom":"Amance","departement":"10","region":"44","epci":"200066892"},"geometry":{"type":"Polygon","coordinates":[[[4.464,48.302],[4.502,48.297],[4.514,48.315],[4.55,48.298],[4.546,48.286],[4.507,48.273],[4.489,48.282],[4.457,48.274],[4.417,48.291],[4.434,48.308],[4.464,48.302]]]}},{"type":"Feature","properties":{"code":"10007","nom":"Arconville","departement":"10","region":"44","epci":"241000405"},"geometry":{"type":"Polygon","coordinates":[[[4.695,48.157],[4.707,48.173],[4.743,48.172],[4.76,48.159],[4.741,48.14],[4.717,48.138],[4.695,48.157]]]}},{"type":"Feature","properties":{"code":"10008","nom":"Argançon","departement":"10","region":"44","epci":"200066892"},"geometry":{"type":"Polygon","coordinates":[[[4.619,48.256],[4.631,48.246],[4.627,48.243],[4.584,48.235],[4.564,48.261],[4.563,48.264],[4.583,48.267],[4.619,48.256]]]}},{"type":"Feature","properties":{"code":"10009","nom":"Arrelles","departement":"10","region":"44","epci":"200069003"},"geometry":{"type":"Polygon","coordinates":[[[4.316,48.065],[4.329,48.06],[4.313,48.057],[4.245,48.016],[4.238,48.025],[4.24,48.04],[4.282,48.063],[4.316,48.065]]]}},{"type":"Feature","properties":{"code":"10010","nom":"Arrembécourt","departement":"10","region":"44","epci":"200040137"},"geometry":{"type":"Polygon","coordinates":[[[4.641,48.554],[4.635,48.544],[4.591,48.527],[4.581,48.548],[4.641,48.554]]]}},{"type":"Feature","properties":{"code":"10011","nom":"Arrentières","departement":"10","region":"44","epci":"241000405"},"geometry":{"type":"Polygon","coordinates":[[[4.765,48.251],[4.755,48.243],[4.715,48.26],[4.714,48.269],[4.716,48.28],[4.736,48.294],[4.753,48.294],[4.764,48.264],[4.765,48.251]]]}},{"type":"Feature","properties":{"code":"10012","nom":"Arsonval","departement":"10","region":"44","epci":"241000405"},"geometry":{"type":"Polygon","coordinates":[[[4.632,48.279],[4.634,48.281],[4.667,48.299],[4.671,48.293],[4.672,48.287],[4.654,48.264],[4.619,48.256],[4.632,48.279]]]}},{"type":"Feature","properties":{"code":"10017","nom":"Aulnay","departement":"10","region":"44","epci":"200040137"},"geometry":{"type":"Polygon","coordinates":[[[4.395,48.469],[4.385,48.485],[4.427,48.496],[4.437,48.498],[4.444,48.48],[4.428,48.464],[4.408,48.457],[4.395,48.469]]]}},{"type":"Feature","properties":{"code":"10019","nom":"Val-d'Auzon","departement":"10","region":"44","epci":"241000223"},"geometry":{"type":"Polygon","coordinates":[[[4.364,48.43],[4.39,48.415],[4.386,48.395],[4.415,48.375],[4.387,48.364],[4.358,48.39],[4.315,48.396],[4.308,48.41],[4.323,48.427],[4.364,48.43]]]}},{"type":"Feature","properties":{"code":"10021","nom":"Avant-lès-Ramerupt","departement":"10","region":"44","epci":"241000223"},"geometry":{"type":"Polygon","coordinates":[[[4.247,48.477],[4.223,48.451],[4.238,48.442],[4.296,48.465],[4.301,48.467],[4.312,48.46],[4.316,48.441],[4.235,48.425],[4.202,48.45],[4.247,48.477]]]}},{"type":"Feature","properties":{"code":"10022","nom":"Avirey-Lingey","departement":"10","region":"44","epci":"200069003"},"geometry":{"type":"Polygon","coordinates":[[[4.313,48.057],[4.317,48.048],[4.338,48.022],[4.33,48.014],[4.244,48.014],[4.245,48.016],[4.313,48.057]]]}},{"type":"Feature","properties":{"code":"10026","nom":"Bailly-le-Franc","departement":"10","region":"44","epci":"200040137"},"geometry":{"type":"Polygon","coordinates":[[[4.666,48.511],[4.643,48.513],[4.651,48.537],[4.67,48.532],[4.666,48.511]]]}},{"type":"Feature","properties":{"code":"10027","nom":"Balignicourt","departement":"10","region":"44","epci":"200040137"},"geometry":{"type":"Polygon","coordinates":[[[4.424,48.554],[4.428,48.553],[4.464,48.548],[4.49,48.515],[4.475,48.508],[4.457,48.504],[4.422,48.548],[4.424,48.554]]]}},{"type":"Feature","properties":{"code":"10032","nom":"Baroville","departement":"10","region":"44","epci":"241000405"},"geometry":{"type":"Polygon","coordinates":[[[4.76,48.159],[4.743,48.172],[4.707,48.173],[4.702,48.189],[4.7,48.195],[4.74,48.206],[4.758,48.182],[4.779,48.175],[4.76,48.159]]]}},{"type":"Feature","properties":{"code":"10033","nom":"Bar-sur-Aube","departement":"10","region":"44","epci":"241000405"},"geometry":{"type":"Polygon","coordinates":[[[4.715,48.26],[4.755,48.243],[4.746,48.221],[4.733,48.222],[4.7,48.207],[4.682,48.219],[4.679,48.246],[4.715,48.26]]]}},{"type":"Feature","properties":{"code":"10034","nom":"Bar-sur-Seine","departement":"10","region":"44","epci":"200069003"},"geometry":{"type":"Polygon","coordinates":[[[4.394,48.086],[4.393,48.08],[4.338,48.084],[4.326,48.089],[4.34,48.116],[4.406,48.149],[4.428,48.145],[4.43,48.142],[4.411,48.119],[4.423,48.104],[4.394,48.086]]]}},{"type":"Feature","properties":{"code":"10035","nom":"Bayel","departement":"10","region":"44","epci":"241000405"},"geometry":{"type":"Polygon","coordinates":[[[4.74,48.206],[4.733,48.222],[4.746,48.221],[4.752,48.219],[4.795,48.212],[4.832,48.191],[4.856,48.193],[4.856,48.193],[4.847,48.18],[4.81,48.168],[4.784,48.174],[4.779,48.175],[4.758,48.182],[4.74,48.206]]]}},{"type":"Feature","properties":{"code":"10039","nom":"Bergères","departement":"10","region":"44","epci":"241000405"},"geometry":{"type":"Polygon","coordinates":[[[4.657,48.196],[4.7,48.183],[4.672,48.174],[4.648,48.183],[4.647,48.187],[4.657,48.196]]]}},{"type":"Feature","properties":{"code":"10041","nom":"Bertignolles","departement":"10","region":"44","epci":"200069003"},"geometry":{"type":"Polygon","coordinates":[[[4.517,48.162],[4.53,48.129],[4.51,48.112],[4.499,48.11],[4.507,48.136],[4.494,48.162],[4.508,48.164],[4.517,48.162]]]}},{"type":"Feature","properties":{"code":"10044","nom":"Bétignicourt","departement":"10","region":"44","epci":"200040137"},"geometry":{"type":"Polygon","coordinates":[[[4.451,48.439],[4.44,48.445],[4.445,48.458],[4.466,48.459],[4.471,48.448],[4.471,48.448],[4.451,48.439]]]}},{"type":"Feature","properties":{"code":"10045","nom":"Beurey","departement":"10","region":"44","epci":"200066892"},"geometry":{"type":"Polygon","coordinates":[[[4.497,48.195],[4.508,48.164],[4.494,48.162],[4.471,48.151],[4.45,48.157],[4.438,48.18],[4.462,48.199],[4.489,48.195],[4.497,48.195]]]}},{"type":"Feature","properties":{"code":"10046","nom":"Blaincourt-sur-Aube","departement":"10","region":"44","epci":"200040137"},"geometry":{"type":"Polygon","coordinates":[[[4.472,48.384],[4.471,48.382],[4.438,48.369],[4.436,48.381],[4.453,48.403],[4.467,48.386],[4.472,48.384]]]}},{"type":"Feature","properties":{"code":"10047","nom":"Blignicourt","departement":"10","region":"44","epci":"200040137"},"geometry":{"type":"Polygon","coordinates":[[[4.529,48.468],[4.537,48.468],[4.561,48.452],[4.558,48.439],[4.542,48.444],[4.529,48.468]]]}},{"type":"Feature","properties":{"code":"10048","nom":"Bligny","departement":"10","region":"44","epci":"241000405"},"geometry":{"type":"Polygon","coordinates":[[[4.615,48.143],[4.59,48.168],[4.543,48.179],[4.566,48.196],[4.647,48.187],[4.648,48.183],[4.653,48.154],[4.615,48.143]]]}},{"type":"Feature","properties":{"code":"10050","nom":"Bossancourt","departement":"10","region":"44","epci":"200066892"},"geometry":{"type":"Polygon","coordinates":[[[4.634,48.281],[4.632,48.279],[4.583,48.267],[4.593,48.286],[4.618,48.297],[4.634,48.281]]]}},{"type":"Feature","properties":{"code":"10055","nom":"Bourguignons","departement":"10","region":"44","epci":"200069003"},"geometry":{"type":"Polygon","coordinates":[[[4.353,48.165],[4.361,48.165],[4.394,48.156],[4.406,48.149],[4.34,48.116],[4.329,48.121],[4.335,48.142],[4.342,48.161],[4.353,48.165]]]}},{"type":"Feature","properties":{"code":"10059","nom":"Braux","departement":"10","region":"44","epci":"200040137"},"geometry":{"type":"Polygon","coordinates":[[[4.466,48.459],[4.445,48.458],[4.428,48.464],[4.444,48.48],[4.437,48.498],[4.457,48.504],[4.475,48.508],[4.495,48.494],[4.469,48.461],[4.466,48.459]]]}},{"type":"Feature","properties":{"code":"10061","nom":"Brévonnes","departement":"10","region":"44","epci":"241000223"},"geometry":{"type":"Polygon","coordinates":[[[4.435,48.331],[4.426,48.321],[4.396,48.325],[4.369,48.349],[4.387,48.364],[4.415,48.375],[4.437,48.367],[4.435,48.331]]]}},{"type":"Feature","properties":{"code":"10062","nom":"Briel-sur-Barse","departement":"10","region":"44","epci":"200069003"},"geometry":{"type":"Polygon","coordinates":[[[4.375,48.231],[4.383,48.221],[4.352,48.19],[4.323,48.211],[4.335,48.219],[4.347,48.231],[4.375,48.231]]]}},{"type":"Feature","properties":{"code":"10063","nom":"Brienne-la-Vieille","departement":"10","region":"44","epci":"200040137"},"geometry":{"type":"Polygon","coordinates":[[[4.588,48.384],[4.597,48.371],[4.566,48.361],[4.562,48.359],[4.554,48.356],[4.525,48.357],[4.488,48.369],[4.484,48.374],[4.512,48.384],[4.585,48.39],[4.588,48.384]]]}},{"type":"Feature","properties":{"code":"10064","nom":"Brienne-le-Château","departement":"10","region":"44","epci":"200040137"},"geometry":{"type":"Polygon","coordinates":[[[4.574,48.425],[4.582,48.41],[4.585,48.39],[4.512,48.384],[4.484,48.374],[4.471,48.382],[4.472,48.384],[4.551,48.419],[4.56,48.422],[4.574,48.425]]]}},{"type":"Feature","properties":{"code":"10065","nom":"Brillecourt","departement":"10","region":"44","epci":"200071777"},"geometry":{"type":"Polygon","coordinates":[[[4.375,48.49],[4.385,48.485],[4.395,48.469],[4.357,48.466],[4.356,48.468],[4.351,48.483],[4.375,48.49]]]}},{"type":"Feature","properties":{"code":"10068","nom":"Buxeuil","departement":"10","region":"44","epci":"200069003"},"geometry":{"type":"Polygon","coordinates":[[[4.436,48.058],[4.383,48.047],[4.415,48.062],[4.436,48.058]]]}},{"type":"Feature","properties":{"code":"10069","nom":"Buxières-sur-Arce","departement":"10","region":"44","epci":"200069003"},"geometry":{"type":"Polygon","coordinates":[[[4.428,48.145],[4.45,48.157],[4.471,48.151],[4.471,48.116],[4.43,48.142],[4.428,48.145]]]}},{"type":"Feature","properties":{"code":"10070","nom":"Celles-sur-Ource","departement":"10","region":"44","epci":"200069003"},"geometry":{"type":"Polygon","coordinates":[[[4.393,48.08],[4.394,48.086],[4.432,48.086],[4.449,48.086],[4.438,48.053],[4.436,48.058],[4.415,48.062],[4.395,48.073],[4.393,48.08]]]}},{"type":"Feature","properties":{"code":"10071","nom":"Chacenay","departement":"10","region":"44","epci":"200069003"},"geometry":{"type":"Polygon","coordinates":[[[4.528,48.082],[4.528,48.082],[4.524,48.101],[4.51,48.112],[4.53,48.129],[4.554,48.113],[4.528,48.082]]]}},{"type":"Feature","properties":{"code":"10072","nom":"La Chaise","departement":"10","region":"44","epci":"200066892"},"geometry":{"type":"Polygon","coordinates":[[[4.669,48.33],[4.667,48.347],[4.633,48.36],[4.679,48.378],[4.698,48.369],[4.678,48.332],[4.669,48.33]]]}},{"type":"Feature","properties":{"code":"10073","nom":"Chalette-sur-Voire","departement":"10","region":"44","epci":"200040137"},"geometry":{"type":"Polygon","coordinates":[[[4.406,48.445],[4.398,48.448],[4.408,48.457],[4.428,48.464],[4.445,48.458],[4.44,48.445],[4.406,48.445]]]}},{"type":"Feature","properties":{"code":"10076","nom":"Champignol-lez-Mondeville","departement":"10","region":"44","epci":"241000405"},"geometry":{"type":"Polygon","coordinates":[[[4.707,48.095],[4.691,48.086],[4.685,48.099],[4.646,48.102],[4.626,48.119],[4.615,48.143],[4.653,48.154],[4.695,48.157],[4.717,48.138],[4.741,48.14],[4.732,48.119],[4.707,48.095]]]}},{"type":"Feature","properties":{"code":"10078","nom":"Champ-sur-Barse","departement":"10","region":"44","epci":"200066892"},"geometry":{"type":"Polygon","coordinates":[[[4.418,48.218],[4.389,48.223],[4.414,48.266],[4.422,48.269],[4.418,48.218]]]}},{"type":"Feature","properties":{"code":"10092","nom":"Chauffour-lès-Bailly","departement":"10","region":"44","epci":"200069003"},"geometry":{"type":"Polygon","coordinates":[[[4.355,48.172],[4.353,48.165],[4.342,48.161],[4.304,48.17],[4.28,48.167],[4.281,48.188],[4.275,48.204],[4.322,48.211],[4.336,48.178],[4.34,48.169],[4.355,48.172]]]}},{"type":"Feature","properties":{"code":"10093","nom":"Chaumesnil","departement":"10","region":"44","epci":"200066892"},"geometry":{"type":"Polygon","coordinates":[[[4.566,48.361],[4.597,48.371],[4.633,48.36],[4.667,48.347],[4.581,48.354],[4.566,48.361]]]}},{"type":"Feature","properties":{"code":"10094","nom":"Chavanges","departement":"10","region":"44","epci":"200040137"},"geometry":{"type":"Polygon","coordinates":[[[4.521,48.545],[4.531,48.53],[4.581,48.548],[4.591,48.527],[4.637,48.512],[4.591,48.491],[4.584,48.492],[4.542,48.507],[4.525,48.498],[4.52,48.499],[4.512,48.506],[4.521,48.545]]]}},{"type":"Feature","properties":{"code":"10097","nom":"Chervey","departement":"10","region":"44","epci":"200069003"},"geometry":{"type":"Polygon","coordinates":[[[4.499,48.11],[4.484,48.106],[4.471,48.116],[4.471,48.151],[4.494,48.162],[4.507,48.136],[4.499,48.11]]]}},{"type":"Feature","properties":{"code":"10101","nom":"Coclois","departement":"10","region":"44","epci":"200071777"},"geometry":{"type":"Polygon","coordinates":[[[4.344,48.487],[4.351,48.483],[4.356,48.468],[4.312,48.46],[4.301,48.467],[4.344,48.487]]]}},{"type":"Feature","properties":{"code":"10102","nom":"Colombé-la-Fosse","departement":"10","region":"44","epci":"200066892"},"geometry":{"type":"Polygon","coordinates":[[[4.774,48.251],[4.765,48.251],[4.764,48.264],[4.784,48.281],[4.807,48.287],[4.816,48.29],[4.816,48.285],[4.818,48.272],[4.774,48.251]]]}},{"type":"Feature","properties":{"code":"10103","nom":"Colombé-le-Sec","departement":"10","region":"44","epci":"241000405"},"geometry":{"type":"Polygon","coordinates":[[[4.79,48.237],[4.774,48.251],[4.818,48.272],[4.816,48.285],[4.827,48.254],[4.796,48.235],[4.79,48.237]]]}},{"type":"Feature","properties":{"code":"10105","nom":"Courcelles-sur-Voire","departement":"10","region":"44","epci":"200040137"},"geometry":{"type":"Polygon","coordinates":[[[4.529,48.468],[4.519,48.483],[4.513,48.498],[4.52,48.499],[4.525,48.498],[4.549,48.473],[4.537,48.468],[4.529,48.468]]]}},{"type":"Feature","properties":{"code":"10109","nom":"Courtenot","departement":"10","region":"44","epci":"200069003"},"geometry":{"type":"Polygon","coordinates":[[[4.335,48.142],[4.28,48.143],[4.304,48.17],[4.342,48.161],[4.335,48.142]]]}},{"type":"Feature","properties":{"code":"10113","nom":"Couvignon","departement":"10","region":"44","epci":"241000405"},"geometry":{"type":"Polygon","coordinates":[[[4.7,48.183],[4.657,48.196],[4.645,48.22],[4.66,48.221],[4.682,48.219],[4.7,48.207],[4.7,48.195],[4.702,48.189],[4.7,48.183]]]}},{"type":"Feature","properties":{"code":"10117","nom":"Crespy-le-Neuf","departement":"10","region":"44","epci":"200066892"},"geometry":{"type":"Polygon","coordinates":[[[4.588,48.384],[4.585,48.39],[4.582,48.41],[4.643,48.411],[4.639,48.396],[4.588,48.384]]]}},{"type":"Feature","properties":{"code":"10119","nom":"Cunfin","departement":"10","region":"44","epci":"200069003"},"geometry":{"type":"Polygon","coordinates":[[[4.622,48.024],[4.617,48.031],[4.63,48.054],[4.661,48.077],[4.69,48.073],[4.723,48.046],[4.704,48.02],[4.673,48.015],[4.622,48.024]]]}},{"type":"Feature","properties":{"code":"10121","nom":"Dampierre","departement":"10","region":"44","epci":"200071777"},"geometry":{"type":"Polygon","coordinates":[[[4.35,48.598],[4.424,48.554],[4.422,48.548],[4.397,48.537],[4.39,48.535],[4.376,48.533],[4.326,48.56],[4.326,48.575],[4.331,48.602],[4.35,48.598]]]}},{"type":"Feature","properties":{"code":"10123","nom":"Dienville","departement":"10","region":"44","epci":"200040137"},"geometry":{"type":"Polygon","coordinates":[[[4.514,48.315],[4.502,48.297],[4.464,48.302],[4.487,48.317],[4.488,48.337],[4.525,48.357],[4.554,48.356],[4.555,48.337],[4.514,48.315]]]}},{"type":"Feature","properties":{"code":"10126","nom":"Dolancourt","departement":"10","region":"44","epci":"200066892"},"geometry":{"type":"Polygon","coordinates":[[[4.619,48.256],[4.619,48.256],[4.583,48.267],[4.632,48.279],[4.619,48.256]]]}},{"type":"Feature","properties":{"code":"10127","nom":"Dommartin-le-Coq","departement":"10","region":"44","epci":"200071777"},"geometry":{"type":"Polygon","coordinates":[[[4.364,48.514],[4.375,48.49],[4.351,48.483],[4.344,48.487],[4.333,48.495],[4.353,48.509],[4.364,48.514]]]}},{"type":"Feature","properties":{"code":"10128","nom":"Donnement","departement":"10","region":"44","epci":"200040137"},"geometry":{"type":"Polygon","coordinates":[[[4.397,48.537],[4.422,48.548],[4.457,48.504],[4.437,48.498],[4.427,48.496],[4.397,48.537]]]}},{"type":"Feature","properties":{"code":"10129","nom":"Dosches","departement":"10","region":"44","epci":"241000223"},"geometry":{"type":"Polygon","coordinates":[[[4.27,48.297],[4.222,48.325],[4.236,48.338],[4.275,48.334],[4.29,48.319],[4.288,48.308],[4.335,48.282],[4.27,48.297]]]}},{"type":"Feature","properties":{"code":"10130","nom":"Dosnon","departement":"10","region":"44","epci":"200071777"},"geometry":{"type":"Polygon","coordinates":[[[4.182,48.624],[4.229,48.621],[4.269,48.632],[4.293,48.629],[4.324,48.644],[4.325,48.642],[4.33,48.636],[4.315,48.616],[4.282,48.609],[4.227,48.602],[4.199,48.582],[4.182,48.592],[4.167,48.6],[4.182,48.624]]]}},{"type":"Feature","properties":{"code":"10135","nom":"Éclance","departement":"10","region":"44","epci":"200066892"},"geometry":{"type":"Polygon","coordinates":[[[4.667,48.299],[4.634,48.281],[4.618,48.297],[4.627,48.322],[4.665,48.328],[4.667,48.299]]]}},{"type":"Feature","properties":{"code":"10136","nom":"Éguilly-sous-Bois","departement":"10","region":"44","epci":"200069003"},"geometry":{"type":"Polygon","coordinates":[[[4.53,48.129],[4.517,48.162],[4.534,48.162],[4.562,48.112],[4.554,48.113],[4.53,48.129]]]}},{"type":"Feature","properties":{"code":"10137","nom":"Engente","departement":"10","region":"44","epci":"241000405"},"geometry":{"type":"Polygon","coordinates":[[[4.763,48.293],[4.784,48.281],[4.764,48.264],[4.753,48.294],[4.763,48.293]]]}},{"type":"Feature","properties":{"code":"10138","nom":"Épagne","departement":"10","region":"44","epci":"200040137"},"geometry":{"type":"Polygon","coordinates":[[[4.453,48.403],[4.451,48.408],[4.487,48.406],[4.467,48.386],[4.453,48.403]]]}},{"type":"Feature","properties":{"code":"10139","nom":"Épothémont","departement":"10","region":"44","epci":"200066892"},"geometry":{"type":"Polygon","coordinates":[[[4.644,48.419],[4.651,48.427],[4.677,48.436],[4.68,48.417],[4.668,48.4],[4.662,48.393],[4.639,48.396],[4.643,48.411],[4.644,48.419]]]}},{"type":"Feature","properties":{"code":"10141","nom":"Essoyes","departement":"10","region":"44","epci":"200069003"},"geometry":{"type":"Polygon","coordinates":[[[4.528,48.082],[4.528,48.082],[4.566,48.088],[4.594,48.066],[4.583,48.052],[4.544,48.037],[4.555,48.012],[4.536,48.007],[4.508,48.02],[4.496,48.021],[4.493,48.041],[4.523,48.064],[4.528,48.082]]]}},{"type":"Feature","properties":{"code":"10150","nom":"Fontaine","departement":"10","region":"44","epci":"241000405"},"geometry":{"type":"Polygon","coordinates":[[[4.733,48.222],[4.74,48.206],[4.7,48.195],[4.7,48.207],[4.733,48.222]]]}},{"type":"Feature","properties":{"code":"10155","nom":"Fontette","departement":"10","region":"44","epci":"200069003"},"geometry":{"type":"Polygon","coordinates":[[[4.658,48.079],[4.661,48.077],[4.63,48.054],[4.594,48.066],[4.566,48.088],[4.59,48.096],[4.63,48.092],[4.658,48.079]]]}},{"type":"Feature","properties":{"code":"10158","nom":"Fouchères","departement":"10","region":"44","epci":"200069003"},"geometry":{"type":"Polygon","coordinates":[[[4.275,48.135],[4.247,48.142],[4.28,48.167],[4.304,48.17],[4.28,48.143],[4.275,48.135]]]}},{"type":"Feature","properties":{"code":"10159","nom":"Fralignes","departement":"10","region":"44","epci":"200069003"},"geometry":{"type":"Polygon","coordinates":[[[4.394,48.156],[4.361,48.165],[4.365,48.174],[4.393,48.171],[4.394,48.156]]]}},{"type":"Feature","properties":{"code":"10160","nom":"Fravaux","departement":"10","region":"44","epci":"241000405"},"geometry":{"type":"Polygon","coordinates":[[[4.631,48.246],[4.655,48.24],[4.653,48.225],[4.627,48.243],[4.631,48.246]]]}},{"type":"Feature","properties":{"code":"10161","nom":"Fresnay","departement":"10","region":"44","epci":"200066892"},"geometry":{"type":"Polygon","coordinates":[[[4.783,48.321],[4.779,48.311],[4.763,48.293],[4.753,48.294],[4.736,48.294],[4.739,48.309],[4.772,48.325],[4.783,48.321]]]}},{"type":"Feature","properties":{"code":"10163","nom":"Fuligny","departement":"10","region":"44","epci":"200066892"},"geometry":{"type":"Polygon","coordinates":[[[4.698,48.319],[4.678,48.332],[4.698,48.369],[4.7,48.363],[4.719,48.317],[4.698,48.319]]]}},{"type":"Feature","properties":{"code":"10165","nom":"Géraudot","departement":"10","region":"44","epci":"241000223"},"geometry":{"type":"Polygon","coordinates":[[[4.341,48.275],[4.335,48.282],[4.288,48.308],[4.29,48.319],[4.32,48.332],[4.348,48.32],[4.352,48.273],[4.341,48.275]]]}},{"type":"Feature","properties":{"code":"10170","nom":"Gyé-sur-Seine","departement":"10","region":"44","epci":"200069003"},"geometry":{"type":"Polygon","coordinates":[[[4.403,48.005],[4.423,48.038],[4.455,48.052],[4.476,48.047],[4.493,48.041],[4.443,48.023],[4.451,47.991],[4.448,47.977],[4.447,47.962],[4.419,47.974],[4.403,48.005]]]}},{"type":"Feature","properties":{"code":"10171","nom":"Hampigny","departement":"10","region":"44","epci":"200040137"},"geometry":{"type":"Polygon","coordinates":[[[4.58,48.475],[4.6,48.471],[4.627,48.468],[4.636,48.457],[4.589,48.449],[4.571,48.463],[4.58,48.475]]]}},{"type":"Feature","properties":{"code":"10174","nom":"Isle-Aubigny","departement":"10","region":"44","epci":"200071777"},"geometry":{"type":"Polygon","coordinates":[[[4.311,48.549],[4.273,48.516],[4.264,48.508],[4.248,48.519],[4.239,48.527],[4.252,48.544],[4.293,48.569],[4.326,48.575],[4.326,48.56],[4.311,48.549]]]}},{"type":"Feature","properties":{"code":"10175","nom":"Jasseines","departement":"10","region":"44","epci":"200040137"},"geometry":{"type":"Polygon","coordinates":[[[4.385,48.485],[4.375,48.49],[4.364,48.514],[4.39,48.535],[4.397,48.537],[4.427,48.496],[4.385,48.485]]]}},{"type":"Feature","properties":{"code":"10176","nom":"Jaucourt","departement":"10","region":"44","epci":"241000405"},"geometry":{"type":"Polygon","coordinates":[[[4.665,48.249],[4.655,48.24],[4.631,48.246],[4.619,48.256],[4.619,48.256],[4.654,48.264],[4.665,48.249]]]}},{"type":"Feature","properties":{"code":"10178","nom":"Jessains","departement":"10","region":"44","epci":"200066892"},"geometry":{"type":"Polygon","coordinates":[[[4.583,48.267],[4.563,48.264],[4.546,48.286],[4.55,48.298],[4.572,48.307],[4.593,48.286],[4.583,48.267]]]}},{"type":"Feature","properties":{"code":"10180","nom":"Joncreuil","departement":"10","region":"44","epci":"200040137"},"geometry":{"type":"Polygon","coordinates":[[[4.635,48.544],[4.651,48.537],[4.643,48.513],[4.637,48.512],[4.591,48.527],[4.635,48.544]]]}},{"type":"Feature","properties":{"code":"10181","nom":"Jully-sur-Sarce","departement":"10","region":"44","epci":"200069003"},"geometry":{"type":"Polygon","coordinates":[[[4.326,48.089],[4.296,48.095],[4.253,48.08],[4.252,48.081],[4.23,48.098],[4.231,48.108],[4.223,48.122],[4.245,48.142],[4.247,48.142],[4.275,48.135],[4.296,48.12],[4.329,48.121],[4.34,48.116],[4.326,48.089]]]}},{"type":"Feature","properties":{"code":"10182","nom":"Juvancourt","departement":"10","region":"44","epci":"241000405"},"geometry":{"type":"Polygon","coordinates":[[[4.833,48.118],[4.834,48.105],[4.787,48.109],[4.8,48.135],[4.829,48.129],[4.833,48.118]]]}},{"type":"Feature","properties":{"code":"10183","nom":"Juvanzé","departement":"10","region":"44","epci":"200040137"},"geometry":{"type":"Polygon","coordinates":[[[4.575,48.328],[4.612,48.324],[4.572,48.316],[4.575,48.328]]]}},{"type":"Feature","properties":{"code":"10184","nom":"Juzanvigny","departement":"10","region":"44","epci":"200066892"},"geometry":{"type":"Polygon","coordinates":[[[4.582,48.41],[4.574,48.425],[4.644,48.419],[4.643,48.411],[4.582,48.41]]]}},{"type":"Feature","properties":{"code":"10187","nom":"Landreville","departement":"10","region":"44","epci":"200069003"},"geometry":{"type":"Polygon","coordinates":[[[4.482,48.104],[4.494,48.084],[4.476,48.047],[4.455,48.052],[4.438,48.053],[4.449,48.086],[4.482,48.104]]]}},{"type":"Feature","properties":{"code":"10189","nom":"Lassicourt","departement":"10","region":"44","epci":"200040137"},"geometry":{"type":"Polygon","coordinates":[[[4.501,48.422],[4.471,48.448],[4.471,48.448],[4.495,48.451],[4.521,48.437],[4.528,48.429],[4.501,48.422]]]}},{"type":"Feature","properties":{"code":"10192","nom":"Lentilles","departement":"10","region":"44","epci":"200040137"},"geometry":{"type":"Polygon","coordinates":[[[4.643,48.513],[4.666,48.511],[4.653,48.471],[4.627,48.468],[4.6,48.471],[4.591,48.491],[4.637,48.512],[4.643,48.513]]]}},{"type":"Feature","properties":{"code":"10193","nom":"Lesmont","departement":"10","region":"44","epci":"200040137"},"geometry":{"type":"Polygon","coordinates":[[[4.406,48.445],[4.44,48.445],[4.451,48.439],[4.462,48.429],[4.433,48.418],[4.423,48.412],[4.399,48.418],[4.406,48.445]]]}},{"type":"Feature","properties":{"code":"10194","nom":"Lévigny","departement":"10","region":"44","epci":"200066892"},"geometry":{"type":"Polygon","coordinates":[[[4.739,48.309],[4.736,48.294],[4.716,48.28],[4.672,48.287],[4.671,48.293],[4.698,48.319],[4.719,48.317],[4.739,48.309]]]}},{"type":"Feature","properties":{"code":"10195","nom":"Lhuître","departement":"10","region":"44","epci":"200071777"},"geometry":{"type":"Polygon","coordinates":[[[4.315,48.616],[4.331,48.602],[4.326,48.575],[4.293,48.569],[4.252,48.544],[4.218,48.564],[4.21,48.572],[4.282,48.609],[4.315,48.616]]]}},{"type":"Feature","properties":{"code":"10197","nom":"Lignol-le-Château","departement":"10","region":"44","epci":"241000405"},"geometry":{"type":"Polygon","coordinates":[[[4.856,48.193],[4.832,48.191],[4.795,48.212],[4.752,48.219],[4.79,48.237],[4.796,48.235],[4.836,48.222],[4.861,48.211],[4.856,48.193]]]}},{"type":"Feature","properties":{"code":"10199","nom":"Loches-sur-Ource","departement":"10","region":"44","epci":"200069003"},"geometry":{"type":"Polygon","coordinates":[[[4.493,48.041],[4.493,48.041],[4.476,48.047],[4.494,48.084],[4.524,48.101],[4.528,48.082],[4.523,48.064],[4.493,48.041]]]}},{"type":"Feature","properties":{"code":"10200","nom":"La Loge-aux-Chèvres","departement":"10","region":"44","epci":"200066892"},"geometry":{"type":"Polygon","coordinates":[[[4.398,48.275],[4.422,48.269],[4.414,48.266],[4.398,48.275]]]}},{"type":"Feature","properties":{"code":"10203","nom":"Longchamp-sur-Aujon","departement":"10","region":"44","epci":"241000405"},"geometry":{"type":"Polygon","coordinates":[[[4.8,48.135],[4.784,48.174],[4.81,48.168],[4.847,48.18],[4.837,48.152],[4.85,48.141],[4.829,48.129],[4.8,48.135]]]}},{"type":"Feature","properties":{"code":"10205","nom":"Longpré-le-Sec","departement":"10","region":"44","epci":"200066892"},"geometry":{"type":"Polygon","coordinates":[[[4.508,48.164],[4.497,48.195],[4.538,48.207],[4.562,48.207],[4.563,48.207],[4.566,48.196],[4.543,48.179],[4.534,48.162],[4.517,48.162],[4.508,48.164]]]}},{"type":"Feature","properties":{"code":"10206","nom":"Longsols","departement":"10","region":"44","epci":"241000223"},"geometry":{"type":"Polygon","coordinates":[[[4.237,48.42],[4.235,48.425],[4.316,48.441],[4.32,48.44],[4.323,48.427],[4.308,48.41],[4.279,48.42],[4.237,48.42]]]}},{"type":"Feature","properties":{"code":"10209","nom":"Lusigny-sur-Barse","departement":"10","region":"44","epci":"200069250"},"geometry":{"type":"Polygon","coordinates":[[[4.262,48.228],[4.227,48.241],[4.221,48.25],[4.233,48.278],[4.27,48.297],[4.335,48.282],[4.341,48.275],[4.309,48.25],[4.293,48.234],[4.262,48.228]]]}},{"type":"Feature","properties":{"code":"10213","nom":"Magnant","departement":"10","region":"44","epci":"200069003"},"geometry":{"type":"Polygon","coordinates":[[[4.45,48.157],[4.428,48.145],[4.406,48.149],[4.394,48.156],[4.393,48.171],[4.42,48.198],[4.438,48.18],[4.45,48.157]]]}},{"type":"Feature","properties":{"code":"10214","nom":"Magnicourt","departement":"10","region":"44","epci":"200040137"},"geometry":{"type":"Polygon","coordinates":[[[4.363,48.454],[4.357,48.466],[4.395,48.469],[4.408,48.457],[4.398,48.448],[4.377,48.446],[4.363,48.454]]]}},{"type":"Feature","properties":{"code":"10215","nom":"Magny-Fouchard","departement":"10","region":"44","epci":"200066892"},"geometry":{"type":"Polygon","coordinates":[[[4.514,48.233],[4.507,48.251],[4.563,48.257],[4.577,48.229],[4.576,48.226],[4.563,48.207],[4.562,48.207],[4.548,48.218],[4.514,48.233]]]}},{"type":"Feature","properties":{"code":"10217","nom":"Maison-des-Champs","departement":"10","region":"44","epci":"200066892"},"geometry":{"type":"Polygon","coordinates":[[[4.577,48.229],[4.563,48.257],[4.564,48.261],[4.584,48.235],[4.577,48.229]]]}},{"type":"Feature","properties":{"code":"10219","nom":"Maisons-lès-Soulaines","departement":"10","region":"44","epci":"200066892"},"geometry":{"type":"Polygon","coordinates":[[[4.779,48.311],[4.807,48.287],[4.784,48.281],[4.763,48.293],[4.779,48.311]]]}},{"type":"Feature","properties":{"code":"10221","nom":"Maizières-lès-Brienne","departement":"10","region":"44","epci":"200040137"},"geometry":{"type":"Polygon","coordinates":[[[4.651,48.427],[4.644,48.419],[4.574,48.425],[4.56,48.422],[4.564,48.438],[4.604,48.44],[4.651,48.427]]]}},{"type":"Feature","properties":{"code":"10226","nom":"Marolles-lès-Bailly","departement":"10","region":"44","epci":"200069003"},"geometry":{"type":"Polygon","coordinates":[[[4.322,48.211],[4.323,48.211],[4.352,48.19],[4.365,48.174],[4.361,48.165],[4.353,48.165],[4.355,48.172],[4.336,48.178],[4.322,48.211]]]}},{"type":"Feature","properties":{"code":"10228","nom":"Mathaux","departement":"10","region":"44","epci":"200040137"},"geometry":{"type":"Polygon","coordinates":[[[4.437,48.367],[4.438,48.369],[4.471,48.382],[4.484,48.374],[4.488,48.369],[4.458,48.336],[4.435,48.331],[4.437,48.367]]]}},{"type":"Feature","properties":{"code":"10232","nom":"Merrey-sur-Arce","departement":"10","region":"44","epci":"200069003"},"geometry":{"type":"Polygon","coordinates":[[[4.432,48.086],[4.394,48.086],[4.423,48.104],[4.432,48.086]]]}},{"type":"Feature","properties":{"code":"10238","nom":"Mesnil-Saint-Père","departement":"10","region":"44","epci":"200069250"},"geometry":{"type":"Polygon","coordinates":[[[4.352,48.273],[4.367,48.26],[4.375,48.231],[4.347,48.231],[4.309,48.25],[4.341,48.275],[4.352,48.273]]]}},{"type":"Feature","properties":{"code":"10242","nom":"Meurville","departement":"10","region":"44","epci":"241000405"},"geometry":{"type":"Polygon","coordinates":[[[4.647,48.187],[4.566,48.196],[4.563,48.207],[4.576,48.226],[4.601,48.215],[4.645,48.22],[4.657,48.196],[4.647,48.187]]]}},{"type":"Feature","properties":{"code":"10243","nom":"Molins-sur-Aube","departement":"10","region":"44","epci":"200040137"},"geometry":{"type":"Polygon","coordinates":[[[4.398,48.448],[4.406,48.445],[4.399,48.418],[4.39,48.415],[4.364,48.43],[4.377,48.446],[4.398,48.448]]]}},{"type":"Feature","properties":{"code":"10249","nom":"Montiéramey","departement":"10","region":"44","epci":"200069250"},"geometry":{"type":"Polygon","coordinates":[[[4.347,48.231],[4.335,48.219],[4.293,48.234],[4.309,48.25],[4.347,48.231]]]}},{"type":"Feature","properties":{"code":"10250","nom":"Montier-en-l'Isle","departement":"10","region":"44","epci":"241000405"},"geometry":{"type":"Polygon","coordinates":[[[4.665,48.249],[4.654,48.264],[4.672,48.287],[4.716,48.28],[4.714,48.269],[4.666,48.248],[4.665,48.249]]]}},{"type":"Feature","properties":{"code":"10252","nom":"Montmartin-le-Haut","departement":"10","region":"44","epci":"200066892"},"geometry":{"type":"Polygon","coordinates":[[[4.562,48.207],[4.538,48.207],[4.548,48.218],[4.562,48.207]]]}},{"type":"Feature","properties":{"code":"10253","nom":"Montmorency-Beaufort","departement":"10","region":"44","epci":"200040137"},"geometry":{"type":"Polygon","coordinates":[[[4.571,48.463],[4.569,48.463],[4.549,48.473],[4.525,48.498],[4.542,48.507],[4.584,48.492],[4.58,48.475],[4.571,48.463]]]}},{"type":"Feature","properties":{"code":"10255","nom":"Montreuil-sur-Barse","departement":"10","region":"44","epci":"200069250"},"geometry":{"type":"Polygon","coordinates":[[[4.323,48.211],[4.322,48.211],[4.275,48.204],[4.252,48.202],[4.262,48.228],[4.293,48.234],[4.335,48.219],[4.323,48.211]]]}},{"type":"Feature","properties":{"code":"10257","nom":"Morembert","departement":"10","region":"44","epci":"200071777"},"geometry":{"type":"Polygon","coordinates":[[[4.333,48.495],[4.311,48.503],[4.332,48.509],[4.353,48.509],[4.333,48.495]]]}},{"type":"Feature","properties":{"code":"10258","nom":"Morvilliers","departement":"10","region":"44","epci":"200066892"},"geometry":{"type":"Polygon","coordinates":[[[4.597,48.371],[4.588,48.384],[4.639,48.396],[4.662,48.393],[4.679,48.378],[4.633,48.36],[4.597,48.371]]]}},{"type":"Feature","properties":{"code":"10262","nom":"Neuville-sur-Seine","departement":"10","region":"44","epci":"200069003"},"geometry":{"type":"Polygon","coordinates":[[[4.455,48.052],[4.423,48.038],[4.403,48.005],[4.378,48.025],[4.382,48.047],[4.383,48.047],[4.436,48.058],[4.438,48.053],[4.455,48.052]]]}},{"type":"Feature","properties":{"code":"10264","nom":"Noé-les-Mallets","departement":"10","region":"44","epci":"200069003"},"geometry":{"type":"Polygon","coordinates":[[[4.554,48.113],[4.562,48.112],[4.582,48.11],[4.59,48.096],[4.566,48.088],[4.528,48.082],[4.554,48.113]]]}},{"type":"Feature","properties":{"code":"10267","nom":"Nogent-sur-Aube","departement":"10","region":"44","epci":"200071777"},"geometry":{"type":"Polygon","coordinates":[[[4.311,48.503],[4.333,48.495],[4.344,48.487],[4.301,48.467],[4.296,48.465],[4.256,48.483],[4.296,48.503],[4.311,48.503]]]}},{"type":"Feature","properties":{"code":"10270","nom":"Onjon","departement":"10","region":"44","epci":"241000223"},"geometry":{"type":"Polygon","coordinates":[[[4.24,48.398],[4.225,48.407],[4.237,48.42],[4.279,48.42],[4.308,48.41],[4.315,48.396],[4.286,48.371],[4.276,48.375],[4.24,48.398]]]}},{"type":"Feature","properties":{"code":"10279","nom":"Pars-lès-Chavanges","departement":"10","region":"44","epci":"200040137"},"geometry":{"type":"Polygon","coordinates":[[[4.52,48.499],[4.513,48.498],[4.495,48.494],[4.475,48.508],[4.49,48.515],[4.495,48.539],[4.511,48.548],[4.521,48.545],[4.512,48.506],[4.52,48.499]]]}},{"type":"Feature","properties":{"code":"10283","nom":"Pel-et-Der","departement":"10","region":"44","epci":"200040137"},"geometry":{"type":"Polygon","coordinates":[[[4.438,48.369],[4.437,48.367],[4.415,48.375],[4.386,48.395],[4.39,48.415],[4.399,48.418],[4.423,48.412],[4.436,48.381],[4.438,48.369]]]}},{"type":"Feature","properties":{"code":"10285","nom":"Perthes-lès-Brienne","departement":"10","region":"44","epci":"200040137"},"geometry":{"type":"Polygon","coordinates":[[[4.521,48.437],[4.542,48.444],[4.558,48.439],[4.551,48.421],[4.528,48.429],[4.521,48.437]]]}},{"type":"Feature","properties":{"code":"10286","nom":"Petit-Mesnil","departement":"10","region":"44","epci":"200066892"},"geometry":{"type":"Polygon","coordinates":[[[4.627,48.322],[4.626,48.324],[4.593,48.332],[4.562,48.359],[4.566,48.361],[4.581,48.354],[4.667,48.347],[4.669,48.33],[4.665,48.328],[4.627,48.322]]]}},{"type":"Feature","properties":{"code":"10287","nom":"Piney","departement":"10","region":"44","epci":"241000223"},"geometry":{"type":"Polygon","coordinates":[[[4.367,48.26],[4.352,48.273],[4.348,48.32],[4.32,48.332],[4.286,48.371],[4.315,48.396],[4.358,48.39],[4.387,48.364],[4.369,48.349],[4.396,48.325],[4.426,48.321],[4.434,48.308],[4.417,48.291],[4.39,48.276],[4.367,48.26]]]}},{"type":"Feature","properties":{"code":"10293","nom":"Poivres","departement":"10","region":"44","epci":"200071777"},"geometry":{"type":"Polygon","coordinates":[[[4.233,48.702],[4.243,48.717],[4.264,48.706],[4.299,48.715],[4.327,48.697],[4.325,48.662],[4.234,48.656],[4.222,48.667],[4.233,48.702]]]}},{"type":"Feature","properties":{"code":"10294","nom":"Poligny","departement":"10","region":"44","epci":"200069003"},"geometry":{"type":"Polygon","coordinates":[[[4.355,48.172],[4.34,48.169],[4.336,48.178],[4.355,48.172]]]}},{"type":"Feature","properties":{"code":"10295","nom":"Polisot","departement":"10","region":"44","epci":"200069003"},"geometry":{"type":"Polygon","coordinates":[[[4.316,48.065],[4.338,48.084],[4.393,48.08],[4.395,48.073],[4.329,48.06],[4.316,48.065]]]}},{"type":"Feature","properties":{"code":"10296","nom":"Polisy","departement":"10","region":"44","epci":"200069003"},"geometry":{"type":"Polygon","coordinates":[[[4.382,48.047],[4.317,48.048],[4.313,48.057],[4.329,48.06],[4.395,48.073],[4.415,48.062],[4.383,48.047],[4.382,48.047]]]}},{"type":"Feature","properties":{"code":"10300","nom":"Pougy","departement":"10","region":"44","epci":"241000223"},"geometry":{"type":"Polygon","coordinates":[[[4.363,48.454],[4.377,48.446],[4.364,48.43],[4.323,48.427],[4.32,48.44],[4.363,48.454]]]}},{"type":"Feature","properties":{"code":"10303","nom":"Précy-Notre-Dame","departement":"10","region":"44","epci":"200040137"},"geometry":{"type":"Polygon","coordinates":[[[4.423,48.412],[4.433,48.418],[4.451,48.408],[4.453,48.403],[4.436,48.381],[4.423,48.412]]]}},{"type":"Feature","properties":{"code":"10304","nom":"Précy-Saint-Martin","departement":"10","region":"44","epci":"200040137"},"geometry":{"type":"Polygon","coordinates":[[[4.471,48.424],[4.487,48.406],[4.451,48.408],[4.433,48.418],[4.462,48.429],[4.471,48.424]]]}},{"type":"Feature","properties":{"code":"10306","nom":"Proverville","departement":"10","region":"44","epci":"241000405"},"geometry":{"type":"Polygon","coordinates":[[[4.655,48.24],[4.665,48.249],[4.666,48.248],[4.679,48.246],[4.682,48.219],[4.66,48.221],[4.653,48.225],[4.655,48.24]]]}},{"type":"Feature","properties":{"code":"10310","nom":"Puits-et-Nuisement","departement":"10","region":"44","epci":"200066892"},"geometry":{"type":"Polygon","coordinates":[[[4.538,48.207],[4.497,48.195],[4.489,48.195],[4.489,48.225],[4.514,48.233],[4.548,48.218],[4.538,48.207]]]}},{"type":"Feature","properties":{"code":"10313","nom":"Radonvilliers","departement":"10","region":"44","epci":"200040137"},"geometry":{"type":"Polygon","coordinates":[[[4.426,48.321],[4.435,48.331],[4.458,48.336],[4.488,48.369],[4.525,48.357],[4.488,48.337],[4.487,48.317],[4.464,48.302],[4.434,48.308],[4.426,48.321]]]}},{"type":"Feature","properties":{"code":"10314","nom":"Ramerupt","departement":"10","region":"44","epci":"200071777"},"geometry":{"type":"Polygon","coordinates":[[[4.296,48.503],[4.273,48.516],[4.311,48.549],[4.332,48.509],[4.311,48.503],[4.296,48.503]]]}},{"type":"Feature","properties":{"code":"10315","nom":"Rances","departement":"10","region":"44","epci":"200040137"},"geometry":{"type":"Polygon","coordinates":[[[4.569,48.463],[4.561,48.452],[4.537,48.468],[4.549,48.473],[4.569,48.463]]]}},{"type":"Feature","properties":{"code":"10326","nom":"Rosnay-l'Hôpital","departement":"10","region":"44","epci":"200040137"},"geometry":{"type":"Polygon","coordinates":[[[4.519,48.483],[4.529,48.468],[4.542,48.444],[4.521,48.437],[4.495,48.451],[4.471,48.448],[4.466,48.459],[4.469,48.461],[4.519,48.483]]]}},{"type":"Feature","properties":{"code":"10327","nom":"La Rothière","departement":"10","region":"44","epci":"200066892"},"geometry":{"type":"Polygon","coordinates":[[[4.575,48.328],[4.555,48.337],[4.554,48.356],[4.562,48.359],[4.593,48.332],[4.626,48.324],[4.612,48.324],[4.575,48.328]]]}},{"type":"Feature","properties":{"code":"10328","nom":"Rouilly-Sacey","departement":"10","region":"44","epci":"241000223"},"geometry":{"type":"Polygon","coordinates":[[[4.236,48.338],[4.226,48.35],[4.225,48.357],[4.26,48.361],[4.276,48.375],[4.286,48.371],[4.32,48.332],[4.29,48.319],[4.275,48.334],[4.236,48.338]]]}},{"type":"Feature","properties":{"code":"10330","nom":"Rouvres-les-Vignes","departement":"10","region":"44","epci":"241000405"},"geometry":{"type":"Polygon","coordinates":[[[4.827,48.254],[4.845,48.249],[4.846,48.247],[4.836,48.222],[4.796,48.235],[4.827,48.254]]]}},{"type":"Feature","properties":{"code":"10337","nom":"Saint-Christophe-Dodinicourt","departement":"10","region":"44","epci":"200040137"},"geometry":{"type":"Polygon","coordinates":[[[4.471,48.424],[4.462,48.429],[4.451,48.439],[4.471,48.448],[4.501,48.422],[4.471,48.424]]]}},{"type":"Feature","properties":{"code":"10345","nom":"Saint-Léger-sous-Brienne","departement":"10","region":"44","epci":"200040137"},"geometry":{"type":"Polygon","coordinates":[[[4.487,48.406],[4.471,48.424],[4.501,48.422],[4.528,48.429],[4.551,48.421],[4.551,48.419],[4.472,48.384],[4.467,48.386],[4.487,48.406]]]}},{"type":"Feature","properties":{"code":"10346","nom":"Saint-Léger-sous-Margerie","departement":"10","region":"44","epci":"200040137"},"geometry":{"type":"Polygon","coordinates":[[[4.49,48.515],[4.464,48.548],[4.495,48.539],[4.49,48.515]]]}},{"type":"Feature","properties":{"code":"10364","nom":"Saint-Usage","departement":"10","region":"44","epci":"200069003"},"geometry":{"type":"Polygon","coordinates":[[[4.626,48.119],[4.646,48.102],[4.685,48.099],[4.691,48.086],[4.658,48.079],[4.63,48.092],[4.59,48.096],[4.582,48.11],[4.626,48.119]]]}},{"type":"Feature","properties":{"code":"10366","nom":"Saulcy","departement":"10","region":"44","epci":"200066892"},"geometry":{"type":"Polygon","coordinates":[[[4.845,48.249],[4.827,48.254],[4.816,48.285],[4.816,48.29],[4.826,48.302],[4.851,48.296],[4.862,48.266],[4.845,48.249]]]}},{"type":"Feature","properties":{"code":"10372","nom":"Soulaines-Dhuys","departement":"10","region":"44","epci":"200066892"},"geometry":{"type":"Polygon","coordinates":[[[4.755,48.367],[4.743,48.356],[4.7,48.363],[4.698,48.369],[4.679,48.378],[4.662,48.393],[4.668,48.4],[4.704,48.393],[4.76,48.388],[4.755,48.367]]]}},{"type":"Feature","properties":{"code":"10374","nom":"Spoy","departement":"10","region":"44","epci":"241000405"},"geometry":{"type":"Polygon","coordinates":[[[4.577,48.229],[4.584,48.235],[4.627,48.243],[4.653,48.225],[4.66,48.221],[4.645,48.22],[4.601,48.215],[4.576,48.226],[4.577,48.229]]]}},{"type":"Feature","properties":{"code":"10376","nom":"Thieffrain","departement":"10","region":"44","epci":"200069003"},"geometry":{"type":"Polygon","coordinates":[[[4.427,48.214],[4.462,48.199],[4.438,48.18],[4.42,48.198],[4.427,48.214]]]}},{"type":"Feature","properties":{"code":"10377","nom":"Thil","departement":"10","region":"44","epci":"200066892"},"geometry":{"type":"Polygon","coordinates":[[[4.743,48.356],[4.755,48.367],[4.793,48.356],[4.841,48.339],[4.814,48.323],[4.783,48.321],[4.772,48.325],[4.743,48.356]]]}},{"type":"Feature","properties":{"code":"10378","nom":"Thors","departement":"10","region":"44","epci":"200066892"},"geometry":{"type":"Polygon","coordinates":[[[4.807,48.287],[4.779,48.311],[4.783,48.321],[4.814,48.323],[4.826,48.302],[4.816,48.29],[4.807,48.287]]]}},{"type":"Feature","properties":{"code":"10384","nom":"Trannes","departement":"10","region":"44","epci":"200066892"},"geometry":{"type":"Polygon","coordinates":[[[4.626,48.324],[4.627,48.322],[4.618,48.297],[4.593,48.286],[4.572,48.307],[4.572,48.316],[4.612,48.324],[4.626,48.324]]]}},{"type":"Feature","properties":{"code":"10386","nom":"Trouans","departement":"10","region":"44","epci":"200071777"},"geometry":{"type":"Polygon","coordinates":[[[4.325,48.662],[4.324,48.644],[4.293,48.629],[4.269,48.632],[4.229,48.621],[4.182,48.624],[4.174,48.626],[4.177,48.633],[4.194,48.632],[4.234,48.656],[4.325,48.662]]]}},{"type":"Feature","properties":{"code":"10389","nom":"Unienville","departement":"10","region":"44","epci":"200040137"},"geometry":{"type":"Polygon","coordinates":[[[4.555,48.337],[4.575,48.328],[4.572,48.316],[4.572,48.307],[4.55,48.298],[4.514,48.315],[4.555,48.337]]]}},{"type":"Feature","properties":{"code":"10390","nom":"Urville","departement":"10","region":"44","epci":"241000405"},"geometry":{"type":"Polygon","coordinates":[[[4.707,48.173],[4.695,48.157],[4.653,48.154],[4.648,48.183],[4.672,48.174],[4.7,48.183],[4.702,48.189],[4.707,48.173]]]}},{"type":"Feature","properties":{"code":"10393","nom":"Vallentigny","departement":"10","region":"44","epci":"200040137"},"geometry":{"type":"Polygon","coordinates":[[[4.636,48.457],[4.677,48.436],[4.651,48.427],[4.604,48.44],[4.564,48.438],[4.56,48.422],[4.551,48.419],[4.551,48.421],[4.558,48.439],[4.561,48.452],[4.569,48.463],[4.571,48.463],[4.589,48.449],[4.636,48.457]]]}},{"type":"Feature","properties":{"code":"10397","nom":"Vauchonvilliers","departement":"10","region":"44","epci":"200066892"},"geometry":{"type":"Polygon","coordinates":[[[4.563,48.264],[4.564,48.261],[4.563,48.257],[4.507,48.251],[4.507,48.273],[4.546,48.286],[4.563,48.264]]]}},{"type":"Feature","properties":{"code":"10398","nom":"Vaucogne","departement":"10","region":"44","epci":"200071777"},"geometry":{"type":"Polygon","coordinates":[[[4.332,48.509],[4.311,48.549],[4.326,48.56],[4.376,48.533],[4.39,48.535],[4.364,48.514],[4.353,48.509],[4.332,48.509]]]}},{"type":"Feature","properties":{"code":"10401","nom":"Vendeuvre-sur-Barse","departement":"10","region":"44","epci":"200066892"},"geometry":{"type":"Polygon","coordinates":[[[4.427,48.214],[4.418,48.218],[4.422,48.269],[4.398,48.275],[4.39,48.276],[4.417,48.291],[4.457,48.274],[4.489,48.282],[4.507,48.273],[4.507,48.251],[4.514,48.233],[4.489,48.225],[4.489,48.195],[4.462,48.199],[4.427,48.214]]]}},{"type":"Feature","properties":{"code":"10403","nom":"Vernonvilliers","departement":"10","region":"44","epci":"200066892"},"geometry":{"type":"Polygon","coordinates":[[[4.667,48.299],[4.665,48.328],[4.669,48.33],[4.678,48.332],[4.698,48.319],[4.671,48.293],[4.667,48.299]]]}},{"type":"Feature","properties":{"code":"10404","nom":"Verpillières-sur-Ource","departement":"10","region":"44","epci":"200069003"},"geometry":{"type":"Polygon","coordinates":[[[4.617,48.031],[4.578,48.029],[4.555,48.012],[4.544,48.037],[4.583,48.052],[4.594,48.066],[4.63,48.054],[4.617,48.031]]]}},{"type":"Feature","properties":{"code":"10405","nom":"Verricourt","departement":"10","region":"44","epci":"200071777"},"geometry":{"type":"Polygon","coordinates":[[[4.357,48.466],[4.363,48.454],[4.32,48.44],[4.316,48.441],[4.312,48.46],[4.356,48.468],[4.357,48.466]]]}},{"type":"Feature","properties":{"code":"10411","nom":"Ville-aux-Bois","departement":"10","region":"44","epci":"200066892"},"geometry":{"type":"Polygon","coordinates":[[[4.704,48.393],[4.668,48.4],[4.68,48.417],[4.708,48.401],[4.704,48.393]]]}},{"type":"Feature","properties":{"code":"10418","nom":"Villemorien","departement":"10","region":"44","epci":"200069003"},"geometry":{"type":"Polygon","coordinates":[[[4.338,48.084],[4.316,48.065],[4.282,48.063],[4.253,48.08],[4.296,48.095],[4.326,48.089],[4.338,48.084]]]}},{"type":"Feature","properties":{"code":"10423","nom":"La Villeneuve-au-Chêne","departement":"10","region":"44","epci":"200066892"},"geometry":{"type":"Polygon","coordinates":[[[4.367,48.26],[4.39,48.276],[4.398,48.275],[4.414,48.266],[4.389,48.223],[4.383,48.221],[4.375,48.231],[4.367,48.26]]]}},{"type":"Feature","properties":{"code":"10424","nom":"Villeret","departement":"10","region":"44","epci":"200040137"},"geometry":{"type":"Polygon","coordinates":[[[4.6,48.471],[4.58,48.475],[4.584,48.492],[4.591,48.491],[4.6,48.471]]]}},{"type":"Feature","properties":{"code":"10426","nom":"Ville-sous-la-Ferté","departement":"10","region":"44","epci":"241000405"},"geometry":{"type":"Polygon","coordinates":[[[4.784,48.174],[4.8,48.135],[4.787,48.109],[4.732,48.119],[4.741,48.14],[4.76,48.159],[4.779,48.175],[4.784,48.174]]]}},{"type":"Feature","properties":{"code":"10427","nom":"Ville-sur-Arce","departement":"10","region":"44","epci":"200069003"},"geometry":{"type":"Polygon","coordinates":[[[4.432,48.086],[4.423,48.104],[4.411,48.119],[4.43,48.142],[4.471,48.116],[4.484,48.106],[4.482,48.104],[4.449,48.086],[4.432,48.086]]]}},{"type":"Feature","properties":{"code":"10428","nom":"Ville-sur-Terre","departement":"10","region":"44","epci":"200066892"},"geometry":{"type":"Polygon","coordinates":[[[4.743,48.356],[4.772,48.325],[4.739,48.309],[4.719,48.317],[4.7,48.363],[4.743,48.356]]]}},{"type":"Feature","properties":{"code":"10433","nom":"Villy-en-Trodes","departement":"10","region":"44","epci":"200069003"},"geometry":{"type":"Polygon","coordinates":[[[4.418,48.218],[4.427,48.214],[4.42,48.198],[4.393,48.171],[4.365,48.174],[4.352,48.19],[4.383,48.221],[4.389,48.223],[4.418,48.218]]]}},{"type":"Feature","properties":{"code":"10437","nom":"Virey-sous-Bar","departement":"10","region":"44","epci":"200069003"},"geometry":{"type":"Polygon","coordinates":[[[4.335,48.142],[4.329,48.121],[4.296,48.12],[4.275,48.135],[4.28,48.143],[4.335,48.142]]]}},{"type":"Feature","properties":{"code":"10438","nom":"Vitry-le-Croisé","departement":"10","region":"44","epci":"200069003"},"geometry":{"type":"Polygon","coordinates":[[[4.543,48.179],[4.59,48.168],[4.615,48.143],[4.626,48.119],[4.582,48.11],[4.562,48.112],[4.534,48.162],[4.543,48.179]]]}},{"type":"Feature","properties":{"code":"10439","nom":"Viviers-sur-Artaut","departement":"10","region":"44","epci":"200069003"},"geometry":{"type":"Polygon","coordinates":[[[4.484,48.106],[4.499,48.11],[4.51,48.112],[4.524,48.101],[4.494,48.084],[4.482,48.104],[4.484,48.106]]]}},{"type":"Feature","properties":{"code":"10440","nom":"Voigny","departement":"10","region":"44","epci":"241000405"},"geometry":{"type":"Polygon","coordinates":[[[4.765,48.251],[4.774,48.251],[4.79,48.237],[4.752,48.219],[4.746,48.221],[4.755,48.243],[4.765,48.251]]]}},{"type":"Feature","properties":{"code":"10445","nom":"Yèvres-le-Petit","departement":"10","region":"44","epci":"200040137"},"geometry":{"type":"Polygon","coordinates":[[[4.495,48.494],[4.513,48.498],[4.519,48.483],[4.469,48.461],[4.495,48.494]]]}},{"type":"Feature","properties":{"code":"51001","nom":"Ablancourt","departement":"51","region":"44","epci":"200034718"},"geometry":{"type":"Polygon","coordinates":[[[4.501,48.812],[4.505,48.815],[4.539,48.822],[4.561,48.807],[4.519,48.801],[4.501,48.812]]]}},{"type":"Feature","properties":{"code":"51006","nom":"Alliancelles","departement":"51","region":"44","epci":"200067379"},"geometry":{"type":"Polygon","coordinates":[[[4.893,48.798],[4.893,48.797],[4.859,48.784],[4.853,48.8],[4.875,48.819],[4.889,48.817],[4.893,48.798]]]}},{"type":"Feature","properties":{"code":"51008","nom":"Ambrières","departement":"51","region":"44","epci":"200068666"},"geometry":{"type":"Polygon","coordinates":[[[4.799,48.625],[4.799,48.625],[4.799,48.642],[4.839,48.646],[4.85,48.64],[4.858,48.615],[4.829,48.612],[4.799,48.625]]]}},{"type":"Feature","properties":{"code":"51015","nom":"Argers","departement":"51","region":"44","epci":"200042703"},"geometry":{"type":"Polygon","coordinates":[[[4.882,49.067],[4.878,49.061],[4.838,49.051],[4.848,49.078],[4.866,49.079],[4.882,49.067]]]}},{"type":"Feature","properties":{"code":"51016","nom":"Arrigny","departement":"51","region":"44","epci":"200042992"},"geometry":{"type":"Polygon","coordinates":[[[4.7,48.571],[4.681,48.584],[4.685,48.6],[4.665,48.632],[4.673,48.634],[4.698,48.636],[4.714,48.591],[4.7,48.571]]]}},{"type":"Feature","properties":{"code":"51017","nom":"Arzillières-Neuville","departement":"51","region":"44","epci":"200034718"},"geometry":{"type":"Polygon","coordinates":[[[4.619,48.661],[4.637,48.644],[4.642,48.641],[4.606,48.625],[4.588,48.633],[4.568,48.644],[4.575,48.659],[4.606,48.662],[4.619,48.661]]]}},{"type":"Feature","properties":{"code":"51019","nom":"Aubérive","departement":"51","region":"44","epci":"200067213"},"geometry":{"type":"Polygon","coordinates":[[[4.348,49.195],[4.347,49.201],[4.436,49.219],[4.476,49.208],[4.459,49.192],[4.382,49.173],[4.348,49.195]]]}},{"type":"Feature","properties":{"code":"51022","nom":"Aulnay-l'Aître","departement":"51","region":"44","epci":"200034718"},"geometry":{"type":"Polygon","coordinates":[[[4.587,48.846],[4.562,48.806],[4.561,48.807],[4.539,48.822],[4.587,48.846]]]}},{"type":"Feature","properties":{"code":"51027","nom":"Auve","departement":"51","region":"44","epci":"200042703"},"geometry":{"type":"Polygon","coordinates":[[[4.674,48.99],[4.657,49.012],[4.661,49.047],[4.701,49.065],[4.71,49.049],[4.715,49.011],[4.674,48.99]]]}},{"type":"Feature","properties":{"code":"51031","nom":"Baconnes","departement":"51","region":"44","epci":"200066876"},"geometry":{"type":"Polygon","coordinates":[[[4.382,49.173],[4.376,49.156],[4.328,49.138],[4.299,49.153],[4.3,49.168],[4.348,49.195],[4.382,49.173]]]}},{"type":"Feature","properties":{"code":"51039","nom":"Bassu","departement":"51","region":"44","epci":"200067379"},"geometry":{"type":"Polygon","coordinates":[[[4.706,48.823],[4.689,48.815],[4.671,48.819],[4.663,48.837],[4.688,48.853],[4.717,48.842],[4.706,48.823]]]}},{"type":"Feature","properties":{"code":"51040","nom":"Bassuet","departement":"51","region":"44","epci":"200067379"},"geometry":{"type":"Polygon","coordinates":[[[4.689,48.815],[4.694,48.813],[4.686,48.792],[4.657,48.786],[4.653,48.79],[4.648,48.801],[4.671,48.819],[4.689,48.815]]]}},{"type":"Feature","properties":{"code":"51046","nom":"Beine-Nauroy","departement":"51","region":"44","epci":"200067213"},"geometry":{"type":"Polygon","coordinates":[[[4.268,49.219],[4.225,49.211],[4.208,49.221],[4.164,49.237],[4.191,49.26],[4.197,49.277],[4.234,49.267],[4.262,49.274],[4.281,49.266],[4.301,49.233],[4.268,49.219]]]}},{"type":"Feature","properties":{"code":"51047","nom":"Belval-en-Argonne","departement":"51","region":"44","epci":"200042703"},"geometry":{"type":"Polygon","coordinates":[[[5.013,48.937],[4.954,48.931],[4.956,48.952],[5.001,48.957],[5.014,48.946],[5.013,48.937]]]}},{"type":"Feature","properties":{"code":"51053","nom":"Berzieux","departement":"51","region":"44","epci":"200042703"},"geometry":{"type":"Polygon","coordinates":[[[4.836,49.17],[4.837,49.168],[4.825,49.153],[4.751,49.147],[4.78,49.156],[4.787,49.175],[4.836,49.17]]]}},{"type":"Feature","properties":{"code":"51054","nom":"Bétheniville","departement":"51","region":"44","epci":"200067213"},"geometry":{"type":"Polygon","coordinates":[[[4.363,49.32],[4.376,49.324],[4.408,49.289],[4.409,49.287],[4.377,49.282],[4.327,49.262],[4.354,49.316],[4.363,49.32]]]}},{"type":"Feature","properties":{"code":"51057","nom":"Bettancourt-la-Longue","departement":"51","region":"44","epci":"200067379"},"geometry":{"type":"Polygon","coordinates":[[[4.889,48.817],[4.875,48.819],[4.86,48.834],[4.871,48.84],[4.884,48.852],[4.903,48.828],[4.889,48.817]]]}},{"type":"Feature","properties":{"code":"51059","nom":"Bignicourt-sur-Marne","departement":"51","region":"44","epci":"200034718"},"geometry":{"type":"Polygon","coordinates":[[[4.628,48.683],[4.607,48.672],[4.589,48.683],[4.611,48.687],[4.628,48.683]]]}},{"type":"Feature","properties":{"code":"51060","nom":"Bignicourt-sur-Saulx","departement":"51","region":"44","epci":"200067379"},"geometry":{"type":"Polygon","coordinates":[[[4.815,48.748],[4.817,48.736],[4.77,48.745],[4.765,48.772],[4.772,48.774],[4.802,48.783],[4.807,48.781],[4.793,48.756],[4.815,48.748]]]}},{"type":"Feature","properties":{"code":"51062","nom":"Binarville","departement":"51","region":"44","epci":"200042703"},"geometry":{"type":"Polygon","coordinates":[[[4.951,49.237],[4.951,49.237],[4.889,49.228],[4.866,49.227],[4.876,49.263],[4.913,49.265],[4.934,49.262],[4.951,49.237]]]}},{"type":"Feature","properties":{"code":"51065","nom":"Blacy","departement":"51","region":"44","epci":"200034718"},"geometry":{"type":"Polygon","coordinates":[[[4.447,48.704],[4.445,48.711],[4.51,48.729],[4.575,48.747],[4.583,48.744],[4.58,48.713],[4.571,48.717],[4.498,48.716],[4.447,48.704]]]}},{"type":"Feature","properties":{"code":"51066","nom":"Blaise-sous-Arzillières","departement":"51","region":"44","epci":"200034718"},"geometry":{"type":"Polygon","coordinates":[[[4.565,48.676],[4.562,48.68],[4.582,48.688],[4.589,48.683],[4.607,48.672],[4.606,48.662],[4.575,48.659],[4.565,48.676]]]}},{"type":"Feature","properties":{"code":"51068","nom":"Blesme","departement":"51","region":"44","epci":"200067379"},"geometry":{"type":"Polygon","coordinates":[[[4.749,48.735],[4.75,48.736],[4.77,48.745],[4.817,48.736],[4.827,48.732],[4.787,48.723],[4.763,48.717],[4.759,48.73],[4.749,48.735]]]}},{"type":"Feature","properties":{"code":"51078","nom":"Bouy","departement":"51","region":"44","epci":"200066876"},"geometry":{"type":"Polygon","coordinates":[[[4.348,49.057],[4.328,49.07],[4.317,49.078],[4.341,49.104],[4.391,49.117],[4.421,49.107],[4.406,49.102],[4.374,49.067],[4.348,49.057]]]}},{"type":"Feature","properties":{"code":"51080","nom":"Brandonvillers","departement":"51","region":"44","epci":"200042992"},"geometry":{"type":"Polygon","coordinates":[[[4.553,48.606],[4.605,48.588],[4.563,48.573],[4.535,48.574],[4.553,48.606]]]}},{"type":"Feature","properties":{"code":"51082","nom":"Braux-Sainte-Cohière","departement":"51","region":"44","epci":"200042703"},"geometry":{"type":"Polygon","coordinates":[[[4.81,49.085],[4.798,49.105],[4.834,49.106],[4.839,49.08],[4.81,49.085]]]}},{"type":"Feature","properties":{"code":"51083","nom":"Braux-Saint-Remy","departement":"51","region":"44","epci":"200042703"},"geometry":{"type":"Polygon","coordinates":[[[4.822,49.021],[4.83,49.024],[4.866,49.034],[4.905,49.034],[4.873,49.015],[4.834,49.013],[4.822,49.021]]]}},{"type":"Feature","properties":{"code":"51084","nom":"Bréban","departement":"51","region":"44","epci":"200034718"},"geometry":{"type":"Polygon","coordinates":[[[4.424,48.554],[4.35,48.598],[4.413,48.585],[4.424,48.554]]]}},{"type":"Feature","properties":{"code":"51087","nom":"Breuvery-sur-Coole","departement":"51","region":"44","epci":"200043438"},"geometry":{"type":"Polygon","coordinates":[[[4.262,48.845],[4.301,48.872],[4.336,48.871],[4.345,48.871],[4.299,48.838],[4.268,48.838],[4.261,48.844],[4.262,48.845]]]}},{"type":"Feature","properties":{"code":"51094","nom":"Brusson","departement":"51","region":"44","epci":"200067379"},"geometry":{"type":"Polygon","coordinates":[[[4.721,48.734],[4.69,48.735],[4.689,48.75],[4.721,48.743],[4.721,48.734]]]}},{"type":"Feature","properties":{"code":"51095","nom":"Le Buisson","departement":"51","region":"44","epci":"200067379"},"geometry":{"type":"Polygon","coordinates":[[[4.75,48.736],[4.733,48.766],[4.765,48.772],[4.77,48.745],[4.75,48.736]]]}},{"type":"Feature","properties":{"code":"51097","nom":"Bussy-le-Château","departement":"51","region":"44","epci":"200042620"},"geometry":{"type":"Polygon","coordinates":[[[4.567,49.019],[4.564,49.018],[4.521,49.027],[4.517,49.053],[4.482,49.093],[4.505,49.086],[4.541,49.092],[4.544,49.091],[4.567,49.019]]]}},{"type":"Feature","properties":{"code":"51098","nom":"Bussy-le-Repos","departement":"51","region":"44","epci":"200067379"},"geometry":{"type":"Polygon","coordinates":[[[4.713,48.921],[4.757,48.925],[4.777,48.898],[4.783,48.885],[4.767,48.876],[4.698,48.893],[4.707,48.921],[4.713,48.921]]]}},{"type":"Feature","properties":{"code":"51099","nom":"Bussy-Lettrée","departement":"51","region":"44","epci":"200066876"},"geometry":{"type":"Polygon","coordinates":[[[4.209,48.804],[4.275,48.829],[4.268,48.838],[4.299,48.838],[4.304,48.825],[4.31,48.803],[4.232,48.775],[4.226,48.774],[4.202,48.775],[4.177,48.787],[4.209,48.804]]]}},{"type":"Feature","properties":{"code":"51104","nom":"Cernay-en-Dormois","departement":"51","region":"44","epci":"200042703"},"geometry":{"type":"Polygon","coordinates":[[[4.742,49.232],[4.745,49.241],[4.791,49.241],[4.812,49.249],[4.83,49.243],[4.827,49.235],[4.813,49.21],[4.755,49.208],[4.705,49.2],[4.694,49.207],[4.737,49.217],[4.742,49.232]]]}},{"type":"Feature","properties":{"code":"51106","nom":"Cernon","departement":"51","region":"44","epci":"200043438"},"geometry":{"type":"Polygon","coordinates":[[[4.304,48.825],[4.36,48.859],[4.384,48.839],[4.311,48.802],[4.31,48.803],[4.304,48.825]]]}},{"type":"Feature","properties":{"code":"51108","nom":"Châlons-en-Champagne","departement":"51","region":"44","epci":"200066876"},"geometry":{"type":"Polygon","coordinates":[[[4.419,48.939],[4.381,48.93],[4.361,48.938],[4.342,48.942],[4.342,48.965],[4.393,49.001],[4.431,48.97],[4.391,48.963],[4.379,48.946],[4.419,48.939]]]}},{"type":"Feature","properties":{"code":"51122","nom":"Changy","departement":"51","region":"44","epci":"200067379"},"geometry":{"type":"Polygon","coordinates":[[[4.671,48.769],[4.654,48.775],[4.657,48.786],[4.686,48.792],[4.706,48.778],[4.701,48.771],[4.671,48.769]]]}},{"type":"Feature","properties":{"code":"51125","nom":"Chapelaine","departement":"51","region":"44","epci":"200034718"},"geometry":{"type":"Polygon","coordinates":[[[4.458,48.59],[4.504,48.588],[4.508,48.563],[4.462,48.571],[4.447,48.586],[4.458,48.59]]]}},{"type":"Feature","properties":{"code":"51126","nom":"La Chapelle-Felcourt","departement":"51","region":"44","epci":"200042703"},"geometry":{"type":"Polygon","coordinates":[[[4.782,49.039],[4.776,49.029],[4.75,49.018],[4.729,49.054],[4.754,49.064],[4.782,49.039]]]}},{"type":"Feature","properties":{"code":"51130","nom":"Charmont","departement":"51","region":"44","epci":"200067379"},"geometry":{"type":"Polygon","coordinates":[[[4.884,48.852],[4.871,48.84],[4.823,48.87],[4.856,48.89],[4.899,48.884],[4.92,48.895],[4.913,48.873],[4.884,48.852]]]}},{"type":"Feature","properties":{"code":"51132","nom":"Les Charmontois","departement":"51","region":"44","epci":"200042703"},"geometry":{"type":"Polygon","coordinates":[[[4.97,48.971],[4.996,48.983],[5.039,48.974],[5.031,48.954],[5.014,48.946],[5.001,48.957],[4.956,48.952],[4.941,48.96],[4.939,48.968],[4.97,48.971]]]}},{"type":"Feature","properties":{"code":"51133","nom":"Le Châtelier","departement":"51","region":"44","epci":"200042703"},"geometry":{"type":"Polygon","coordinates":[[[4.954,48.931],[4.937,48.921],[4.891,48.922],[4.89,48.936],[4.923,48.942],[4.93,48.959],[4.941,48.96],[4.956,48.952],[4.954,48.931]]]}},{"type":"Feature","properties":{"code":"51134","nom":"Châtelraould-Saint-Louvent","departement":"51","region":"44","epci":"200034718"},"geometry":{"type":"Polygon","coordinates":[[[4.469,48.655],[4.545,48.686],[4.562,48.68],[4.565,48.676],[4.528,48.653],[4.485,48.636],[4.469,48.655]]]}},{"type":"Feature","properties":{"code":"51135","nom":"Châtillon-sur-Broué","departement":"51","region":"44","epci":"200042992"},"geometry":{"type":"Polygon","coordinates":[[[4.7,48.563],[4.725,48.541],[4.675,48.538],[4.7,48.563]]]}},{"type":"Feature","properties":{"code":"51138","nom":"Châtrices","departement":"51","region":"44","epci":"200042703"},"geometry":{"type":"Polygon","coordinates":[[[5.004,49.066],[5.006,49.06],[4.965,49.022],[4.943,49.038],[4.909,49.019],[4.873,49.015],[4.905,49.034],[4.894,49.051],[4.919,49.054],[4.932,49.041],[5.004,49.066]]]}},{"type":"Feature","properties":{"code":"51139","nom":"Chaudefontaine","departement":"51","region":"44","epci":"200042703"},"geometry":{"type":"Polygon","coordinates":[[[4.834,49.106],[4.847,49.109],[4.893,49.114],[4.927,49.127],[4.938,49.113],[4.907,49.117],[4.866,49.079],[4.848,49.078],[4.839,49.08],[4.834,49.106]]]}},{"type":"Feature","properties":{"code":"51141","nom":"La Chaussée-sur-Marne","departement":"51","region":"44","epci":"200034718"},"geometry":{"type":"Polygon","coordinates":[[[4.496,48.833],[4.496,48.837],[4.499,48.841],[4.536,48.862],[4.568,48.87],[4.597,48.855],[4.587,48.846],[4.539,48.822],[4.505,48.815],[4.496,48.833]]]}},{"type":"Feature","properties":{"code":"51143","nom":"Le Chemin","departement":"51","region":"44","epci":"200042703"},"geometry":{"type":"Polygon","coordinates":[[[4.962,49.006],[4.97,49.018],[4.985,49.014],[4.996,48.987],[4.973,48.982],[4.972,48.986],[4.973,48.987],[4.974,48.987],[4.976,48.989],[4.977,48.99],[4.962,49.006]]]}},{"type":"Feature","properties":{"code":"51144","nom":"Cheminon","departement":"51","region":"44","epci":"200068666"},"geometry":{"type":"Polygon","coordinates":[[[4.98,48.748],[4.981,48.746],[4.897,48.716],[4.875,48.728],[4.883,48.755],[4.889,48.763],[4.912,48.754],[4.953,48.768],[4.98,48.748]]]}},{"type":"Feature","properties":{"code":"51147","nom":"La Cheppe","departement":"51","region":"44","epci":"200042620"},"geometry":{"type":"Polygon","coordinates":[[[4.482,49.094],[4.482,49.093],[4.517,49.053],[4.521,49.027],[4.492,49.019],[4.465,49.024],[4.453,49.032],[4.462,49.069],[4.482,49.094]]]}},{"type":"Feature","properties":{"code":"51148","nom":"Cheppes-la-Prairie","departement":"51","region":"44","epci":"200043438"},"geometry":{"type":"Polygon","coordinates":[[[4.419,48.792],[4.393,48.815],[4.439,48.828],[4.473,48.849],[4.478,48.848],[4.478,48.846],[4.496,48.837],[4.496,48.833],[4.453,48.812],[4.449,48.801],[4.419,48.792]]]}},{"type":"Feature","properties":{"code":"51149","nom":"Chepy","departement":"51","region":"44","epci":"200043438"},"geometry":{"type":"Polygon","coordinates":[[[4.424,48.887],[4.413,48.893],[4.409,48.9],[4.431,48.902],[4.486,48.927],[4.487,48.925],[4.493,48.914],[4.424,48.887]]]}},{"type":"Feature","properties":{"code":"51156","nom":"Cloyes-sur-Marne","departement":"51","region":"44","epci":"200042992"},"geometry":{"type":"Polygon","coordinates":[[[4.637,48.644],[4.619,48.661],[4.644,48.676],[4.665,48.665],[4.637,48.644]]]}},{"type":"Feature","properties":{"code":"51160","nom":"Compertrix","departement":"51","region":"44","epci":"200066876"},"geometry":{"type":"Polygon","coordinates":[[[4.286,48.909],[4.286,48.917],[4.342,48.942],[4.361,48.938],[4.357,48.931],[4.286,48.909]]]}},{"type":"Feature","properties":{"code":"51166","nom":"Contault","departement":"51","region":"44","epci":"200042703"},"geometry":{"type":"Polygon","coordinates":[[[4.777,48.898],[4.757,48.925],[4.77,48.932],[4.817,48.917],[4.82,48.911],[4.777,48.898]]]}},{"type":"Feature","properties":{"code":"51167","nom":"Coole","departement":"51","region":"44","epci":"200034718"},"geometry":{"type":"Polygon","coordinates":[[[4.347,48.744],[4.368,48.76],[4.427,48.764],[4.455,48.748],[4.399,48.725],[4.402,48.715],[4.345,48.711],[4.347,48.744]]]}},{"type":"Feature","properties":{"code":"51168","nom":"Coolus","departement":"51","region":"44","epci":"200066876"},"geometry":{"type":"Polygon","coordinates":[[[4.27,48.903],[4.286,48.909],[4.357,48.931],[4.365,48.925],[4.329,48.898],[4.287,48.896],[4.27,48.903]]]}},{"type":"Feature","properties":{"code":"51169","nom":"Corbeil","departement":"51","region":"44","epci":"200034718"},"geometry":{"type":"Polygon","coordinates":[[[4.462,48.571],[4.46,48.569],[4.428,48.553],[4.424,48.554],[4.413,48.585],[4.447,48.586],[4.462,48.571]]]}},{"type":"Feature","properties":{"code":"51178","nom":"Coupetz","departement":"51","region":"44","epci":"200043438"},"geometry":{"type":"Polygon","coordinates":[[[4.337,48.787],[4.311,48.802],[4.384,48.839],[4.385,48.838],[4.389,48.826],[4.346,48.805],[4.337,48.787]]]}},{"type":"Feature","properties":{"code":"51179","nom":"Coupéville","departement":"51","region":"44","epci":"200043438"},"geometry":{"type":"Polygon","coordinates":[[[4.608,48.944],[4.626,48.946],[4.641,48.924],[4.64,48.892],[4.677,48.878],[4.631,48.863],[4.63,48.863],[4.61,48.878],[4.576,48.929],[4.608,48.944]]]}},{"type":"Feature","properties":{"code":"51184","nom":"Courdemanges","departement":"51","region":"44","epci":"200034718"},"geometry":{"type":"Polygon","coordinates":[[[4.562,48.68],[4.545,48.686],[4.469,48.655],[4.453,48.66],[4.44,48.672],[4.523,48.697],[4.576,48.702],[4.582,48.688],[4.562,48.68]]]}},{"type":"Feature","properties":{"code":"51191","nom":"Courtémont","departement":"51","region":"44","epci":"200042703"},"geometry":{"type":"Polygon","coordinates":[[[4.739,49.146],[4.736,49.148],[4.751,49.147],[4.825,49.153],[4.833,49.148],[4.816,49.14],[4.767,49.121],[4.741,49.144],[4.739,49.146]]]}},{"type":"Feature","properties":{"code":"51193","nom":"Courtisols","departement":"51","region":"44","epci":"200043438"},"geometry":{"type":"Polygon","coordinates":[[[4.601,48.95],[4.582,48.959],[4.53,48.955],[4.538,48.939],[4.487,48.925],[4.486,48.927],[4.473,48.936],[4.453,48.948],[4.454,48.959],[4.469,48.962],[4.492,49.019],[4.521,49.027],[4.564,49.018],[4.573,48.967],[4.597,48.961],[4.601,48.95]]]}},{"type":"Feature","properties":{"code":"51195","nom":"Couvrot","departement":"51","region":"44","epci":"200034718"},"geometry":{"type":"Polygon","coordinates":[[[4.574,48.748],[4.549,48.772],[4.592,48.78],[4.602,48.775],[4.608,48.769],[4.574,48.748]]]}},{"type":"Feature","properties":{"code":"51197","nom":"La Croix-en-Champagne","departement":"51","region":"44","epci":"200042620"},"geometry":{"type":"Polygon","coordinates":[[[4.702,49.069],[4.701,49.065],[4.661,49.047],[4.638,49.055],[4.618,49.087],[4.694,49.084],[4.702,49.069]]]}},{"type":"Feature","properties":{"code":"51203","nom":"Cuperly","departement":"51","region":"44","epci":"200042620"},"geometry":{"type":"Polygon","coordinates":[[[4.453,49.032],[4.424,49.039],[4.41,49.053],[4.436,49.07],[4.455,49.101],[4.461,49.103],[4.482,49.094],[4.462,49.069],[4.453,49.032]]]}},{"type":"Feature","properties":{"code":"51206","nom":"Dampierre-le-Château","departement":"51","region":"44","epci":"200042703"},"geometry":{"type":"Polygon","coordinates":[[[4.832,48.994],[4.83,48.994],[4.778,49.002],[4.758,49.011],[4.822,49.021],[4.834,49.013],[4.832,48.994]]]}},{"type":"Feature","properties":{"code":"51208","nom":"Dampierre-sur-Moivre","departement":"51","region":"44","epci":"200043438"},"geometry":{"type":"Polygon","coordinates":[[[4.552,48.908],[4.604,48.872],[4.613,48.855],[4.597,48.855],[4.568,48.87],[4.534,48.899],[4.552,48.908]]]}},{"type":"Feature","properties":{"code":"51211","nom":"Dommartin-Dampierre","departement":"51","region":"44","epci":"200042703"},"geometry":{"type":"Polygon","coordinates":[[[4.808,49.064],[4.808,49.064],[4.81,49.085],[4.839,49.08],[4.848,49.078],[4.838,49.051],[4.82,49.044],[4.808,49.064]]]}},{"type":"Feature","properties":{"code":"51212","nom":"Dommartin-Lettrée","departement":"51","region":"44","epci":"200066876"},"geometry":{"type":"Polygon","coordinates":[[[4.253,48.732],[4.257,48.751],[4.232,48.775],[4.31,48.803],[4.311,48.802],[4.337,48.787],[4.328,48.762],[4.253,48.732]]]}},{"type":"Feature","properties":{"code":"51213","nom":"Dommartin-sous-Hans","departement":"51","region":"44","epci":"200042703"},"geometry":{"type":"Polygon","coordinates":[[[4.816,49.14],[4.818,49.128],[4.794,49.113],[4.78,49.106],[4.767,49.121],[4.816,49.14]]]}},{"type":"Feature","properties":{"code":"51214","nom":"Dommartin-Varimont","departement":"51","region":"44","epci":"200042703"},"geometry":{"type":"Polygon","coordinates":[[[4.798,48.963],[4.794,48.96],[4.719,48.961],[4.74,48.987],[4.778,49.002],[4.83,48.994],[4.798,48.963]]]}},{"type":"Feature","properties":{"code":"51215","nom":"Dompremy","departement":"51","region":"44","epci":"200042992"},"geometry":{"type":"Polygon","coordinates":[[[4.721,48.734],[4.721,48.743],[4.749,48.735],[4.759,48.73],[4.744,48.719],[4.721,48.734]]]}},{"type":"Feature","properties":{"code":"51216","nom":"Dontrien","departement":"51","region":"44","epci":"200067213"},"geometry":{"type":"Polygon","coordinates":[[[4.448,49.271],[4.436,49.226],[4.407,49.231],[4.354,49.226],[4.406,49.241],[4.448,49.271]]]}},{"type":"Feature","properties":{"code":"51218","nom":"Val-de-Vière","departement":"51","region":"44","epci":"200067379"},"geometry":{"type":"Polygon","coordinates":[[[4.717,48.842],[4.726,48.847],[4.785,48.82],[4.779,48.812],[4.761,48.795],[4.749,48.793],[4.706,48.823],[4.717,48.842]]]}},{"type":"Feature","properties":{"code":"51219","nom":"Drosnay","departement":"51","region":"44","epci":"200042992"},"geometry":{"type":"Polygon","coordinates":[[[4.667,48.583],[4.648,48.559],[4.629,48.557],[4.603,48.556],[4.563,48.573],[4.605,48.588],[4.637,48.592],[4.667,48.583]]]}},{"type":"Feature","properties":{"code":"51220","nom":"Drouilly","departement":"51","region":"44","epci":"200034718"},"geometry":{"type":"Polygon","coordinates":[[[4.515,48.767],[4.483,48.761],[4.532,48.778],[4.539,48.778],[4.515,48.767]]]}},{"type":"Feature","properties":{"code":"51222","nom":"Éclaires","departement":"51","region":"44","epci":"200042703"},"geometry":{"type":"Polygon","coordinates":[[[4.996,48.983],[4.97,48.971],[4.973,48.982],[4.996,48.987],[4.985,49.014],[5.035,49.023],[5.036,49.021],[5.032,49.001],[4.996,48.983]]]}},{"type":"Feature","properties":{"code":"51223","nom":"Écollemont","departement":"51","region":"44","epci":"200042992"},"geometry":{"type":"Polygon","coordinates":[[[4.748,48.62],[4.732,48.606],[4.741,48.623],[4.748,48.62]]]}},{"type":"Feature","properties":{"code":"51224","nom":"Écriennes","departement":"51","region":"44","epci":"200042992"},"geometry":{"type":"Polygon","coordinates":[[[4.702,48.705],[4.709,48.705],[4.704,48.681],[4.662,48.689],[4.663,48.692],[4.702,48.705]]]}},{"type":"Feature","properties":{"code":"51227","nom":"Écury-sur-Coole","departement":"51","region":"44","epci":"200043438"},"geometry":{"type":"Polygon","coordinates":[[[4.287,48.896],[4.329,48.898],[4.365,48.925],[4.387,48.91],[4.368,48.884],[4.348,48.871],[4.345,48.871],[4.336,48.871],[4.286,48.895],[4.287,48.896]]]}},{"type":"Feature","properties":{"code":"51228","nom":"Élise-Daucourt","departement":"51","region":"44","epci":"200042703"},"geometry":{"type":"Polygon","coordinates":[[[4.83,49.024],[4.818,49.032],[4.82,49.044],[4.838,49.051],[4.878,49.061],[4.894,49.051],[4.905,49.034],[4.866,49.034],[4.83,49.024]]]}},{"type":"Feature","properties":{"code":"51229","nom":"Épense","departement":"51","region":"44","epci":"200042703"},"geometry":{"type":"Polygon","coordinates":[[[4.83,48.994],[4.832,48.994],[4.867,48.988],[4.865,48.98],[4.85,48.963],[4.822,48.955],[4.798,48.963],[4.83,48.994]]]}},{"type":"Feature","properties":{"code":"51231","nom":"L'Épine","departement":"51","region":"44","epci":"200066876"},"geometry":{"type":"Polygon","coordinates":[[[4.393,49.001],[4.395,49.002],[4.465,49.024],[4.492,49.019],[4.469,48.962],[4.454,48.959],[4.431,48.97],[4.393,49.001]]]}},{"type":"Feature","properties":{"code":"51240","nom":"Étrepy","departement":"51","region":"44","epci":"200067379"},"geometry":{"type":"Polygon","coordinates":[[[4.829,48.753],[4.815,48.748],[4.793,48.756],[4.807,48.781],[4.821,48.774],[4.829,48.753]]]}},{"type":"Feature","properties":{"code":"51242","nom":"Fagnières","departement":"51","region":"44","epci":"200066876"},"geometry":{"type":"Polygon","coordinates":[[[4.309,48.978],[4.313,48.979],[4.342,48.965],[4.342,48.942],[4.286,48.917],[4.27,48.936],[4.297,48.961],[4.309,48.978]]]}},{"type":"Feature","properties":{"code":"51244","nom":"Faux-Vésigneul","departement":"51","region":"44","epci":"200043438"},"geometry":{"type":"Polygon","coordinates":[[[4.427,48.764],[4.368,48.76],[4.347,48.744],[4.328,48.762],[4.337,48.787],[4.346,48.805],[4.389,48.826],[4.393,48.815],[4.419,48.792],[4.447,48.771],[4.427,48.764]]]}},{"type":"Feature","properties":{"code":"51246","nom":"Favresse","departement":"51","region":"44","epci":"200042992"},"geometry":{"type":"Polygon","coordinates":[[[4.686,48.725],[4.69,48.735],[4.721,48.734],[4.744,48.719],[4.744,48.704],[4.709,48.705],[4.702,48.705],[4.706,48.715],[4.686,48.725]]]}},{"type":"Feature","properties":{"code":"51253","nom":"Florent-en-Argonne","departement":"51","region":"44","epci":"200042703"},"geometry":{"type":"Polygon","coordinates":[[[4.938,49.113],[4.927,49.127],[4.929,49.156],[4.954,49.171],[4.964,49.155],[4.975,49.133],[4.979,49.129],[4.938,49.113]]]}},{"type":"Feature","properties":{"code":"51255","nom":"Fontaine-en-Dormois","departement":"51","region":"44","epci":"200042703"},"geometry":{"type":"Polygon","coordinates":[[[4.745,49.241],[4.742,49.232],[4.697,49.237],[4.718,49.251],[4.73,49.252],[4.745,49.241]]]}},{"type":"Feature","properties":{"code":"51259","nom":"Francheville","departement":"51","region":"44","epci":"200043438"},"geometry":{"type":"Polygon","coordinates":[[[4.568,48.87],[4.536,48.862],[4.529,48.866],[4.512,48.885],[4.534,48.899],[4.568,48.87]]]}},{"type":"Feature","properties":{"code":"51260","nom":"Le Fresne","departement":"51","region":"44","epci":"200043438"},"geometry":{"type":"Polygon","coordinates":[[[4.707,48.921],[4.698,48.893],[4.677,48.878],[4.64,48.892],[4.641,48.924],[4.626,48.946],[4.635,48.948],[4.66,48.917],[4.707,48.921]]]}},{"type":"Feature","properties":{"code":"51262","nom":"Frignicourt","departement":"51","region":"44","epci":"200034718"},"geometry":{"type":"Polygon","coordinates":[[[4.602,48.715],[4.621,48.709],[4.611,48.687],[4.589,48.683],[4.582,48.688],[4.576,48.702],[4.568,48.708],[4.571,48.717],[4.58,48.713],[4.602,48.715]]]}},{"type":"Feature","properties":{"code":"51269","nom":"Giffaumont-Champaubert","departement":"51","region":"44","epci":"200042992"},"geometry":{"type":"Polygon","coordinates":[[[4.7,48.563],[4.7,48.571],[4.714,48.591],[4.729,48.598],[4.74,48.572],[4.771,48.577],[4.799,48.53],[4.786,48.531],[4.725,48.541],[4.7,48.563]]]}},{"type":"Feature","properties":{"code":"51270","nom":"Gigny-Bussy","departement":"51","region":"44","epci":"200042992"},"geometry":{"type":"Polygon","coordinates":[[[4.529,48.609],[4.528,48.616],[4.588,48.633],[4.606,48.625],[4.637,48.592],[4.605,48.588],[4.553,48.606],[4.529,48.609]]]}},{"type":"Feature","properties":{"code":"51272","nom":"Givry-en-Argonne","departement":"51","region":"44","epci":"200042703"},"geometry":{"type":"Polygon","coordinates":[[[4.88,48.953],[4.93,48.959],[4.923,48.942],[4.89,48.936],[4.885,48.943],[4.88,48.953]]]}},{"type":"Feature","properties":{"code":"51274","nom":"Gizaucourt","departement":"51","region":"44","epci":"200042703"},"geometry":{"type":"Polygon","coordinates":[[[4.808,49.064],[4.808,49.064],[4.782,49.039],[4.754,49.064],[4.808,49.064]]]}},{"type":"Feature","properties":{"code":"51275","nom":"Glannes","departement":"51","region":"44","epci":"200034718"},"geometry":{"type":"Polygon","coordinates":[[[4.568,48.708],[4.511,48.706],[4.466,48.698],[4.434,48.682],[4.447,48.704],[4.498,48.716],[4.571,48.717],[4.568,48.708]]]}},{"type":"Feature","properties":{"code":"51277","nom":"Sainte-Marie-du-Lac-Nuisement","departement":"51","region":"44","epci":"200042992"},"geometry":{"type":"Polygon","coordinates":[[[4.748,48.62],[4.799,48.625],[4.799,48.625],[4.802,48.598],[4.771,48.577],[4.74,48.572],[4.729,48.598],[4.732,48.606],[4.748,48.62]]]}},{"type":"Feature","properties":{"code":"51278","nom":"Les Grandes-Loges","departement":"51","region":"44","epci":"200066876"},"geometry":{"type":"Polygon","coordinates":[[[4.282,49.045],[4.256,49.057],[4.254,49.069],[4.281,49.083],[4.317,49.078],[4.328,49.07],[4.293,49.048],[4.282,49.045]]]}},{"type":"Feature","properties":{"code":"51280","nom":"Gratreuil","departement":"51","region":"44","epci":"200042703"},"geometry":{"type":"Polygon","coordinates":[[[4.704,49.255],[4.718,49.251],[4.697,49.237],[4.678,49.234],[4.67,49.241],[4.69,49.257],[4.704,49.255]]]}},{"type":"Feature","properties":{"code":"51283","nom":"Hans","departement":"51","region":"44","epci":"200042703"},"geometry":{"type":"Polygon","coordinates":[[[4.705,49.104],[4.707,49.111],[4.741,49.144],[4.767,49.121],[4.78,49.106],[4.746,49.085],[4.738,49.1],[4.705,49.104]]]}},{"type":"Feature","properties":{"code":"51284","nom":"Haussignémont","departement":"51","region":"44","epci":"200042992"},"geometry":{"type":"Polygon","coordinates":[[[4.763,48.717],[4.763,48.71],[4.754,48.703],[4.744,48.704],[4.744,48.719],[4.759,48.73],[4.763,48.717]]]}},{"type":"Feature","properties":{"code":"51286","nom":"Hauteville","departement":"51","region":"44","epci":"200068666"},"geometry":{"type":"Polygon","coordinates":[[[4.772,48.652],[4.773,48.652],[4.799,48.642],[4.799,48.625],[4.748,48.62],[4.741,48.623],[4.772,48.652]]]}},{"type":"Feature","properties":{"code":"51288","nom":"Heiltz-le-Hutier","departement":"51","region":"44","epci":"200042992"},"geometry":{"type":"Polygon","coordinates":[[[4.798,48.678],[4.782,48.67],[4.75,48.68],[4.754,48.703],[4.763,48.71],[4.79,48.702],[4.798,48.678]]]}},{"type":"Feature","properties":{"code":"51289","nom":"Heiltz-le-Maurupt","departement":"51","region":"44","epci":"200067379"},"geometry":{"type":"Polygon","coordinates":[[[4.821,48.774],[4.807,48.781],[4.802,48.783],[4.798,48.807],[4.826,48.83],[4.842,48.836],[4.844,48.835],[4.853,48.8],[4.859,48.784],[4.859,48.782],[4.821,48.774]]]}},{"type":"Feature","properties":{"code":"51290","nom":"Heiltz-l'Évêque","departement":"51","region":"44","epci":"200067379"},"geometry":{"type":"Polygon","coordinates":[[[4.706,48.778],[4.735,48.792],[4.749,48.793],[4.761,48.795],[4.772,48.774],[4.765,48.772],[4.733,48.766],[4.71,48.768],[4.701,48.771],[4.706,48.778]]]}},{"type":"Feature","properties":{"code":"51292","nom":"Herpont","departement":"51","region":"44","epci":"200042703"},"geometry":{"type":"Polygon","coordinates":[[[4.715,49.011],[4.742,49.013],[4.758,49.011],[4.778,49.002],[4.74,48.987],[4.719,48.961],[4.695,48.965],[4.685,48.968],[4.681,48.969],[4.674,48.99],[4.715,49.011]]]}},{"type":"Feature","properties":{"code":"51293","nom":"Heutrégiville","departement":"51","region":"44","epci":"200067213"},"geometry":{"type":"Polygon","coordinates":[[[4.215,49.315],[4.213,49.32],[4.29,49.347],[4.308,49.327],[4.29,49.321],[4.215,49.315]]]}},{"type":"Feature","properties":{"code":"51295","nom":"Huiron","departement":"51","region":"44","epci":"200034718"},"geometry":{"type":"Polygon","coordinates":[[[4.434,48.682],[4.466,48.698],[4.511,48.706],[4.568,48.708],[4.576,48.702],[4.523,48.697],[4.44,48.672],[4.436,48.679],[4.434,48.682]]]}},{"type":"Feature","properties":{"code":"51296","nom":"Humbauville","departement":"51","region":"44","epci":"200034718"},"geometry":{"type":"Polygon","coordinates":[[[4.33,48.636],[4.325,48.642],[4.368,48.661],[4.436,48.679],[4.44,48.672],[4.453,48.66],[4.382,48.64],[4.33,48.636]]]}},{"type":"Feature","properties":{"code":"51300","nom":"Isle-sur-Marne","departement":"51","region":"44","epci":"200042992"},"geometry":{"type":"Polygon","coordinates":[[[4.673,48.634],[4.686,48.66],[4.694,48.664],[4.699,48.658],[4.698,48.636],[4.673,48.634]]]}},{"type":"Feature","properties":{"code":"51307","nom":"Jonchery-sur-Suippe","departement":"51","region":"44","epci":"200042620"},"geometry":{"type":"Polygon","coordinates":[[[4.43,49.122],[4.449,49.154],[4.511,49.17],[4.525,49.157],[4.488,49.136],[4.461,49.103],[4.455,49.101],[4.447,49.112],[4.43,49.122]]]}},{"type":"Feature","properties":{"code":"51311","nom":"Jussecourt-Minecourt","departement":"51","region":"44","epci":"200067379"},"geometry":{"type":"Polygon","coordinates":[[[4.761,48.795],[4.779,48.812],[4.798,48.807],[4.802,48.783],[4.772,48.774],[4.761,48.795]]]}},{"type":"Feature","properties":{"code":"51312","nom":"Juvigny","departement":"51","region":"44","epci":"200066876"},"geometry":{"type":"Polygon","coordinates":[[[4.282,49.045],[4.293,49.048],[4.314,49.008],[4.263,48.992],[4.228,49.005],[4.224,49.008],[4.282,49.045]]]}},{"type":"Feature","properties":{"code":"51315","nom":"Landricourt","departement":"51","region":"44","epci":"200068666"},"geometry":{"type":"Polygon","coordinates":[[[4.802,48.598],[4.799,48.625],[4.829,48.612],[4.802,48.598]]]}},{"type":"Feature","properties":{"code":"51316","nom":"Larzicourt","departement":"51","region":"44","epci":"200042992"},"geometry":{"type":"Polygon","coordinates":[[[4.773,48.657],[4.772,48.652],[4.741,48.623],[4.732,48.606],[4.729,48.598],[4.714,48.591],[4.698,48.636],[4.699,48.658],[4.773,48.657]]]}},{"type":"Feature","properties":{"code":"51317","nom":"Laval-sur-Tourbe","departement":"51","region":"44","epci":"200042620"},"geometry":{"type":"Polygon","coordinates":[[[4.736,49.148],[4.739,49.146],[4.69,49.133],[4.619,49.13],[4.627,49.153],[4.721,49.148],[4.736,49.148]]]}},{"type":"Feature","properties":{"code":"51322","nom":"Lignon","departement":"51","region":"44","epci":"200034718"},"geometry":{"type":"Polygon","coordinates":[[[4.535,48.574],[4.517,48.569],[4.529,48.609],[4.553,48.606],[4.535,48.574]]]}},{"type":"Feature","properties":{"code":"51325","nom":"Lisse-en-Champagne","departement":"51","region":"44","epci":"200067379"},"geometry":{"type":"Polygon","coordinates":[[[4.661,48.836],[4.663,48.837],[4.671,48.819],[4.648,48.801],[4.626,48.808],[4.661,48.836]]]}},{"type":"Feature","properties":{"code":"51326","nom":"Livry-Louvercy","departement":"51","region":"44","epci":"200066876"},"geometry":{"type":"Polygon","coordinates":[[[4.251,49.117],[4.273,49.128],[4.306,49.119],[4.353,49.125],[4.391,49.117],[4.341,49.104],[4.317,49.078],[4.281,49.083],[4.262,49.104],[4.251,49.117]]]}},{"type":"Feature","properties":{"code":"51328","nom":"Loisy-sur-Marne","departement":"51","region":"44","epci":"200034718"},"geometry":{"type":"Polygon","coordinates":[[[4.549,48.772],[4.574,48.748],[4.575,48.747],[4.51,48.729],[4.528,48.746],[4.515,48.767],[4.539,48.778],[4.549,48.772]]]}},{"type":"Feature","properties":{"code":"51334","nom":"Luxémont-et-Villotte","departement":"51","region":"44","epci":"200042992"},"geometry":{"type":"Polygon","coordinates":[[[4.641,48.723],[4.645,48.719],[4.663,48.692],[4.662,48.689],[4.643,48.681],[4.628,48.683],[4.611,48.687],[4.621,48.709],[4.641,48.723]]]}},{"type":"Feature","properties":{"code":"51336","nom":"Maffrécourt","departement":"51","region":"44","epci":"200042703"},"geometry":{"type":"Polygon","coordinates":[[[4.847,49.109],[4.834,49.106],[4.798,49.105],[4.794,49.113],[4.818,49.128],[4.847,49.109]]]}},{"type":"Feature","properties":{"code":"51339","nom":"Mairy-sur-Marne","departement":"51","region":"44","epci":"200043438"},"geometry":{"type":"Polygon","coordinates":[[[4.413,48.893],[4.424,48.887],[4.434,48.87],[4.436,48.862],[4.385,48.838],[4.384,48.839],[4.36,48.859],[4.348,48.871],[4.368,48.884],[4.413,48.893]]]}},{"type":"Feature","properties":{"code":"51340","nom":"Maisons-en-Champagne","departement":"51","region":"44","epci":"200034718"},"geometry":{"type":"Polygon","coordinates":[[[4.51,48.729],[4.445,48.711],[4.402,48.715],[4.399,48.725],[4.455,48.748],[4.483,48.761],[4.515,48.767],[4.528,48.746],[4.51,48.729]]]}},{"type":"Feature","properties":{"code":"51341","nom":"Malmy","departement":"51","region":"44","epci":"200042703"},"geometry":{"type":"Polygon","coordinates":[[[4.787,49.175],[4.79,49.186],[4.819,49.196],[4.836,49.17],[4.787,49.175]]]}},{"type":"Feature","properties":{"code":"51349","nom":"Margerie-Hancourt","departement":"51","region":"44","epci":"200034718"},"geometry":{"type":"Polygon","coordinates":[[[4.46,48.569],[4.462,48.571],[4.508,48.563],[4.517,48.569],[4.535,48.574],[4.563,48.573],[4.603,48.556],[4.629,48.557],[4.641,48.554],[4.581,48.548],[4.531,48.53],[4.521,48.545],[4.511,48.548],[4.46,48.569]]]}},{"type":"Feature","properties":{"code":"51352","nom":"Marolles","departement":"51","region":"44","epci":"200034718"},"geometry":{"type":"Polygon","coordinates":[[[4.638,48.725],[4.641,48.723],[4.621,48.709],[4.602,48.715],[4.614,48.73],[4.638,48.725]]]}},{"type":"Feature","properties":{"code":"51354","nom":"Marson","departement":"51","region":"44","epci":"200043438"},"geometry":{"type":"Polygon","coordinates":[[[4.487,48.925],[4.538,48.939],[4.53,48.955],[4.582,48.959],[4.601,48.95],[4.608,48.944],[4.576,48.929],[4.552,48.908],[4.534,48.899],[4.512,48.885],[4.501,48.89],[4.499,48.9],[4.493,48.914],[4.487,48.925]]]}},{"type":"Feature","properties":{"code":"51355","nom":"Massiges","departement":"51","region":"44","epci":"200042703"},"geometry":{"type":"Polygon","coordinates":[[[4.763,49.182],[4.738,49.179],[4.705,49.2],[4.755,49.208],[4.763,49.182]]]}},{"type":"Feature","properties":{"code":"51356","nom":"Matignicourt-Goncourt","departement":"51","region":"44","epci":"200042992"},"geometry":{"type":"Polygon","coordinates":[[[4.704,48.681],[4.705,48.681],[4.694,48.664],[4.686,48.66],[4.665,48.665],[4.644,48.676],[4.643,48.681],[4.662,48.689],[4.704,48.681]]]}},{"type":"Feature","properties":{"code":"51358","nom":"Maurupt-le-Montois","departement":"51","region":"44","epci":"200068666"},"geometry":{"type":"Polygon","coordinates":[[[4.815,48.748],[4.829,48.753],[4.883,48.755],[4.875,48.728],[4.897,48.716],[4.868,48.707],[4.848,48.713],[4.829,48.73],[4.827,48.732],[4.817,48.736],[4.815,48.748]]]}},{"type":"Feature","properties":{"code":"51361","nom":"Le Meix-Tiercelin","departement":"51","region":"44","epci":"200034718"},"geometry":{"type":"Polygon","coordinates":[[[4.473,48.619],[4.417,48.626],[4.382,48.64],[4.453,48.66],[4.469,48.655],[4.485,48.636],[4.498,48.636],[4.473,48.619]]]}},{"type":"Feature","properties":{"code":"51363","nom":"Merlaut","departement":"51","region":"44","epci":"200067379"},"geometry":{"type":"Polygon","coordinates":[[[4.654,48.775],[4.671,48.769],[4.675,48.754],[4.663,48.748],[4.641,48.767],[4.654,48.775]]]}},{"type":"Feature","properties":{"code":"51368","nom":"Minaucourt-le-Mesnil-lès-Hurlus","departement":"51","region":"44","epci":"200042703"},"geometry":{"type":"Polygon","coordinates":[[[4.644,49.183],[4.653,49.192],[4.683,49.207],[4.694,49.207],[4.705,49.2],[4.738,49.179],[4.736,49.148],[4.721,49.148],[4.706,49.162],[4.668,49.166],[4.644,49.183]]]}},{"type":"Feature","properties":{"code":"51370","nom":"Moiremont","departement":"51","region":"44","epci":"200042703"},"geometry":{"type":"Polygon","coordinates":[[[4.927,49.127],[4.893,49.114],[4.868,49.151],[4.881,49.162],[4.929,49.156],[4.927,49.127]]]}},{"type":"Feature","properties":{"code":"51371","nom":"Moivre","departement":"51","region":"44","epci":"200043438"},"geometry":{"type":"Polygon","coordinates":[[[4.685,48.968],[4.695,48.965],[4.713,48.921],[4.707,48.921],[4.66,48.917],[4.635,48.948],[4.685,48.968]]]}},{"type":"Feature","properties":{"code":"51372","nom":"Moncetz-Longevas","departement":"51","region":"44","epci":"200066876"},"geometry":{"type":"Polygon","coordinates":[[[4.409,48.9],[4.408,48.904],[4.473,48.936],[4.486,48.927],[4.431,48.902],[4.409,48.9]]]}},{"type":"Feature","properties":{"code":"51373","nom":"Moncetz-l'Abbaye","departement":"51","region":"44","epci":"200042992"},"geometry":{"type":"Polygon","coordinates":[[[4.642,48.641],[4.637,48.644],[4.665,48.665],[4.686,48.66],[4.673,48.634],[4.665,48.632],[4.642,48.641]]]}},{"type":"Feature","properties":{"code":"51388","nom":"Mourmelon-le-Grand","departement":"51","region":"44","epci":"200066876"},"geometry":{"type":"Polygon","coordinates":[[[4.328,49.138],[4.376,49.156],[4.427,49.135],[4.43,49.122],[4.447,49.112],[4.421,49.107],[4.391,49.117],[4.353,49.125],[4.328,49.138]]]}},{"type":"Feature","properties":{"code":"51389","nom":"Mourmelon-le-Petit","departement":"51","region":"44","epci":"200066876"},"geometry":{"type":"Polygon","coordinates":[[[4.273,49.128],[4.299,49.153],[4.328,49.138],[4.353,49.125],[4.306,49.119],[4.273,49.128]]]}},{"type":"Feature","properties":{"code":"51397","nom":"La Neuville-aux-Bois","departement":"51","region":"44","epci":"200042703"},"geometry":{"type":"Polygon","coordinates":[[[4.939,48.968],[4.941,48.96],[4.93,48.959],[4.88,48.953],[4.85,48.963],[4.865,48.98],[4.891,48.973],[4.93,48.983],[4.939,48.968]]]}},{"type":"Feature","properties":{"code":"51399","nom":"La Neuville-au-Pont","departement":"51","region":"44","epci":"200042703"},"geometry":{"type":"Polygon","coordinates":[[[4.818,49.128],[4.816,49.14],[4.833,49.148],[4.868,49.151],[4.893,49.114],[4.847,49.109],[4.818,49.128]]]}},{"type":"Feature","properties":{"code":"51404","nom":"Noirlieu","departement":"51","region":"44","epci":"200042703"},"geometry":{"type":"Polygon","coordinates":[[[4.794,48.96],[4.798,48.963],[4.822,48.955],[4.834,48.939],[4.817,48.917],[4.77,48.932],[4.794,48.96]]]}},{"type":"Feature","properties":{"code":"51406","nom":"Norrois","departement":"51","region":"44","epci":"200042992"},"geometry":{"type":"Polygon","coordinates":[[[4.619,48.661],[4.606,48.662],[4.607,48.672],[4.628,48.683],[4.643,48.681],[4.644,48.676],[4.619,48.661]]]}},{"type":"Feature","properties":{"code":"51409","nom":"Nuisement-sur-Coole","departement":"51","region":"44","epci":"200043438"},"geometry":{"type":"Polygon","coordinates":[[[4.336,48.871],[4.301,48.872],[4.262,48.845],[4.242,48.867],[4.286,48.895],[4.336,48.871]]]}},{"type":"Feature","properties":{"code":"51415","nom":"Omey","departement":"51","region":"44","epci":"200043438"},"geometry":{"type":"Polygon","coordinates":[[[4.536,48.862],[4.499,48.841],[4.478,48.846],[4.478,48.848],[4.529,48.866],[4.536,48.862]]]}},{"type":"Feature","properties":{"code":"51417","nom":"Orconte","departement":"51","region":"44","epci":"200042992"},"geometry":{"type":"Polygon","coordinates":[[[4.782,48.67],[4.773,48.657],[4.699,48.658],[4.694,48.664],[4.705,48.681],[4.75,48.68],[4.782,48.67]]]}},{"type":"Feature","properties":{"code":"51419","nom":"Outines","departement":"51","region":"44","epci":"200042992"},"geometry":{"type":"Polygon","coordinates":[[[4.681,48.584],[4.7,48.571],[4.7,48.563],[4.675,48.538],[4.67,48.532],[4.651,48.537],[4.635,48.544],[4.641,48.554],[4.629,48.557],[4.648,48.559],[4.667,48.583],[4.681,48.584]]]}},{"type":"Feature","properties":{"code":"51420","nom":"Outrepont","departement":"51","region":"44","epci":"200067379"},"geometry":{"type":"Polygon","coordinates":[[[4.701,48.771],[4.71,48.768],[4.682,48.755],[4.675,48.754],[4.671,48.769],[4.701,48.771]]]}},{"type":"Feature","properties":{"code":"51423","nom":"Pargny-sur-Saulx","departement":"51","region":"44","epci":"200067379"},"geometry":{"type":"Polygon","coordinates":[[[4.821,48.774],[4.859,48.782],[4.889,48.763],[4.883,48.755],[4.829,48.753],[4.821,48.774]]]}},{"type":"Feature","properties":{"code":"51424","nom":"Passavant-en-Argonne","departement":"51","region":"44","epci":"200042703"},"geometry":{"type":"Polygon","coordinates":[[[4.97,49.018],[4.967,49.021],[5.009,49.035],[5.035,49.023],[4.985,49.014],[4.97,49.018]]]}},{"type":"Feature","properties":{"code":"51433","nom":"Plichancourt","departement":"51","region":"44","epci":"200067379"},"geometry":{"type":"Polygon","coordinates":[[[4.69,48.735],[4.686,48.725],[4.653,48.731],[4.663,48.748],[4.675,48.754],[4.682,48.755],[4.689,48.75],[4.69,48.735]]]}},{"type":"Feature","properties":{"code":"51436","nom":"Pogny","departement":"51","region":"44","epci":"200043438"},"geometry":{"type":"MultiPolygon","coordinates":[[[[4.496,48.837],[4.478,48.846],[4.499,48.841],[4.496,48.837]]],[[[4.463,48.855],[4.455,48.86],[4.501,48.89],[4.512,48.885],[4.529,48.866],[4.478,48.848],[4.473,48.849],[4.463,48.855]]]]}},{"type":"Feature","properties":{"code":"51438","nom":"Poix","departement":"51","region":"44","epci":"200043438"},"geometry":{"type":"Polygon","coordinates":[[[4.626,48.946],[4.608,48.944],[4.601,48.95],[4.597,48.961],[4.635,48.983],[4.681,48.969],[4.685,48.968],[4.635,48.948],[4.626,48.946]]]}},{"type":"Feature","properties":{"code":"51440","nom":"Pontfaverger-Moronvilliers","departement":"51","region":"44","epci":"200067213"},"geometry":{"type":"Polygon","coordinates":[[[4.308,49.327],[4.354,49.316],[4.327,49.262],[4.33,49.241],[4.315,49.23],[4.301,49.233],[4.281,49.266],[4.308,49.327]]]}},{"type":"Feature","properties":{"code":"51441","nom":"Ponthion","departement":"51","region":"44","epci":"200067379"},"geometry":{"type":"Polygon","coordinates":[[[4.75,48.736],[4.749,48.735],[4.721,48.743],[4.689,48.75],[4.682,48.755],[4.71,48.768],[4.733,48.766],[4.75,48.736]]]}},{"type":"Feature","properties":{"code":"51442","nom":"Possesse","departement":"51","region":"44","epci":"200067379"},"geometry":{"type":"Polygon","coordinates":[[[4.937,48.921],[4.916,48.9],[4.92,48.895],[4.899,48.884],[4.856,48.89],[4.823,48.87],[4.803,48.869],[4.783,48.885],[4.777,48.898],[4.82,48.911],[4.858,48.909],[4.891,48.922],[4.937,48.921]]]}},{"type":"Feature","properties":{"code":"51446","nom":"Pringy","departement":"51","region":"44","epci":"200034718"},"geometry":{"type":"Polygon","coordinates":[[[4.427,48.764],[4.447,48.771],[4.52,48.796],[4.532,48.778],[4.483,48.761],[4.455,48.748],[4.427,48.764]]]}},{"type":"Feature","properties":{"code":"51447","nom":"Prosnes","departement":"51","region":"44","epci":"200067213"},"geometry":{"type":"Polygon","coordinates":[[[4.347,49.201],[4.348,49.195],[4.3,49.168],[4.27,49.175],[4.259,49.186],[4.268,49.219],[4.301,49.233],[4.315,49.23],[4.342,49.221],[4.347,49.201]]]}},{"type":"Feature","properties":{"code":"51452","nom":"Rapsécourt","departement":"51","region":"44","epci":"200042703"},"geometry":{"type":"Polygon","coordinates":[[[4.83,49.024],[4.822,49.021],[4.758,49.011],[4.742,49.013],[4.75,49.018],[4.776,49.029],[4.818,49.032],[4.83,49.024]]]}},{"type":"Feature","properties":{"code":"51453","nom":"Recy","departement":"51","region":"44","epci":"200066876"},"geometry":{"type":"Polygon","coordinates":[[[4.313,48.979],[4.309,48.978],[4.284,48.987],[4.263,48.992],[4.314,49.008],[4.35,49.02],[4.375,49.018],[4.374,49.013],[4.313,48.979]]]}},{"type":"Feature","properties":{"code":"51455","nom":"Reims-la-Brûlée","departement":"51","region":"44","epci":"200067379"},"geometry":{"type":"Polygon","coordinates":[[[4.645,48.719],[4.641,48.723],[4.638,48.725],[4.653,48.731],[4.686,48.725],[4.706,48.715],[4.672,48.708],[4.645,48.719]]]}},{"type":"Feature","properties":{"code":"51456","nom":"Remicourt","departement":"51","region":"44","epci":"200042703"},"geometry":{"type":"Polygon","coordinates":[[[4.834,48.939],[4.822,48.955],[4.85,48.963],[4.88,48.953],[4.885,48.943],[4.869,48.933],[4.834,48.939]]]}},{"type":"Feature","properties":{"code":"51463","nom":"Les Rivières-Henruel","departement":"51","region":"44","epci":"200034718"},"geometry":{"type":"Polygon","coordinates":[[[4.511,48.633],[4.498,48.636],[4.485,48.636],[4.528,48.653],[4.565,48.676],[4.575,48.659],[4.568,48.644],[4.511,48.633]]]}},{"type":"Feature","properties":{"code":"51470","nom":"Rouvroy-Ripont","departement":"51","region":"44","epci":"200042703"},"geometry":{"type":"Polygon","coordinates":[[[4.742,49.232],[4.737,49.217],[4.694,49.207],[4.683,49.207],[4.678,49.234],[4.697,49.237],[4.742,49.232]]]}},{"type":"Feature","properties":{"code":"51472","nom":"Saint-Amand-sur-Fion","departement":"51","region":"44","epci":"200067379"},"geometry":{"type":"Polygon","coordinates":[[[4.562,48.806],[4.587,48.846],[4.597,48.855],[4.613,48.855],[4.63,48.863],[4.631,48.863],[4.661,48.836],[4.626,48.808],[4.588,48.784],[4.562,48.806]]]}},{"type":"Feature","properties":{"code":"51475","nom":"Saint-Chéron","departement":"51","region":"44","epci":"200034718"},"geometry":{"type":"Polygon","coordinates":[[[4.568,48.644],[4.588,48.633],[4.528,48.616],[4.511,48.633],[4.568,48.644]]]}},{"type":"Feature","properties":{"code":"51476","nom":"Saint-Étienne-au-Temple","departement":"51","region":"44","epci":"200066876"},"geometry":{"type":"Polygon","coordinates":[[[4.424,49.039],[4.453,49.032],[4.465,49.024],[4.395,49.002],[4.383,49.016],[4.424,49.039]]]}},{"type":"Feature","properties":{"code":"51478","nom":"Saint-Eulien","departement":"51","region":"44","epci":"200068666"},"geometry":{"type":"Polygon","coordinates":[[[4.855,48.667],[4.846,48.672],[4.878,48.7],[4.911,48.689],[4.868,48.667],[4.855,48.667]]]}},{"type":"Feature","properties":{"code":"51482","nom":"Saint-Germain-la-Ville","departement":"51","region":"44","epci":"200043438"},"geometry":{"type":"Polygon","coordinates":[[[4.499,48.9],[4.434,48.87],[4.424,48.887],[4.493,48.914],[4.499,48.9]]]}},{"type":"Feature","properties":{"code":"51483","nom":"Saint-Gibrien","departement":"51","region":"44","epci":"200066876"},"geometry":{"type":"Polygon","coordinates":[[[4.309,48.978],[4.297,48.961],[4.274,48.977],[4.284,48.987],[4.309,48.978]]]}},{"type":"Feature","properties":{"code":"51485","nom":"La Neuville-au-Temple","departement":"51","region":"44","epci":"200066876"},"geometry":{"type":"Polygon","coordinates":[[[4.41,49.053],[4.424,49.039],[4.383,49.016],[4.374,49.013],[4.375,49.018],[4.374,49.039],[4.348,49.057],[4.374,49.067],[4.41,49.053]]]}},{"type":"Feature","properties":{"code":"51486","nom":"Saint-Hilaire-le-Grand","departement":"51","region":"44","epci":"200042620"},"geometry":{"type":"Polygon","coordinates":[[[4.483,49.206],[4.522,49.208],[4.503,49.182],[4.511,49.17],[4.449,49.154],[4.43,49.122],[4.427,49.135],[4.376,49.156],[4.382,49.173],[4.459,49.192],[4.476,49.208],[4.483,49.206]]]}},{"type":"Feature","properties":{"code":"51487","nom":"Saint-Hilaire-le-Petit","departement":"51","region":"44","epci":"200067213"},"geometry":{"type":"Polygon","coordinates":[[[4.409,49.287],[4.447,49.273],[4.343,49.239],[4.33,49.241],[4.327,49.262],[4.377,49.282],[4.409,49.287]]]}},{"type":"Feature","properties":{"code":"51489","nom":"Saint-Jean-devant-Possesse","departement":"51","region":"44","epci":"200067379"},"geometry":{"type":"Polygon","coordinates":[[[4.803,48.869],[4.803,48.856],[4.769,48.865],[4.767,48.876],[4.783,48.885],[4.803,48.869]]]}},{"type":"Feature","properties":{"code":"51490","nom":"Saint-Jean-sur-Moivre","departement":"51","region":"44","epci":"200043438"},"geometry":{"type":"Polygon","coordinates":[[[4.613,48.855],[4.604,48.872],[4.552,48.908],[4.576,48.929],[4.61,48.878],[4.63,48.863],[4.613,48.855]]]}},{"type":"Feature","properties":{"code":"51491","nom":"Saint-Jean-sur-Tourbe","departement":"51","region":"44","epci":"200042620"},"geometry":{"type":"Polygon","coordinates":[[[4.739,49.146],[4.741,49.144],[4.707,49.111],[4.628,49.108],[4.619,49.13],[4.69,49.133],[4.739,49.146]]]}},{"type":"Feature","properties":{"code":"51496","nom":"Saint-Lumier-en-Champagne","departement":"51","region":"44","epci":"200067379"},"geometry":{"type":"Polygon","coordinates":[[[4.588,48.784],[4.626,48.808],[4.648,48.801],[4.653,48.79],[4.602,48.775],[4.592,48.78],[4.588,48.784]]]}},{"type":"Feature","properties":{"code":"51497","nom":"Saint-Lumier-la-Populeuse","departement":"51","region":"44","epci":"200067379"},"geometry":{"type":"Polygon","coordinates":[[[4.787,48.723],[4.827,48.732],[4.829,48.73],[4.787,48.723]]]}},{"type":"Feature","properties":{"code":"51498","nom":"Saint-Mard-sur-Auve","departement":"51","region":"44","epci":"200042703"},"geometry":{"type":"Polygon","coordinates":[[[4.75,49.018],[4.742,49.013],[4.715,49.011],[4.71,49.049],[4.729,49.054],[4.75,49.018]]]}},{"type":"Feature","properties":{"code":"51500","nom":"Saint-Mard-sur-le-Mont","departement":"51","region":"44","epci":"200042703"},"geometry":{"type":"Polygon","coordinates":[[[4.891,48.922],[4.858,48.909],[4.82,48.911],[4.817,48.917],[4.834,48.939],[4.869,48.933],[4.885,48.943],[4.89,48.936],[4.891,48.922]]]}},{"type":"Feature","properties":{"code":"51501","nom":"Sainte-Marie-à-Py","departement":"51","region":"44","epci":"200042620"},"geometry":{"type":"Polygon","coordinates":[[[4.553,49.217],[4.522,49.208],[4.483,49.206],[4.479,49.258],[4.492,49.281],[4.516,49.282],[4.53,49.241],[4.553,49.217]]]}},{"type":"Feature","properties":{"code":"51502","nom":"Saint-Martin-aux-Champs","departement":"51","region":"44","epci":"200043438"},"geometry":{"type":"Polygon","coordinates":[[[4.505,48.815],[4.501,48.812],[4.449,48.801],[4.453,48.812],[4.496,48.833],[4.505,48.815]]]}},{"type":"Feature","properties":{"code":"51503","nom":"Saint-Martin-l'Heureux","departement":"51","region":"44","epci":"200067213"},"geometry":{"type":"Polygon","coordinates":[[[4.447,49.273],[4.447,49.273],[4.448,49.271],[4.406,49.241],[4.354,49.226],[4.342,49.221],[4.315,49.23],[4.33,49.241],[4.343,49.239],[4.447,49.273]]]}},{"type":"Feature","properties":{"code":"51504","nom":"Saint-Martin-sur-le-Pré","departement":"51","region":"44","epci":"200066876"},"geometry":{"type":"Polygon","coordinates":[[[4.374,49.013],[4.383,49.016],[4.395,49.002],[4.393,49.001],[4.342,48.965],[4.313,48.979],[4.374,49.013]]]}},{"type":"Feature","properties":{"code":"51506","nom":"Saint-Memmie","departement":"51","region":"44","epci":"200066876"},"geometry":{"type":"Polygon","coordinates":[[[4.419,48.939],[4.379,48.946],[4.391,48.963],[4.431,48.97],[4.454,48.959],[4.453,48.948],[4.419,48.939]]]}},{"type":"Feature","properties":{"code":"51507","nom":"Sainte-Menehould","departement":"51","region":"44","epci":"200042703"},"geometry":{"type":"Polygon","coordinates":[[[4.998,49.092],[5.004,49.066],[4.932,49.041],[4.919,49.054],[4.919,49.076],[4.882,49.067],[4.866,49.079],[4.907,49.117],[4.938,49.113],[4.979,49.129],[4.985,49.122],[4.998,49.092]]]}},{"type":"Feature","properties":{"code":"51508","nom":"Saint-Ouen-Domprot","departement":"51","region":"44","epci":"200034718"},"geometry":{"type":"Polygon","coordinates":[[[4.35,48.598],[4.331,48.602],[4.315,48.616],[4.33,48.636],[4.382,48.64],[4.417,48.626],[4.473,48.619],[4.458,48.59],[4.447,48.586],[4.413,48.585],[4.35,48.598]]]}},{"type":"Feature","properties":{"code":"51510","nom":"Saint-Quentin-les-Marais","departement":"51","region":"44","epci":"200067379"},"geometry":{"type":"Polygon","coordinates":[[[4.608,48.769],[4.602,48.775],[4.653,48.79],[4.657,48.786],[4.654,48.775],[4.641,48.767],[4.608,48.769]]]}},{"type":"Feature","properties":{"code":"51512","nom":"Saint-Quentin-sur-Coole","departement":"51","region":"44","epci":"200043438"},"geometry":{"type":"Polygon","coordinates":[[[4.304,48.825],[4.299,48.838],[4.345,48.871],[4.348,48.871],[4.36,48.859],[4.304,48.825]]]}},{"type":"Feature","properties":{"code":"51513","nom":"Saint-Remy-en-Bouzemont-Saint-Genest-et-Isson","departement":"51","region":"44","epci":"200042992"},"geometry":{"type":"Polygon","coordinates":[[[4.637,48.592],[4.606,48.625],[4.642,48.641],[4.665,48.632],[4.685,48.6],[4.681,48.584],[4.667,48.583],[4.637,48.592]]]}},{"type":"Feature","properties":{"code":"51515","nom":"Saint-Remy-sur-Bussy","departement":"51","region":"44","epci":"200042620"},"geometry":{"type":"Polygon","coordinates":[[[4.611,49.093],[4.618,49.087],[4.638,49.055],[4.605,49.045],[4.59,49.028],[4.567,49.019],[4.544,49.091],[4.611,49.093]]]}},{"type":"Feature","properties":{"code":"51517","nom":"Saint-Souplet-sur-Py","departement":"51","region":"44","epci":"200067213"},"geometry":{"type":"Polygon","coordinates":[[[4.436,49.219],[4.436,49.226],[4.448,49.271],[4.447,49.273],[4.454,49.276],[4.484,49.28],[4.492,49.281],[4.479,49.258],[4.483,49.206],[4.476,49.208],[4.436,49.219]]]}},{"type":"Feature","properties":{"code":"51519","nom":"Saint-Thomas-en-Argonne","departement":"51","region":"44","epci":"200042703"},"geometry":{"type":"Polygon","coordinates":[[[4.884,49.201],[4.864,49.178],[4.854,49.186],[4.884,49.201]]]}},{"type":"Feature","properties":{"code":"51520","nom":"Saint-Utin","departement":"51","region":"44","epci":"200034718"},"geometry":{"type":"Polygon","coordinates":[[[4.46,48.569],[4.511,48.548],[4.495,48.539],[4.464,48.548],[4.428,48.553],[4.46,48.569]]]}},{"type":"Feature","properties":{"code":"51521","nom":"Saint-Vrain","departement":"51","region":"44","epci":"200068666"},"geometry":{"type":"Polygon","coordinates":[[[4.878,48.7],[4.826,48.695],[4.82,48.68],[4.798,48.678],[4.79,48.702],[4.848,48.713],[4.868,48.707],[4.878,48.7]]]}},{"type":"Feature","properties":{"code":"51522","nom":"Sapignicourt","departement":"51","region":"44","epci":"200068666"},"geometry":{"type":"Polygon","coordinates":[[[4.842,48.65],[4.839,48.646],[4.799,48.642],[4.773,48.652],[4.842,48.65]]]}},{"type":"Feature","properties":{"code":"51525","nom":"Sarry","departement":"51","region":"44","epci":"200066876"},"geometry":{"type":"Polygon","coordinates":[[[4.408,48.904],[4.387,48.91],[4.365,48.925],[4.357,48.931],[4.361,48.938],[4.381,48.93],[4.419,48.939],[4.453,48.948],[4.473,48.936],[4.408,48.904]]]}},{"type":"Feature","properties":{"code":"51528","nom":"Scrupt","departement":"51","region":"44","epci":"200042992"},"geometry":{"type":"Polygon","coordinates":[[[4.763,48.71],[4.763,48.717],[4.787,48.723],[4.829,48.73],[4.848,48.713],[4.79,48.702],[4.763,48.71]]]}},{"type":"Feature","properties":{"code":"51529","nom":"Selles","departement":"51","region":"44","epci":"200067213"},"geometry":{"type":"Polygon","coordinates":[[[4.29,49.321],[4.308,49.327],[4.281,49.266],[4.262,49.274],[4.259,49.298],[4.29,49.321]]]}},{"type":"Feature","properties":{"code":"51530","nom":"Sept-Saulx","departement":"51","region":"44","epci":"200067213"},"geometry":{"type":"Polygon","coordinates":[[[4.299,49.153],[4.273,49.128],[4.251,49.117],[4.25,49.118],[4.234,49.132],[4.239,49.154],[4.27,49.175],[4.3,49.168],[4.299,49.153]]]}},{"type":"Feature","properties":{"code":"51531","nom":"Sermaize-les-Bains","departement":"51","region":"44","epci":"200067379"},"geometry":{"type":"Polygon","coordinates":[[[4.949,48.77],[4.953,48.768],[4.912,48.754],[4.889,48.763],[4.859,48.782],[4.859,48.784],[4.893,48.797],[4.925,48.792],[4.934,48.79],[4.949,48.77]]]}},{"type":"Feature","properties":{"code":"51533","nom":"Servon-Melzicourt","departement":"51","region":"44","epci":"200042703"},"geometry":{"type":"Polygon","coordinates":[[[4.837,49.168],[4.836,49.17],[4.819,49.196],[4.813,49.21],[4.827,49.235],[4.866,49.227],[4.889,49.228],[4.884,49.201],[4.854,49.186],[4.837,49.168]]]}},{"type":"Feature","properties":{"code":"51537","nom":"Sivry-Ante","departement":"51","region":"44","epci":"200042703"},"geometry":{"type":"Polygon","coordinates":[[[4.977,48.99],[4.867,48.988],[4.832,48.994],[4.834,49.013],[4.873,49.015],[4.909,49.019],[4.922,49.006],[4.962,49.006],[4.977,48.99]]]}},{"type":"Feature","properties":{"code":"51538","nom":"Sogny-aux-Moulins","departement":"51","region":"44","epci":"200043438"},"geometry":{"type":"Polygon","coordinates":[[[4.387,48.91],[4.408,48.904],[4.409,48.9],[4.413,48.893],[4.368,48.884],[4.387,48.91]]]}},{"type":"Feature","properties":{"code":"51539","nom":"Sogny-en-l'Angle","departement":"51","region":"44","epci":"200067379"},"geometry":{"type":"Polygon","coordinates":[[[4.785,48.82],[4.826,48.83],[4.798,48.807],[4.779,48.812],[4.785,48.82]]]}},{"type":"Feature","properties":{"code":"51543","nom":"Somme-Bionne","departement":"51","region":"44","epci":"200042703"},"geometry":{"type":"Polygon","coordinates":[[[4.702,49.069],[4.694,49.084],[4.705,49.104],[4.738,49.1],[4.746,49.085],[4.702,49.069]]]}},{"type":"Feature","properties":{"code":"51544","nom":"Sommepy-Tahure","departement":"51","region":"44","epci":"200042620"},"geometry":{"type":"Polygon","coordinates":[[[4.67,49.241],[4.678,49.234],[4.683,49.207],[4.653,49.192],[4.623,49.206],[4.597,49.203],[4.587,49.225],[4.553,49.217],[4.53,49.241],[4.516,49.282],[4.557,49.295],[4.599,49.288],[4.611,49.259],[4.619,49.238],[4.67,49.241]]]}},{"type":"Feature","properties":{"code":"51546","nom":"Somme-Suippe","departement":"51","region":"44","epci":"200042620"},"geometry":{"type":"Polygon","coordinates":[[[4.628,49.108],[4.611,49.093],[4.544,49.091],[4.541,49.092],[4.568,49.135],[4.598,49.16],[4.611,49.158],[4.627,49.153],[4.619,49.13],[4.628,49.108]]]}},{"type":"Feature","properties":{"code":"51547","nom":"Somme-Tourbe","departement":"51","region":"44","epci":"200042620"},"geometry":{"type":"Polygon","coordinates":[[[4.618,49.087],[4.611,49.093],[4.628,49.108],[4.707,49.111],[4.705,49.104],[4.694,49.084],[4.618,49.087]]]}},{"type":"Feature","properties":{"code":"51548","nom":"Somme-Vesle","departement":"51","region":"44","epci":"200043438"},"geometry":{"type":"Polygon","coordinates":[[[4.59,49.028],[4.606,49.008],[4.657,49.012],[4.674,48.99],[4.681,48.969],[4.635,48.983],[4.597,48.961],[4.573,48.967],[4.564,49.018],[4.567,49.019],[4.59,49.028]]]}},{"type":"Feature","properties":{"code":"51549","nom":"Somme-Yèvre","departement":"51","region":"44","epci":"200042703"},"geometry":{"type":"Polygon","coordinates":[[[4.757,48.925],[4.713,48.921],[4.695,48.965],[4.719,48.961],[4.794,48.96],[4.77,48.932],[4.757,48.925]]]}},{"type":"Feature","properties":{"code":"51550","nom":"Sompuis","departement":"51","region":"44","epci":"200034718"},"geometry":{"type":"Polygon","coordinates":[[[4.324,48.644],[4.325,48.662],[4.327,48.697],[4.345,48.711],[4.402,48.715],[4.445,48.711],[4.447,48.704],[4.434,48.682],[4.436,48.679],[4.368,48.661],[4.325,48.642],[4.324,48.644]]]}},{"type":"Feature","properties":{"code":"51551","nom":"Somsois","departement":"51","region":"44","epci":"200034718"},"geometry":{"type":"Polygon","coordinates":[[[4.508,48.563],[4.504,48.588],[4.458,48.59],[4.473,48.619],[4.498,48.636],[4.511,48.633],[4.528,48.616],[4.529,48.609],[4.517,48.569],[4.508,48.563]]]}},{"type":"Feature","properties":{"code":"51552","nom":"Songy","departement":"51","region":"44","epci":"200034718"},"geometry":{"type":"Polygon","coordinates":[[[4.419,48.792],[4.449,48.801],[4.501,48.812],[4.519,48.801],[4.52,48.796],[4.447,48.771],[4.419,48.792]]]}},{"type":"Feature","properties":{"code":"51553","nom":"Souain-Perthes-lès-Hurlus","departement":"51","region":"44","epci":"200042620"},"geometry":{"type":"Polygon","coordinates":[[[4.653,49.192],[4.644,49.183],[4.611,49.158],[4.598,49.16],[4.525,49.157],[4.511,49.17],[4.503,49.182],[4.522,49.208],[4.553,49.217],[4.587,49.225],[4.597,49.203],[4.623,49.206],[4.653,49.192]]]}},{"type":"Feature","properties":{"code":"51555","nom":"Soudé","departement":"51","region":"44","epci":"200066876"},"geometry":{"type":"Polygon","coordinates":[[[4.243,48.717],[4.253,48.732],[4.328,48.762],[4.347,48.744],[4.345,48.711],[4.327,48.697],[4.299,48.715],[4.264,48.706],[4.243,48.717]]]}},{"type":"Feature","properties":{"code":"51557","nom":"Soulanges","departement":"51","region":"44","epci":"200034718"},"geometry":{"type":"Polygon","coordinates":[[[4.549,48.772],[4.539,48.778],[4.532,48.778],[4.52,48.796],[4.519,48.801],[4.561,48.807],[4.562,48.806],[4.588,48.784],[4.592,48.78],[4.549,48.772]]]}},{"type":"Feature","properties":{"code":"51559","nom":"Suippes","departement":"51","region":"44","epci":"200042620"},"geometry":{"type":"Polygon","coordinates":[[[4.482,49.093],[4.482,49.094],[4.461,49.103],[4.488,49.136],[4.525,49.157],[4.598,49.16],[4.568,49.135],[4.541,49.092],[4.505,49.086],[4.482,49.093]]]}},{"type":"Feature","properties":{"code":"51567","nom":"Thiéblemont-Farémont","departement":"51","region":"44","epci":"200042992"},"geometry":{"type":"Polygon","coordinates":[[[4.705,48.681],[4.704,48.681],[4.709,48.705],[4.744,48.704],[4.754,48.703],[4.75,48.68],[4.705,48.681]]]}},{"type":"Feature","properties":{"code":"51572","nom":"Tilloy-et-Bellay","departement":"51","region":"44","epci":"200042620"},"geometry":{"type":"Polygon","coordinates":[[[4.638,49.055],[4.661,49.047],[4.657,49.012],[4.606,49.008],[4.59,49.028],[4.605,49.045],[4.638,49.055]]]}},{"type":"Feature","properties":{"code":"51574","nom":"Togny-aux-Bœufs","departement":"51","region":"44","epci":"200043438"},"geometry":{"type":"Polygon","coordinates":[[[4.455,48.86],[4.463,48.855],[4.389,48.826],[4.385,48.838],[4.436,48.862],[4.455,48.86]]]}},{"type":"Feature","properties":{"code":"51583","nom":"Trois-Fontaines-l'Abbaye","departement":"51","region":"44","epci":"200068666"},"geometry":{"type":"Polygon","coordinates":[[[5.009,48.741],[5.016,48.71],[5.006,48.699],[4.988,48.684],[4.943,48.681],[4.939,48.675],[4.911,48.689],[4.878,48.7],[4.868,48.707],[4.897,48.716],[4.981,48.746],[5.009,48.741]]]}},{"type":"Feature","properties":{"code":"51587","nom":"Vadenay","departement":"51","region":"44","epci":"200066876"},"geometry":{"type":"Polygon","coordinates":[[[4.41,49.053],[4.374,49.067],[4.406,49.102],[4.421,49.107],[4.447,49.112],[4.455,49.101],[4.436,49.07],[4.41,49.053]]]}},{"type":"Feature","properties":{"code":"51588","nom":"Valmy","departement":"51","region":"44","epci":"200042703"},"geometry":{"type":"Polygon","coordinates":[[[4.701,49.065],[4.702,49.069],[4.746,49.085],[4.78,49.106],[4.794,49.113],[4.798,49.105],[4.81,49.085],[4.808,49.064],[4.754,49.064],[4.729,49.054],[4.71,49.049],[4.701,49.065]]]}},{"type":"Feature","properties":{"code":"51589","nom":"Vanault-le-Châtel","departement":"51","region":"44","epci":"200067379"},"geometry":{"type":"Polygon","coordinates":[[[4.663,48.837],[4.661,48.836],[4.631,48.863],[4.677,48.878],[4.698,48.893],[4.767,48.876],[4.769,48.865],[4.726,48.847],[4.717,48.842],[4.688,48.853],[4.663,48.837]]]}},{"type":"Feature","properties":{"code":"51590","nom":"Vanault-les-Dames","departement":"51","region":"44","epci":"200067379"},"geometry":{"type":"Polygon","coordinates":[[[4.826,48.83],[4.785,48.82],[4.726,48.847],[4.769,48.865],[4.803,48.856],[4.842,48.836],[4.826,48.83]]]}},{"type":"Feature","properties":{"code":"51598","nom":"Vauclerc","departement":"51","region":"44","epci":"200067379"},"geometry":{"type":"Polygon","coordinates":[[[4.706,48.715],[4.702,48.705],[4.663,48.692],[4.645,48.719],[4.672,48.708],[4.706,48.715]]]}},{"type":"Feature","properties":{"code":"51600","nom":"Vaudesincourt","departement":"51","region":"44","epci":"200067213"},"geometry":{"type":"Polygon","coordinates":[[[4.436,49.226],[4.436,49.219],[4.347,49.201],[4.342,49.221],[4.354,49.226],[4.407,49.231],[4.436,49.226]]]}},{"type":"Feature","properties":{"code":"51601","nom":"Vavray-le-Grand","departement":"51","region":"44","epci":"200067379"},"geometry":{"type":"Polygon","coordinates":[[[4.735,48.792],[4.706,48.778],[4.686,48.792],[4.694,48.813],[4.735,48.792]]]}},{"type":"Feature","properties":{"code":"51602","nom":"Vavray-le-Petit","departement":"51","region":"44","epci":"200067379"},"geometry":{"type":"Polygon","coordinates":[[[4.749,48.793],[4.735,48.792],[4.694,48.813],[4.689,48.815],[4.706,48.823],[4.749,48.793]]]}},{"type":"Feature","properties":{"code":"51608","nom":"Vernancourt","departement":"51","region":"44","epci":"200067379"},"geometry":{"type":"Polygon","coordinates":[[[4.844,48.835],[4.842,48.836],[4.803,48.856],[4.803,48.869],[4.823,48.87],[4.871,48.84],[4.86,48.834],[4.844,48.835]]]}},{"type":"Feature","properties":{"code":"51610","nom":"Verrières","departement":"51","region":"44","epci":"200042703"},"geometry":{"type":"Polygon","coordinates":[[[4.882,49.067],[4.919,49.076],[4.919,49.054],[4.894,49.051],[4.878,49.061],[4.882,49.067]]]}},{"type":"Feature","properties":{"code":"51616","nom":"Vésigneul-sur-Marne","departement":"51","region":"44","epci":"200043438"},"geometry":{"type":"Polygon","coordinates":[[[4.501,48.89],[4.455,48.86],[4.436,48.862],[4.434,48.87],[4.499,48.9],[4.501,48.89]]]}},{"type":"Feature","properties":{"code":"51617","nom":"La Veuve","departement":"51","region":"44","epci":"200066876"},"geometry":{"type":"Polygon","coordinates":[[[4.375,49.018],[4.35,49.02],[4.314,49.008],[4.293,49.048],[4.328,49.07],[4.348,49.057],[4.374,49.039],[4.375,49.018]]]}},{"type":"Feature","properties":{"code":"51619","nom":"Le Vieil-Dampierre","departement":"51","region":"44","epci":"200042703"},"geometry":{"type":"Polygon","coordinates":[[[4.973,48.982],[4.97,48.971],[4.939,48.968],[4.93,48.983],[4.891,48.973],[4.865,48.98],[4.867,48.988],[4.977,48.99],[4.976,48.989],[4.974,48.987],[4.973,48.987],[4.972,48.986],[4.973,48.982]]]}},{"type":"Feature","properties":{"code":"51620","nom":"Vienne-la-Ville","departement":"51","region":"44","epci":"200042703"},"geometry":{"type":"Polygon","coordinates":[[[4.833,49.148],[4.825,49.153],[4.837,49.168],[4.854,49.186],[4.864,49.178],[4.881,49.162],[4.868,49.151],[4.833,49.148]]]}},{"type":"Feature","properties":{"code":"51621","nom":"Vienne-le-Château","departement":"51","region":"44","epci":"200042703"},"geometry":{"type":"Polygon","coordinates":[[[4.864,49.178],[4.884,49.201],[4.889,49.228],[4.951,49.237],[4.978,49.22],[4.991,49.211],[4.942,49.187],[4.954,49.171],[4.929,49.156],[4.881,49.162],[4.864,49.178]]]}},{"type":"Feature","properties":{"code":"51632","nom":"Villers-en-Argonne","departement":"51","region":"44","epci":"200042703"},"geometry":{"type":"Polygon","coordinates":[[[4.97,49.018],[4.962,49.006],[4.922,49.006],[4.909,49.019],[4.943,49.038],[4.965,49.022],[4.967,49.021],[4.97,49.018]]]}},{"type":"Feature","properties":{"code":"51635","nom":"Villers-le-Sec","departement":"51","region":"44","epci":"200067379"},"geometry":{"type":"Polygon","coordinates":[[[4.853,48.8],[4.844,48.835],[4.86,48.834],[4.875,48.819],[4.853,48.8]]]}},{"type":"Feature","properties":{"code":"51640","nom":"Ville-sur-Tourbe","departement":"51","region":"44","epci":"200042703"},"geometry":{"type":"Polygon","coordinates":[[[4.763,49.182],[4.755,49.208],[4.813,49.21],[4.819,49.196],[4.79,49.186],[4.763,49.182]]]}},{"type":"Feature","properties":{"code":"51646","nom":"Virginy","departement":"51","region":"44","epci":"200042703"},"geometry":{"type":"Polygon","coordinates":[[[4.738,49.179],[4.763,49.182],[4.79,49.186],[4.787,49.175],[4.78,49.156],[4.751,49.147],[4.736,49.148],[4.738,49.179]]]}},{"type":"Feature","properties":{"code":"51647","nom":"Vitry-en-Perthois","departement":"51","region":"44","epci":"200067379"},"geometry":{"type":"Polygon","coordinates":[[[4.583,48.744],[4.575,48.747],[4.574,48.748],[4.608,48.769],[4.641,48.767],[4.663,48.748],[4.653,48.731],[4.638,48.725],[4.614,48.73],[4.583,48.744]]]}},{"type":"Feature","properties":{"code":"51648","nom":"Vitry-la-Ville","departement":"51","region":"44","epci":"200043438"},"geometry":{"type":"Polygon","coordinates":[[[4.463,48.855],[4.473,48.849],[4.439,48.828],[4.393,48.815],[4.389,48.826],[4.463,48.855]]]}},{"type":"Feature","properties":{"code":"51649","nom":"Vitry-le-François","departement":"51","region":"44","epci":"200034718"},"geometry":{"type":"Polygon","coordinates":[[[4.614,48.73],[4.602,48.715],[4.58,48.713],[4.583,48.744],[4.614,48.73]]]}},{"type":"Feature","properties":{"code":"51650","nom":"Voilemont","departement":"51","region":"44","epci":"200042703"},"geometry":{"type":"Polygon","coordinates":[[[4.776,49.029],[4.782,49.039],[4.808,49.064],[4.82,49.044],[4.818,49.032],[4.776,49.029]]]}},{"type":"Feature","properties":{"code":"51654","nom":"Vouillers","departement":"51","region":"44","epci":"200068666"},"geometry":{"type":"Polygon","coordinates":[[[4.82,48.68],[4.826,48.695],[4.878,48.7],[4.846,48.672],[4.82,48.68]]]}},{"type":"Feature","properties":{"code":"51658","nom":"Vroil","departement":"51","region":"44","epci":"200067379"},"geometry":{"type":"Polygon","coordinates":[[[4.937,48.848],[4.935,48.841],[4.903,48.828],[4.884,48.852],[4.913,48.873],[4.937,48.848]]]}},{"type":"Feature","properties":{"code":"51659","nom":"Wargemoulin-Hurlus","departement":"51","region":"44","epci":"200042703"},"geometry":{"type":"Polygon","coordinates":[[[4.627,49.153],[4.611,49.158],[4.644,49.183],[4.668,49.166],[4.706,49.162],[4.721,49.148],[4.627,49.153]]]}},{"type":"Feature","properties":{"code":"52001","nom":"Ageville","departement":"52","region":"44","epci":"200068658"},"geometry":{"type":"Polygon","coordinates":[[[5.4,48.117],[5.4,48.114],[5.394,48.107],[5.375,48.11],[5.328,48.092],[5.279,48.118],[5.283,48.129],[5.356,48.125],[5.4,48.117]]]}},{"type":"Feature","properties":{"code":"52003","nom":"Aillianville","departement":"52","region":"44","epci":"200069664"},"geometry":{"type":"Polygon","coordinates":[[[5.458,48.312],[5.453,48.313],[5.426,48.33],[5.426,48.331],[5.474,48.355],[5.527,48.347],[5.534,48.325],[5.501,48.317],[5.469,48.312],[5.458,48.312]]]}},{"type":"Feature","properties":{"code":"52004","nom":"Aingoulaincourt","departement":"52","region":"44","epci":"200044253"},"geometry":{"type":"Polygon","coordinates":[[[5.253,48.465],[5.293,48.462],[5.292,48.447],[5.258,48.451],[5.253,48.465]]]}},{"type":"Feature","properties":{"code":"52005","nom":"Aizanville","departement":"52","region":"44","epci":"245200597"},"geometry":{"type":"Polygon","coordinates":[[[4.907,48.111],[4.913,48.106],[4.897,48.1],[4.878,48.122],[4.891,48.123],[4.907,48.111]]]}},{"type":"Feature","properties":{"code":"52006","nom":"Allichamps","departement":"52","region":"44","epci":"200068666"},"geometry":{"type":"Polygon","coordinates":[[[4.881,48.573],[4.907,48.565],[4.873,48.564],[4.881,48.573]]]}},{"type":"Feature","properties":{"code":"52007","nom":"Ambonville","departement":"52","region":"44","epci":"200044253"},"geometry":{"type":"Polygon","coordinates":[[[5.046,48.312],[5.042,48.309],[5.014,48.294],[5.001,48.294],[4.983,48.312],[4.983,48.335],[5.021,48.328],[5.046,48.312]]]}},{"type":"Feature","properties":{"code":"52008","nom":"Andelot-Blancheville","departement":"52","region":"44","epci":"200069664"},"geometry":{"type":"Polygon","coordinates":[[[5.358,48.217],[5.365,48.21],[5.319,48.213],[5.274,48.209],[5.239,48.238],[5.222,48.237],[5.201,48.236],[5.201,48.236],[5.197,48.24],[5.212,48.249],[5.239,48.255],[5.271,48.251],[5.294,48.265],[5.311,48.262],[5.358,48.217]]]}},{"type":"Feature","properties":{"code":"52011","nom":"Annéville-la-Prairie","departement":"52","region":"44","epci":"200068658"},"geometry":{"type":"Polygon","coordinates":[[[5.069,48.208],[5.08,48.213],[5.099,48.212],[5.107,48.201],[5.085,48.187],[5.069,48.208]]]}},{"type":"Feature","properties":{"code":"52012","nom":"Annonville","departement":"52","region":"44","epci":"200044253"},"geometry":{"type":"Polygon","coordinates":[[[5.253,48.377],[5.258,48.397],[5.273,48.399],[5.288,48.397],[5.285,48.378],[5.253,48.377]]]}},{"type":"Feature","properties":{"code":"52019","nom":"Arnancourt","departement":"52","region":"44","epci":"200044253"},"geometry":{"type":"Polygon","coordinates":[[[4.888,48.334],[4.893,48.358],[4.956,48.354],[4.922,48.336],[4.888,48.334]]]}},{"type":"Feature","properties":{"code":"52021","nom":"Attancourt","departement":"52","region":"44","epci":"200068666"},"geometry":{"type":"Polygon","coordinates":[[[4.934,48.556],[4.947,48.557],[4.969,48.539],[4.939,48.513],[4.916,48.534],[4.934,48.556]]]}},{"type":"Feature","properties":{"code":"52025","nom":"Audeloncourt","departement":"52","region":"44","epci":"200069664"},"geometry":{"type":"Polygon","coordinates":[[[5.516,48.137],[5.556,48.128],[5.561,48.124],[5.564,48.11],[5.521,48.099],[5.505,48.107],[5.498,48.137],[5.504,48.137],[5.516,48.137]]]}},{"type":"Feature","properties":{"code":"52029","nom":"Autigny-le-Grand","departement":"52","region":"44","epci":"200044253"},"geometry":{"type":"Polygon","coordinates":[[[5.172,48.477],[5.173,48.477],[5.149,48.463],[5.132,48.472],[5.131,48.481],[5.172,48.477]]]}},{"type":"Feature","properties":{"code":"52030","nom":"Autigny-le-Petit","departement":"52","region":"44","epci":"200044253"},"geometry":{"type":"Polygon","coordinates":[[[5.166,48.487],[5.172,48.477],[5.131,48.481],[5.134,48.485],[5.166,48.487]]]}},{"type":"Feature","properties":{"code":"52031","nom":"Autreville-sur-la-Renne","departement":"52","region":"44","epci":"245200597"},"geometry":{"type":"Polygon","coordinates":[[[5.029,48.122],[5.01,48.099],[4.965,48.093],[4.941,48.126],[4.923,48.144],[4.954,48.161],[4.987,48.139],[5.018,48.137],[5.029,48.122]]]}},{"type":"Feature","properties":{"code":"52034","nom":"Bailly-aux-Forges","departement":"52","region":"44","epci":"200068666"},"geometry":{"type":"Polygon","coordinates":[[[4.899,48.439],[4.87,48.451],[4.884,48.458],[4.903,48.467],[4.93,48.467],[4.941,48.459],[4.943,48.457],[4.919,48.448],[4.917,48.444],[4.906,48.434],[4.899,48.439]]]}},{"type":"Feature","properties":{"code":"52038","nom":"Bassoncourt","departement":"52","region":"44","epci":"200069664"},"geometry":{"type":"Polygon","coordinates":[[[5.525,48.063],[5.532,48.074],[5.587,48.078],[5.555,48.061],[5.525,48.063]]]}},{"type":"Feature","properties":{"code":"52039","nom":"Baudrecourt","departement":"52","region":"44","epci":"200044253"},"geometry":{"type":"Polygon","coordinates":[[[4.988,48.412],[4.994,48.404],[4.966,48.376],[4.95,48.381],[4.945,48.396],[4.967,48.409],[4.988,48.412]]]}},{"type":"Feature","properties":{"code":"52044","nom":"Roches-Bettaincourt","departement":"52","region":"44","epci":"200069664"},"geometry":{"type":"Polygon","coordinates":[[[5.198,48.255],[5.231,48.315],[5.28,48.34],[5.327,48.343],[5.314,48.324],[5.304,48.297],[5.278,48.283],[5.239,48.255],[5.212,48.249],[5.198,48.255]]]}},{"type":"Feature","properties":{"code":"52045","nom":"Bettancourt-la-Ferrée","departement":"52","region":"44","epci":"200068666"},"geometry":{"type":"Polygon","coordinates":[[[4.961,48.669],[4.993,48.658],[4.995,48.646],[4.961,48.669]]]}},{"type":"Feature","properties":{"code":"52047","nom":"Beurville","departement":"52","region":"44","epci":"200044253"},"geometry":{"type":"Polygon","coordinates":[[[4.893,48.291],[4.851,48.296],[4.826,48.302],[4.814,48.323],[4.841,48.339],[4.849,48.344],[4.877,48.327],[4.902,48.313],[4.908,48.303],[4.899,48.296],[4.893,48.291]]]}},{"type":"Feature","properties":{"code":"52050","nom":"Biesles","departement":"52","region":"44","epci":"200068658"},"geometry":{"type":"Polygon","coordinates":[[[5.264,48.13],[5.286,48.153],[5.283,48.129],[5.279,48.118],[5.328,48.092],[5.327,48.091],[5.303,48.071],[5.273,48.076],[5.272,48.076],[5.252,48.113],[5.262,48.12],[5.264,48.13]]]}},{"type":"Feature","properties":{"code":"52053","nom":"Blaisy","departement":"52","region":"44","epci":"200068658"},"geometry":{"type":"Polygon","coordinates":[[[5.026,48.178],[5.025,48.159],[4.986,48.171],[5.015,48.187],[5.026,48.178]]]}},{"type":"Feature","properties":{"code":"52055","nom":"Blécourt","departement":"52","region":"44","epci":"200044253"},"geometry":{"type":"Polygon","coordinates":[[[5.1,48.398],[5.107,48.392],[5.095,48.369],[5.075,48.364],[5.055,48.377],[5.068,48.39],[5.1,48.398]]]}},{"type":"Feature","properties":{"code":"52056","nom":"Blessonville","departement":"52","region":"44","epci":"245200597"},"geometry":{"type":"Polygon","coordinates":[[[5.042,48.041],[5.036,48.037],[4.99,48.052],[4.981,48.068],[5.005,48.077],[5.032,48.064],[5.042,48.041]]]}},{"type":"Feature","properties":{"code":"52057","nom":"Blumeray","departement":"52","region":"44","epci":"200044253"},"geometry":{"type":"Polygon","coordinates":[[[4.84,48.38],[4.859,48.384],[4.893,48.358],[4.888,48.334],[4.877,48.327],[4.849,48.344],[4.833,48.357],[4.84,48.38]]]}},{"type":"Feature","properties":{"code":"52058","nom":"Bologne","departement":"52","region":"44","epci":"200068658"},"geometry":{"type":"Polygon","coordinates":[[[5.197,48.191],[5.195,48.191],[5.144,48.182],[5.135,48.173],[5.12,48.165],[5.081,48.174],[5.085,48.187],[5.107,48.201],[5.131,48.216],[5.129,48.225],[5.197,48.24],[5.201,48.236],[5.175,48.219],[5.197,48.191]]]}},{"type":"Feature","properties":{"code":"52061","nom":"Bourdons-sur-Rognon","departement":"52","region":"44","epci":"200069664"},"geometry":{"type":"Polygon","coordinates":[[[5.286,48.153],[5.291,48.16],[5.317,48.173],[5.304,48.206],[5.319,48.213],[5.365,48.21],[5.37,48.195],[5.404,48.183],[5.384,48.163],[5.345,48.147],[5.283,48.129],[5.286,48.153]]]}},{"type":"Feature","properties":{"code":"52063","nom":"Bourg-Sainte-Marie","departement":"52","region":"44","epci":"200069664"},"geometry":{"type":"Polygon","coordinates":[[[5.573,48.181],[5.572,48.17],[5.566,48.159],[5.555,48.168],[5.532,48.183],[5.528,48.204],[5.57,48.194],[5.573,48.181]]]}},{"type":"Feature","properties":{"code":"52064","nom":"Bourmont-entre-Meuse-et-Mouzon","departement":"52","region":"44","epci":"200069664"},"geometry":{"type":"Polygon","coordinates":[[[5.669,48.202],[5.674,48.18],[5.614,48.18],[5.573,48.181],[5.57,48.194],[5.572,48.197],[5.582,48.198],[5.58,48.204],[5.581,48.223],[5.548,48.239],[5.559,48.252],[5.563,48.254],[5.582,48.266],[5.641,48.242],[5.627,48.218],[5.669,48.202],[5.669,48.202]]]}},{"type":"Feature","properties":{"code":"52065","nom":"Bouzancourt","departement":"52","region":"44","epci":"200044253"},"geometry":{"type":"Polygon","coordinates":[[[4.983,48.312],[4.969,48.307],[4.908,48.303],[4.902,48.313],[4.942,48.318],[4.975,48.341],[4.98,48.339],[4.983,48.335],[4.983,48.312]]]}},{"type":"Feature","properties":{"code":"52066","nom":"Brachay","departement":"52","region":"44","epci":"200044253"},"geometry":{"type":"Polygon","coordinates":[[[5.027,48.397],[5.037,48.395],[5.068,48.39],[5.055,48.377],[5.019,48.365],[5.012,48.376],[5.027,48.397]]]}},{"type":"Feature","properties":{"code":"52067","nom":"Brainville-sur-Meuse","departement":"52","region":"44","epci":"200069664"},"geometry":{"type":"Polygon","coordinates":[[[5.614,48.18],[5.611,48.167],[5.595,48.163],[5.572,48.17],[5.573,48.181],[5.614,48.18]]]}},{"type":"Feature","properties":{"code":"52069","nom":"Braux-le-Châtel","departement":"52","region":"44","epci":"245200597"},"geometry":{"type":"Polygon","coordinates":[[[4.913,48.106],[4.907,48.111],[4.941,48.126],[4.965,48.093],[4.954,48.082],[4.913,48.106]]]}},{"type":"Feature","properties":{"code":"52072","nom":"Brethenay","departement":"52","region":"44","epci":"200068658"},"geometry":{"type":"Polygon","coordinates":[[[5.12,48.165],[5.135,48.173],[5.174,48.156],[5.169,48.15],[5.115,48.145],[5.12,48.165]]]}},{"type":"Feature","properties":{"code":"52074","nom":"Breuvannes-en-Bassigny","departement":"52","region":"44","epci":"200069664"},"geometry":{"type":"Polygon","coordinates":[[[5.585,48.125],[5.601,48.125],[5.614,48.114],[5.649,48.105],[5.658,48.086],[5.696,48.078],[5.721,48.053],[5.721,48.052],[5.712,48.055],[5.659,48.066],[5.625,48.047],[5.609,48.045],[5.596,48.073],[5.587,48.078],[5.532,48.074],[5.516,48.086],[5.564,48.11],[5.561,48.124],[5.585,48.125]]]}},{"type":"Feature","properties":{"code":"52075","nom":"Briaucourt","departement":"52","region":"44","epci":"200068658"},"geometry":{"type":"Polygon","coordinates":[[[5.227,48.202],[5.22,48.198],[5.197,48.191],[5.175,48.219],[5.201,48.236],[5.201,48.236],[5.215,48.213],[5.227,48.202]]]}},{"type":"Feature","properties":{"code":"52076","nom":"Bricon","departement":"52","region":"44","epci":"245200597"},"geometry":{"type":"Polygon","coordinates":[[[4.981,48.068],[4.981,48.068],[4.954,48.082],[4.965,48.093],[5.01,48.099],[5.006,48.083],[5.005,48.077],[4.981,48.068]]]}},{"type":"Feature","properties":{"code":"52079","nom":"Brousseval","departement":"52","region":"44","epci":"200068666"},"geometry":{"type":"Polygon","coordinates":[[[4.968,48.481],[4.949,48.48],[4.962,48.495],[4.992,48.502],[5.004,48.499],[4.988,48.483],[4.968,48.481]]]}},{"type":"Feature","properties":{"code":"52084","nom":"Busson","departement":"52","region":"44","epci":"200044253"},"geometry":{"type":"Polygon","coordinates":[[[5.366,48.321],[5.314,48.324],[5.327,48.343],[5.347,48.354],[5.366,48.321]]]}},{"type":"Feature","properties":{"code":"52085","nom":"Buxières-lès-Clefmont","departement":"52","region":"44","epci":"200072999"},"geometry":{"type":"Polygon","coordinates":[[[5.48,48.08],[5.477,48.076],[5.468,48.072],[5.448,48.082],[5.442,48.11],[5.451,48.109],[5.453,48.109],[5.48,48.08]]]}},{"type":"Feature","properties":{"code":"52087","nom":"Buxières-lès-Villiers","departement":"52","region":"44","epci":"200068658"},"geometry":{"type":"Polygon","coordinates":[[[5.01,48.099],[5.029,48.122],[5.043,48.111],[5.038,48.095],[5.006,48.083],[5.01,48.099]]]}},{"type":"Feature","properties":{"code":"52088","nom":"Ceffonds","departement":"52","region":"44","epci":"200068666"},"geometry":{"type":"Polygon","coordinates":[[[4.704,48.393],[4.708,48.401],[4.752,48.431],[4.705,48.482],[4.739,48.494],[4.773,48.463],[4.798,48.458],[4.777,48.439],[4.773,48.41],[4.772,48.41],[4.76,48.388],[4.704,48.393]]]}},{"type":"Feature","properties":{"code":"52091","nom":"Cerisières","departement":"52","region":"44","epci":"200068658"},"geometry":{"type":"Polygon","coordinates":[[[5.042,48.309],[5.046,48.312],[5.05,48.316],[5.101,48.324],[5.12,48.321],[5.089,48.301],[5.057,48.297],[5.042,48.309]]]}},{"type":"Feature","properties":{"code":"52095","nom":"Chalvraines","departement":"52","region":"44","epci":"200069664"},"geometry":{"type":"Polygon","coordinates":[[[5.519,48.209],[5.484,48.205],[5.455,48.215],[5.463,48.247],[5.513,48.25],[5.559,48.252],[5.548,48.239],[5.519,48.209]]]}},{"type":"Feature","properties":{"code":"52097","nom":"Chambroncourt","departement":"52","region":"44","epci":"200044253"},"geometry":{"type":"Polygon","coordinates":[[[5.419,48.361],[5.426,48.331],[5.426,48.33],[5.425,48.329],[5.387,48.341],[5.373,48.361],[5.388,48.369],[5.419,48.361]]]}},{"type":"Feature","properties":{"code":"52099","nom":"Chamouilley","departement":"52","region":"44","epci":"200068666"},"geometry":{"type":"Polygon","coordinates":[[[5.071,48.596],[5.07,48.594],[5.038,48.592],[5.033,48.613],[5.057,48.632],[5.071,48.596]]]}},{"type":"Feature","properties":{"code":"52101","nom":"Champigneulles-en-Bassigny","departement":"52","region":"44","epci":"200069664"},"geometry":{"type":"Polygon","coordinates":[[[5.663,48.129],[5.657,48.121],[5.614,48.114],[5.601,48.125],[5.607,48.137],[5.663,48.129]]]}},{"type":"Feature","properties":{"code":"52104","nom":"Chancenay","departement":"52","region":"44","epci":"200068666"},"geometry":{"type":"Polygon","coordinates":[[[4.988,48.684],[5.007,48.68],[5.011,48.668],[4.993,48.658],[4.961,48.669],[4.943,48.681],[4.988,48.684]]]}},{"type":"Feature","properties":{"code":"52107","nom":"Chantraines","departement":"52","region":"44","epci":"200069664"},"geometry":{"type":"Polygon","coordinates":[[[5.274,48.209],[5.265,48.201],[5.227,48.202],[5.215,48.213],[5.222,48.237],[5.239,48.238],[5.274,48.209]]]}},{"type":"Feature","properties":{"code":"52109","nom":"Charmes-en-l'Angle","departement":"52","region":"44","epci":"200044253"},"geometry":{"type":"Polygon","coordinates":[[[4.98,48.339],[4.975,48.341],[4.975,48.355],[5.012,48.376],[5.019,48.365],[4.997,48.348],[4.98,48.339]]]}},{"type":"Feature","properties":{"code":"52110","nom":"Charmes-la-Grande","departement":"52","region":"44","epci":"200044253"},"geometry":{"type":"Polygon","coordinates":[[[4.973,48.355],[4.966,48.376],[4.994,48.404],[5.009,48.403],[5.027,48.397],[5.012,48.376],[4.975,48.355],[4.973,48.355]]]}},{"type":"Feature","properties":{"code":"52114","nom":"Châteauvillain","departement":"52","region":"44","epci":"245200597"},"geometry":{"type":"Polygon","coordinates":[[[4.981,48.068],[4.981,48.068],[4.99,48.052],[5.036,48.037],[5.046,48.007],[5.01,47.997],[4.954,47.999],[4.915,47.977],[4.857,48.007],[4.843,48.026],[4.832,48.054],[4.849,48.068],[4.901,48.072],[4.953,48.058],[4.981,48.068]]]}},{"type":"Feature","properties":{"code":"52118","nom":"Chatonrupt-Sommermont","departement":"52","region":"44","epci":"200044253"},"geometry":{"type":"Polygon","coordinates":[[[5.063,48.466],[5.063,48.469],[5.09,48.49],[5.125,48.499],[5.134,48.485],[5.131,48.481],[5.132,48.472],[5.115,48.453],[5.103,48.447],[5.069,48.456],[5.063,48.466]]]}},{"type":"Feature","properties":{"code":"52121","nom":"Chaumont","departement":"52","region":"44","epci":"200068658"},"geometry":{"type":"Polygon","coordinates":[[[5.09,48.036],[5.092,48.04],[5.085,48.078],[5.098,48.118],[5.114,48.136],[5.171,48.14],[5.262,48.12],[5.252,48.113],[5.251,48.114],[5.198,48.12],[5.152,48.109],[5.154,48.073],[5.155,48.061],[5.09,48.036]]]}},{"type":"Feature","properties":{"code":"52122","nom":"Chaumont-la-Ville","departement":"52","region":"44","epci":"200069664"},"geometry":{"type":"Polygon","coordinates":[[[5.663,48.129],[5.607,48.137],[5.607,48.143],[5.622,48.148],[5.684,48.158],[5.685,48.151],[5.677,48.136],[5.663,48.129]]]}},{"type":"Feature","properties":{"code":"52123","nom":"Chevillon","departement":"52","region":"44","epci":"200068666"},"geometry":{"type":"Polygon","coordinates":[[[5.098,48.535],[5.099,48.541],[5.144,48.563],[5.165,48.565],[5.197,48.547],[5.212,48.529],[5.161,48.514],[5.125,48.499],[5.09,48.49],[5.088,48.507],[5.115,48.519],[5.098,48.535]]]}},{"type":"Feature","properties":{"code":"52125","nom":"Chamarandes-Choignes","departement":"52","region":"44","epci":"200068658"},"geometry":{"type":"Polygon","coordinates":[[[5.251,48.114],[5.201,48.093],[5.154,48.073],[5.152,48.109],[5.198,48.12],[5.251,48.114]]]}},{"type":"Feature","properties":{"code":"52127","nom":"Choiseul","departement":"52","region":"44","epci":"200072999"},"geometry":{"type":"Polygon","coordinates":[[[5.587,48.078],[5.596,48.073],[5.575,48.057],[5.582,48.033],[5.562,48.029],[5.555,48.061],[5.587,48.078]]]}},{"type":"Feature","properties":{"code":"52128","nom":"Cirey-lès-Mareilles","departement":"52","region":"44","epci":"200069664"},"geometry":{"type":"Polygon","coordinates":[[[5.291,48.16],[5.289,48.186],[5.265,48.201],[5.274,48.209],[5.319,48.213],[5.304,48.206],[5.317,48.173],[5.291,48.16]]]}},{"type":"Feature","properties":{"code":"52129","nom":"Cirey-sur-Blaise","departement":"52","region":"44","epci":"200044253"},"geometry":{"type":"Polygon","coordinates":[[[4.877,48.327],[4.888,48.334],[4.922,48.336],[4.956,48.354],[4.973,48.355],[4.975,48.355],[4.975,48.341],[4.942,48.318],[4.902,48.313],[4.877,48.327]]]}},{"type":"Feature","properties":{"code":"52130","nom":"Cirfontaines-en-Azois","departement":"52","region":"44","epci":"245200597"},"geometry":{"type":"Polygon","coordinates":[[[4.834,48.105],[4.833,48.118],[4.878,48.122],[4.897,48.1],[4.898,48.095],[4.855,48.091],[4.834,48.105]]]}},{"type":"Feature","properties":{"code":"52131","nom":"Cirfontaines-en-Ornois","departement":"52","region":"44","epci":"200044253"},"geometry":{"type":"Polygon","coordinates":[[[5.369,48.476],[5.369,48.477],[5.401,48.471],[5.406,48.466],[5.408,48.448],[5.444,48.428],[5.409,48.439],[5.368,48.441],[5.356,48.46],[5.369,48.476]]]}},{"type":"Feature","properties":{"code":"52132","nom":"Clefmont","departement":"52","region":"44","epci":"200072999"},"geometry":{"type":"Polygon","coordinates":[[[5.496,48.086],[5.494,48.105],[5.453,48.109],[5.451,48.109],[5.458,48.142],[5.498,48.137],[5.505,48.107],[5.521,48.099],[5.564,48.11],[5.516,48.086],[5.496,48.086]]]}},{"type":"Feature","properties":{"code":"52133","nom":"Clinchamp","departement":"52","region":"44","epci":"200069664"},"geometry":{"type":"Polygon","coordinates":[[[5.45,48.215],[5.455,48.215],[5.484,48.205],[5.479,48.186],[5.44,48.172],[5.411,48.187],[5.436,48.214],[5.45,48.215]]]}},{"type":"Feature","properties":{"code":"52140","nom":"Colombey les Deux Églises","departement":"52","region":"44","epci":"200068658"},"geometry":{"type":"Polygon","coordinates":[[[5.013,48.233],[5.003,48.234],[4.96,48.226],[4.923,48.199],[4.862,48.192],[4.856,48.193],[4.856,48.193],[4.861,48.211],[4.836,48.222],[4.846,48.247],[4.894,48.259],[4.893,48.291],[4.899,48.296],[4.918,48.287],[4.957,48.291],[4.997,48.29],[5.013,48.233]],[[4.969,48.244],[4.958,48.263],[4.936,48.253],[4.969,48.244]]]}},{"type":"Feature","properties":{"code":"52141","nom":"Condes","departement":"52","region":"44","epci":"200068658"},"geometry":{"type":"Polygon","coordinates":[[[5.114,48.136],[5.115,48.145],[5.169,48.15],[5.171,48.14],[5.114,48.136]]]}},{"type":"Feature","properties":{"code":"52142","nom":"Consigny","departement":"52","region":"44","epci":"200069664"},"geometry":{"type":"Polygon","coordinates":[[[5.411,48.187],[5.44,48.172],[5.444,48.168],[5.413,48.147],[5.394,48.15],[5.384,48.163],[5.404,48.183],[5.411,48.187]]]}},{"type":"Feature","properties":{"code":"52149","nom":"Courcelles-sur-Blaise","departement":"52","region":"44","epci":"200044253"},"geometry":{"type":"Polygon","coordinates":[[[4.967,48.409],[4.945,48.396],[4.918,48.427],[4.967,48.409]]]}},{"type":"Feature","properties":{"code":"52156","nom":"Curel","departement":"52","region":"44","epci":"200068666"},"geometry":{"type":"Polygon","coordinates":[[[5.166,48.487],[5.134,48.485],[5.125,48.499],[5.161,48.514],[5.166,48.487]]]}},{"type":"Feature","properties":{"code":"52157","nom":"Curmont","departement":"52","region":"44","epci":"200068658"},"geometry":{"type":"Polygon","coordinates":[[[4.969,48.244],[4.936,48.253],[4.958,48.263],[4.969,48.244]]]}},{"type":"Feature","properties":{"code":"52159","nom":"Cuves","departement":"52","region":"44","epci":"200068658"},"geometry":{"type":"Polygon","coordinates":[[[5.436,48.11],[5.442,48.11],[5.448,48.082],[5.422,48.086],[5.436,48.11]]]}},{"type":"Feature","properties":{"code":"52160","nom":"Daillancourt","departement":"52","region":"44","epci":"200068658"},"geometry":{"type":"Polygon","coordinates":[[[4.899,48.296],[4.908,48.303],[4.969,48.307],[4.957,48.291],[4.918,48.287],[4.899,48.296]]]}},{"type":"Feature","properties":{"code":"52161","nom":"Daillecourt","departement":"52","region":"44","epci":"200072999"},"geometry":{"type":"Polygon","coordinates":[[[5.48,48.08],[5.496,48.086],[5.516,48.086],[5.532,48.074],[5.525,48.063],[5.518,48.056],[5.477,48.076],[5.48,48.08]]]}},{"type":"Feature","properties":{"code":"52167","nom":"Darmannes","departement":"52","region":"44","epci":"200069664"},"geometry":{"type":"Polygon","coordinates":[[[5.195,48.191],[5.197,48.191],[5.22,48.198],[5.246,48.177],[5.262,48.138],[5.188,48.164],[5.195,48.191]]]}},{"type":"Feature","properties":{"code":"52168","nom":"Dinteville","departement":"52","region":"44","epci":"245200597"},"geometry":{"type":"Polygon","coordinates":[[[4.79,48.018],[4.781,48.04],[4.759,48.041],[4.758,48.048],[4.832,48.054],[4.843,48.026],[4.79,48.018]]]}},{"type":"Feature","properties":{"code":"52169","nom":"Domblain","departement":"52","region":"44","epci":"200068666"},"geometry":{"type":"Polygon","coordinates":[[[5.015,48.469],[5.013,48.453],[5.004,48.451],[4.996,48.456],[4.999,48.48],[5.012,48.478],[5.015,48.469]]]}},{"type":"Feature","properties":{"code":"52171","nom":"Dommartin-le-Franc","departement":"52","region":"44","epci":"200068666"},"geometry":{"type":"Polygon","coordinates":[[[4.988,48.412],[4.967,48.409],[4.918,48.427],[4.906,48.434],[4.917,48.444],[4.932,48.434],[4.977,48.432],[4.988,48.412]]]}},{"type":"Feature","properties":{"code":"52172","nom":"Dommartin-le-Saint-Père","departement":"52","region":"44","epci":"200044253"},"geometry":{"type":"Polygon","coordinates":[[[4.899,48.439],[4.906,48.434],[4.918,48.427],[4.945,48.396],[4.95,48.381],[4.888,48.384],[4.876,48.393],[4.882,48.401],[4.913,48.419],[4.899,48.439]]]}},{"type":"Feature","properties":{"code":"52173","nom":"Domremy-Landéville","departement":"52","region":"44","epci":"200069664"},"geometry":{"type":"Polygon","coordinates":[[[5.272,48.349],[5.23,48.341],[5.213,48.357],[5.232,48.377],[5.253,48.377],[5.285,48.378],[5.298,48.359],[5.272,48.349]]]}},{"type":"Feature","properties":{"code":"52174","nom":"Doncourt-sur-Meuse","departement":"52","region":"44","epci":"200069664"},"geometry":{"type":"Polygon","coordinates":[[[5.601,48.125],[5.585,48.125],[5.558,48.147],[5.566,48.158],[5.592,48.149],[5.607,48.143],[5.607,48.137],[5.601,48.125]]]}},{"type":"Feature","properties":{"code":"52175","nom":"Donjeux","departement":"52","region":"44","epci":"200044253"},"geometry":{"type":"Polygon","coordinates":[[[5.132,48.366],[5.162,48.376],[5.182,48.368],[5.195,48.359],[5.169,48.351],[5.168,48.327],[5.143,48.335],[5.136,48.356],[5.132,48.366]]]}},{"type":"Feature","properties":{"code":"52177","nom":"Doulaincourt-Saucourt","departement":"52","region":"44","epci":"200069664"},"geometry":{"type":"Polygon","coordinates":[[[5.28,48.34],[5.231,48.315],[5.198,48.255],[5.172,48.277],[5.18,48.311],[5.162,48.318],[5.168,48.327],[5.169,48.351],[5.195,48.359],[5.213,48.357],[5.23,48.341],[5.272,48.349],[5.28,48.34]]]}},{"type":"Feature","properties":{"code":"52178","nom":"Doulevant-le-Château","departement":"52","region":"44","epci":"200044253"},"geometry":{"type":"Polygon","coordinates":[[[4.966,48.376],[4.973,48.355],[4.956,48.354],[4.893,48.358],[4.859,48.384],[4.876,48.393],[4.888,48.384],[4.95,48.381],[4.966,48.376]]]}},{"type":"Feature","properties":{"code":"52179","nom":"Doulevant-le-Petit","departement":"52","region":"44","epci":"200068666"},"geometry":{"type":"Polygon","coordinates":[[[4.943,48.457],[4.981,48.45],[4.968,48.442],[4.919,48.448],[4.943,48.457]]]}},{"type":"Feature","properties":{"code":"52181","nom":"Échenay","departement":"52","region":"44","epci":"200044253"},"geometry":{"type":"Polygon","coordinates":[[[5.299,48.442],[5.292,48.447],[5.293,48.462],[5.308,48.485],[5.327,48.477],[5.338,48.455],[5.326,48.452],[5.299,48.442]]]}},{"type":"Feature","properties":{"code":"52182","nom":"Éclaron-Braucourt-Sainte-Livière","departement":"52","region":"44","epci":"200068666"},"geometry":{"type":"Polygon","coordinates":[[[4.858,48.615],[4.869,48.614],[4.899,48.615],[4.897,48.599],[4.881,48.573],[4.873,48.564],[4.851,48.539],[4.803,48.524],[4.799,48.53],[4.771,48.577],[4.802,48.598],[4.829,48.612],[4.858,48.615]]]}},{"type":"Feature","properties":{"code":"52183","nom":"Ecot-la-Combe","departement":"52","region":"44","epci":"200069664"},"geometry":{"type":"Polygon","coordinates":[[[5.387,48.235],[5.396,48.231],[5.436,48.214],[5.411,48.187],[5.404,48.183],[5.37,48.195],[5.365,48.21],[5.358,48.217],[5.387,48.235]]]}},{"type":"Feature","properties":{"code":"52184","nom":"Effincourt","departement":"52","region":"44","epci":"200044253"},"geometry":{"type":"Polygon","coordinates":[[[5.296,48.508],[5.296,48.499],[5.25,48.475],[5.237,48.474],[5.234,48.503],[5.289,48.511],[5.296,48.508]]]}},{"type":"Feature","properties":{"code":"52187","nom":"Épizon","departement":"52","region":"44","epci":"200044253"},"geometry":{"type":"Polygon","coordinates":[[[5.379,48.377],[5.388,48.369],[5.373,48.361],[5.347,48.354],[5.327,48.343],[5.28,48.34],[5.272,48.349],[5.298,48.359],[5.285,48.378],[5.288,48.397],[5.331,48.399],[5.334,48.397],[5.379,48.377]]]}},{"type":"Feature","properties":{"code":"52190","nom":"Esnouveaux","departement":"52","region":"44","epci":"200068658"},"geometry":{"type":"Polygon","coordinates":[[[5.394,48.15],[5.4,48.117],[5.356,48.125],[5.283,48.129],[5.345,48.147],[5.394,48.15]]]}},{"type":"Feature","properties":{"code":"52193","nom":"Euffigneix","departement":"52","region":"44","epci":"200068658"},"geometry":{"type":"Polygon","coordinates":[[[5.029,48.122],[5.018,48.137],[5.038,48.143],[5.069,48.124],[5.043,48.111],[5.029,48.122]]]}},{"type":"Feature","properties":{"code":"52194","nom":"Eurville-Bienville","departement":"52","region":"44","epci":"200068666"},"geometry":{"type":"Polygon","coordinates":[[[5.07,48.594],[5.081,48.564],[5.044,48.569],[5.03,48.556],[4.966,48.583],[4.971,48.589],[5.038,48.592],[5.07,48.594]]]}},{"type":"Feature","properties":{"code":"52198","nom":"Fays","departement":"52","region":"44","epci":"200068666"},"geometry":{"type":"Polygon","coordinates":[[[5.063,48.469],[5.063,48.466],[5.015,48.469],[5.012,48.478],[5.028,48.487],[5.037,48.49],[5.063,48.469]]]}},{"type":"Feature","properties":{"code":"52199","nom":"Ferrière-et-Lafolie","departement":"52","region":"44","epci":"200044253"},"geometry":{"type":"Polygon","coordinates":[[[5.037,48.395],[5.075,48.412],[5.102,48.409],[5.1,48.398],[5.068,48.39],[5.037,48.395]]]}},{"type":"Feature","properties":{"code":"52201","nom":"Flammerécourt","departement":"52","region":"44","epci":"200044253"},"geometry":{"type":"Polygon","coordinates":[[[5.075,48.364],[5.074,48.355],[5.073,48.349],[4.997,48.348],[5.019,48.365],[5.055,48.377],[5.075,48.364]]]}},{"type":"Feature","properties":{"code":"52203","nom":"Fontaines-sur-Marne","departement":"52","region":"44","epci":"200068666"},"geometry":{"type":"Polygon","coordinates":[[[5.144,48.563],[5.099,48.541],[5.105,48.568],[5.134,48.571],[5.144,48.563]]]}},{"type":"Feature","properties":{"code":"52204","nom":"Forcey","departement":"52","region":"44","epci":"200068658"},"geometry":{"type":"Polygon","coordinates":[[[5.384,48.163],[5.394,48.15],[5.345,48.147],[5.384,48.163]]]}},{"type":"Feature","properties":{"code":"52206","nom":"Frampas","departement":"52","region":"44","epci":"200068666"},"geometry":{"type":"Polygon","coordinates":[[[4.851,48.539],[4.865,48.523],[4.827,48.505],[4.808,48.503],[4.803,48.524],[4.851,48.539]]]}},{"type":"Feature","properties":{"code":"52211","nom":"Froncles","departement":"52","region":"44","epci":"200068658"},"geometry":{"type":"Polygon","coordinates":[[[5.172,48.277],[5.137,48.281],[5.089,48.301],[5.12,48.321],[5.162,48.318],[5.18,48.311],[5.172,48.277]]]}},{"type":"Feature","properties":{"code":"52212","nom":"Fronville","departement":"52","region":"44","epci":"200044253"},"geometry":{"type":"Polygon","coordinates":[[[5.153,48.417],[5.161,48.384],[5.107,48.392],[5.1,48.398],[5.102,48.409],[5.105,48.409],[5.153,48.417]]]}},{"type":"Feature","properties":{"code":"52214","nom":"La Genevroye","departement":"52","region":"44","epci":"200068658"},"geometry":{"type":"Polygon","coordinates":[[[5.053,48.267],[5.043,48.28],[5.063,48.286],[5.053,48.267]]]}},{"type":"Feature","properties":{"code":"52217","nom":"Germainvilliers","departement":"52","region":"44","epci":"200069664"},"geometry":{"type":"Polygon","coordinates":[[[5.672,48.109],[5.649,48.105],[5.614,48.114],[5.657,48.121],[5.672,48.109]]]}},{"type":"Feature","properties":{"code":"52218","nom":"Germay","departement":"52","region":"44","epci":"200044253"},"geometry":{"type":"Polygon","coordinates":[[[5.41,48.393],[5.394,48.392],[5.392,48.388],[5.355,48.405],[5.334,48.397],[5.331,48.399],[5.34,48.419],[5.365,48.427],[5.41,48.393]]]}},{"type":"Feature","properties":{"code":"52219","nom":"Germisay","departement":"52","region":"44","epci":"200044253"},"geometry":{"type":"Polygon","coordinates":[[[5.392,48.388],[5.379,48.377],[5.334,48.397],[5.355,48.405],[5.392,48.388]]]}},{"type":"Feature","properties":{"code":"52221","nom":"Gillancourt","departement":"52","region":"44","epci":"200068658"},"geometry":{"type":"Polygon","coordinates":[[[4.969,48.17],[4.986,48.171],[5.025,48.159],[5.038,48.143],[5.018,48.137],[4.987,48.139],[4.954,48.161],[4.969,48.17]]]}},{"type":"Feature","properties":{"code":"52222","nom":"Gillaumé","departement":"52","region":"44","epci":"200044253"},"geometry":{"type":"Polygon","coordinates":[[[5.35,48.482],[5.369,48.476],[5.356,48.46],[5.338,48.455],[5.327,48.477],[5.35,48.482]]]}},{"type":"Feature","properties":{"code":"52227","nom":"Graffigny-Chemin","departement":"52","region":"44","epci":"200069664"},"geometry":{"type":"Polygon","coordinates":[[[5.682,48.175],[5.684,48.158],[5.622,48.148],[5.611,48.167],[5.614,48.18],[5.674,48.18],[5.682,48.175]]]}},{"type":"Feature","properties":{"code":"52230","nom":"Gudmont-Villiers","departement":"52","region":"44","epci":"200044253"},"geometry":{"type":"Polygon","coordinates":[[[5.074,48.343],[5.073,48.349],[5.074,48.355],[5.136,48.356],[5.143,48.335],[5.168,48.327],[5.162,48.318],[5.12,48.321],[5.101,48.324],[5.074,48.343]]]}},{"type":"Feature","properties":{"code":"52231","nom":"Guindrecourt-aux-Ormes","departement":"52","region":"44","epci":"200044253"},"geometry":{"type":"Polygon","coordinates":[[[5.047,48.437],[5.039,48.438],[5.013,48.453],[5.015,48.469],[5.063,48.466],[5.069,48.456],[5.047,48.437]]]}},{"type":"Feature","properties":{"code":"52232","nom":"Guindrecourt-sur-Blaise","departement":"52","region":"44","epci":"200068658"},"geometry":{"type":"Polygon","coordinates":[[[5.001,48.294],[4.997,48.29],[4.957,48.291],[4.969,48.307],[4.983,48.312],[5.001,48.294]]]}},{"type":"Feature","properties":{"code":"52234","nom":"Hâcourt","departement":"52","region":"44","epci":"200069664"},"geometry":{"type":"Polygon","coordinates":[[[5.595,48.163],[5.592,48.149],[5.566,48.158],[5.566,48.159],[5.572,48.17],[5.595,48.163]]]}},{"type":"Feature","properties":{"code":"52235","nom":"Hallignicourt","departement":"52","region":"44","epci":"200068666"},"geometry":{"type":"Polygon","coordinates":[[[4.855,48.667],[4.868,48.667],[4.906,48.65],[4.873,48.627],[4.85,48.64],[4.839,48.646],[4.842,48.65],[4.855,48.667]]]}},{"type":"Feature","properties":{"code":"52237","nom":"Harréville-les-Chanteurs","departement":"52","region":"44","epci":"200069664"},"geometry":{"type":"Polygon","coordinates":[[[5.65,48.255],[5.641,48.242],[5.582,48.266],[5.588,48.274],[5.612,48.292],[5.654,48.269],[5.65,48.255]]]}},{"type":"Feature","properties":{"code":"52243","nom":"Huilliécourt","departement":"52","region":"44","epci":"200069664"},"geometry":{"type":"Polygon","coordinates":[[[5.501,48.156],[5.5,48.158],[5.5,48.171],[5.555,48.168],[5.566,48.159],[5.566,48.158],[5.558,48.147],[5.53,48.149],[5.501,48.156]]]}},{"type":"Feature","properties":{"code":"52244","nom":"Humbécourt","departement":"52","region":"44","epci":"200068666"},"geometry":{"type":"Polygon","coordinates":[[[4.911,48.604],[4.966,48.583],[4.947,48.557],[4.934,48.556],[4.907,48.565],[4.881,48.573],[4.897,48.599],[4.911,48.604]]]}},{"type":"Feature","properties":{"code":"52245","nom":"Humberville","departement":"52","region":"44","epci":"200069664"},"geometry":{"type":"Polygon","coordinates":[[[5.358,48.292],[5.378,48.311],[5.403,48.287],[5.385,48.279],[5.358,48.292]]]}},{"type":"Feature","properties":{"code":"52247","nom":"Illoud","departement":"52","region":"44","epci":"200069664"},"geometry":{"type":"Polygon","coordinates":[[[5.572,48.197],[5.57,48.194],[5.528,48.204],[5.519,48.209],[5.548,48.239],[5.581,48.223],[5.58,48.204],[5.572,48.197]]]}},{"type":"Feature","properties":{"code":"52248","nom":"Is-en-Bassigny","departement":"52","region":"44","epci":"200072999"},"geometry":{"type":"Polygon","coordinates":[[[5.447,48.016],[5.415,48.024],[5.408,48.038],[5.431,48.053],[5.456,48.058],[5.487,48.027],[5.447,48.016]]]}},{"type":"Feature","properties":{"code":"52250","nom":"Joinville","departement":"52","region":"44","epci":"200044253"},"geometry":{"type":"Polygon","coordinates":[[[5.105,48.409],[5.102,48.409],[5.075,48.412],[5.075,48.413],[5.103,48.447],[5.115,48.453],[5.159,48.455],[5.16,48.449],[5.181,48.427],[5.152,48.421],[5.113,48.425],[5.105,48.409]]]}},{"type":"Feature","properties":{"code":"52251","nom":"Jonchery","departement":"52","region":"44","epci":"200068658"},"geometry":{"type":"Polygon","coordinates":[[[5.115,48.145],[5.114,48.136],[5.098,48.118],[5.069,48.124],[5.038,48.143],[5.025,48.159],[5.026,48.178],[5.034,48.181],[5.081,48.174],[5.12,48.165],[5.115,48.145]]]}},{"type":"Feature","properties":{"code":"52253","nom":"Juzennecourt","departement":"52","region":"44","epci":"200068658"},"geometry":{"type":"Polygon","coordinates":[[[4.986,48.171],[4.969,48.17],[4.942,48.18],[4.985,48.207],[5.003,48.234],[5.013,48.233],[5.013,48.233],[4.997,48.212],[5.015,48.187],[4.986,48.171]]]}},{"type":"Feature","properties":{"code":"52254","nom":"Lachapelle-en-Blaisy","departement":"52","region":"44","epci":"200068658"},"geometry":{"type":"Polygon","coordinates":[[[4.942,48.18],[4.923,48.199],[4.96,48.226],[5.003,48.234],[4.985,48.207],[4.942,48.18]]]}},{"type":"Feature","properties":{"code":"52256","nom":"Lafauche","departement":"52","region":"44","epci":"200069664"},"geometry":{"type":"Polygon","coordinates":[[[5.469,48.312],[5.501,48.317],[5.512,48.293],[5.469,48.312]]]}},{"type":"Feature","properties":{"code":"52258","nom":"Laferté-sur-Aube","departement":"52","region":"44","epci":"245200597"},"geometry":{"type":"Polygon","coordinates":[[[4.836,48.081],[4.764,48.073],[4.719,48.084],[4.707,48.095],[4.732,48.119],[4.787,48.109],[4.834,48.105],[4.855,48.091],[4.836,48.081]]]}},{"type":"Feature","properties":{"code":"52260","nom":"Lamancine","departement":"52","region":"44","epci":"200068658"},"geometry":{"type":"Polygon","coordinates":[[[5.107,48.201],[5.099,48.212],[5.108,48.222],[5.131,48.216],[5.107,48.201]]]}},{"type":"Feature","properties":{"code":"52265","nom":"Bayard-sur-Marne","departement":"52","region":"44","epci":"200068666"},"geometry":{"type":"Polygon","coordinates":[[[5.099,48.541],[5.098,48.535],[5.075,48.523],[5.03,48.556],[5.044,48.569],[5.081,48.564],[5.105,48.568],[5.099,48.541]]]}},{"type":"Feature","properties":{"code":"52266","nom":"Laneuville-à-Rémy","departement":"52","region":"44","epci":"200068666"},"geometry":{"type":"Polygon","coordinates":[[[4.862,48.485],[4.873,48.486],[4.903,48.467],[4.884,48.458],[4.862,48.485]]]}},{"type":"Feature","properties":{"code":"52267","nom":"Laneuville-au-Pont","departement":"52","region":"44","epci":"200068666"},"geometry":{"type":"Polygon","coordinates":[[[4.869,48.614],[4.858,48.615],[4.85,48.64],[4.873,48.627],[4.885,48.62],[4.869,48.614]]]}},{"type":"Feature","properties":{"code":"52271","nom":"Lanques-sur-Rognon","departement":"52","region":"44","epci":"200068658"},"geometry":{"type":"Polygon","coordinates":[[[5.394,48.107],[5.4,48.083],[5.367,48.075],[5.352,48.057],[5.362,48.071],[5.327,48.091],[5.328,48.092],[5.375,48.11],[5.394,48.107]]]}},{"type":"Feature","properties":{"code":"52273","nom":"Larivière-Arnoncourt","departement":"52","region":"44","epci":"200070332"},"geometry":{"type":"Polygon","coordinates":[[[5.777,48.034],[5.776,48.022],[5.757,48.029],[5.711,48.019],[5.712,47.998],[5.701,47.988],[5.682,47.996],[5.69,48.031],[5.712,48.055],[5.721,48.052],[5.777,48.034]]]}},{"type":"Feature","properties":{"code":"52276","nom":"Laville-aux-Bois","departement":"52","region":"44","epci":"200068658"},"geometry":{"type":"Polygon","coordinates":[[[5.245,48.066],[5.236,48.08],[5.201,48.093],[5.251,48.114],[5.252,48.113],[5.272,48.076],[5.245,48.066]]]}},{"type":"Feature","properties":{"code":"52278","nom":"Lavilleneuve-au-Roi","departement":"52","region":"44","epci":"245200597"},"geometry":{"type":"Polygon","coordinates":[[[4.897,48.154],[4.897,48.154],[4.942,48.18],[4.969,48.17],[4.954,48.161],[4.923,48.144],[4.897,48.154]]]}},{"type":"Feature","properties":{"code":"52284","nom":"Leschères-sur-le-Blaiseron","departement":"52","region":"44","epci":"200044253"},"geometry":{"type":"Polygon","coordinates":[[[5.073,48.349],[5.074,48.343],[5.05,48.316],[5.046,48.312],[5.021,48.328],[4.983,48.335],[4.98,48.339],[4.997,48.348],[5.073,48.349]]]}},{"type":"Feature","properties":{"code":"52286","nom":"Leurville","departement":"52","region":"44","epci":"200069664"},"geometry":{"type":"Polygon","coordinates":[[[5.379,48.313],[5.366,48.321],[5.347,48.354],[5.373,48.361],[5.387,48.341],[5.425,48.329],[5.379,48.313]]]}},{"type":"Feature","properties":{"code":"52287","nom":"Levécourt","departement":"52","region":"44","epci":"200069664"},"geometry":{"type":"Polygon","coordinates":[[[5.556,48.128],[5.53,48.146],[5.53,48.149],[5.558,48.147],[5.585,48.125],[5.561,48.124],[5.556,48.128]]]}},{"type":"Feature","properties":{"code":"52288","nom":"Lezéville","departement":"52","region":"44","epci":"200044253"},"geometry":{"type":"Polygon","coordinates":[[[5.338,48.455],[5.356,48.46],[5.368,48.441],[5.409,48.439],[5.444,48.428],[5.465,48.425],[5.47,48.421],[5.41,48.393],[5.365,48.427],[5.326,48.434],[5.326,48.452],[5.338,48.455]]]}},{"type":"Feature","properties":{"code":"52289","nom":"Liffol-le-Petit","departement":"52","region":"44","epci":"200068559"},"geometry":{"type":"Polygon","coordinates":[[[5.588,48.274],[5.582,48.266],[5.563,48.254],[5.512,48.293],[5.501,48.317],[5.534,48.325],[5.588,48.274]]]}},{"type":"Feature","properties":{"code":"52291","nom":"Longchamp","departement":"52","region":"44","epci":"200069664"},"geometry":{"type":"Polygon","coordinates":[[[5.442,48.11],[5.436,48.11],[5.423,48.12],[5.447,48.146],[5.458,48.142],[5.451,48.109],[5.442,48.11]]]}},{"type":"Feature","properties":{"code":"52294","nom":"Louvemont","departement":"52","region":"44","epci":"200068666"},"geometry":{"type":"Polygon","coordinates":[[[4.865,48.523],[4.851,48.539],[4.873,48.564],[4.907,48.565],[4.934,48.556],[4.916,48.534],[4.887,48.519],[4.865,48.523]]]}},{"type":"Feature","properties":{"code":"52297","nom":"Luzy-sur-Marne","departement":"52","region":"44","epci":"200068658"},"geometry":{"type":"Polygon","coordinates":[[[5.236,48.08],[5.245,48.066],[5.223,48.048],[5.171,48.039],[5.156,48.058],[5.236,48.08]]]}},{"type":"Feature","properties":{"code":"52300","nom":"Magneux","departement":"52","region":"44","epci":"200068666"},"geometry":{"type":"Polygon","coordinates":[[[5.031,48.518],[5.021,48.5],[5.004,48.499],[4.992,48.502],[4.989,48.517],[5.031,48.518]]]}},{"type":"Feature","properties":{"code":"52301","nom":"Maisoncelles","departement":"52","region":"44","epci":"200069664"},"geometry":{"type":"Polygon","coordinates":[[[5.556,48.128],[5.516,48.137],[5.53,48.146],[5.556,48.128]]]}},{"type":"Feature","properties":{"code":"52302","nom":"Maizières","departement":"52","region":"44","epci":"200068666"},"geometry":{"type":"Polygon","coordinates":[[[5.088,48.507],[5.09,48.49],[5.063,48.469],[5.037,48.49],[5.061,48.512],[5.071,48.515],[5.088,48.507]]]}},{"type":"Feature","properties":{"code":"52304","nom":"Malaincourt-sur-Meuse","departement":"52","region":"44","epci":"200069664"},"geometry":{"type":"Polygon","coordinates":[[[5.607,48.143],[5.592,48.149],[5.595,48.163],[5.611,48.167],[5.622,48.148],[5.607,48.143]]]}},{"type":"Feature","properties":{"code":"52305","nom":"Mandres-la-Côte","departement":"52","region":"44","epci":"200068658"},"geometry":{"type":"Polygon","coordinates":[[[5.319,48.054],[5.303,48.071],[5.327,48.091],[5.362,48.071],[5.352,48.057],[5.319,48.054]]]}},{"type":"Feature","properties":{"code":"52306","nom":"Manois","departement":"52","region":"44","epci":"200069664"},"geometry":{"type":"Polygon","coordinates":[[[5.396,48.231],[5.387,48.235],[5.361,48.268],[5.345,48.275],[5.358,48.292],[5.385,48.279],[5.396,48.231]]]}},{"type":"Feature","properties":{"code":"52308","nom":"Maranville","departement":"52","region":"44","epci":"245200597"},"geometry":{"type":"Polygon","coordinates":[[[4.897,48.154],[4.897,48.154],[4.891,48.123],[4.878,48.122],[4.833,48.118],[4.829,48.129],[4.85,48.141],[4.876,48.163],[4.897,48.154]]]}},{"type":"Feature","properties":{"code":"52310","nom":"Marbéville","departement":"52","region":"44","epci":"200068658"},"geometry":{"type":"Polygon","coordinates":[[[4.997,48.29],[5.001,48.294],[5.014,48.294],[5.049,48.266],[5.045,48.246],[5.035,48.242],[5.032,48.239],[5.013,48.233],[5.013,48.233],[4.997,48.29]]]}},{"type":"Feature","properties":{"code":"52313","nom":"Mareilles","departement":"52","region":"44","epci":"200069664"},"geometry":{"type":"Polygon","coordinates":[[[5.291,48.16],[5.286,48.153],[5.264,48.13],[5.262,48.138],[5.246,48.177],[5.22,48.198],[5.227,48.202],[5.265,48.201],[5.289,48.186],[5.291,48.16]]]}},{"type":"Feature","properties":{"code":"52316","nom":"Mathons","departement":"52","region":"44","epci":"200044253"},"geometry":{"type":"Polygon","coordinates":[[[5.039,48.438],[5.047,48.437],[5.075,48.413],[5.075,48.412],[5.037,48.395],[5.027,48.397],[5.009,48.403],[5.039,48.438]]]}},{"type":"Feature","properties":{"code":"52319","nom":"Mennouveaux","departement":"52","region":"44","epci":"200069664"},"geometry":{"type":"Polygon","coordinates":[[[5.4,48.083],[5.394,48.107],[5.4,48.114],[5.423,48.12],[5.436,48.11],[5.422,48.086],[5.411,48.083],[5.4,48.083]]]}},{"type":"Feature","properties":{"code":"52320","nom":"Merrey","departement":"52","region":"44","epci":"200069664"},"geometry":{"type":"Polygon","coordinates":[[[5.609,48.045],[5.582,48.033],[5.575,48.057],[5.596,48.073],[5.609,48.045]]]}},{"type":"Feature","properties":{"code":"52321","nom":"Mertrud","departement":"52","region":"44","epci":"200044253"},"geometry":{"type":"Polygon","coordinates":[[[4.87,48.451],[4.899,48.439],[4.913,48.419],[4.882,48.401],[4.86,48.44],[4.87,48.451]]]}},{"type":"Feature","properties":{"code":"52322","nom":"Meures","departement":"52","region":"44","epci":"200068658"},"geometry":{"type":"Polygon","coordinates":[[[5.06,48.213],[5.069,48.208],[5.085,48.187],[5.081,48.174],[5.034,48.181],[5.06,48.213]]]}},{"type":"Feature","properties":{"code":"52325","nom":"Millières","departement":"52","region":"44","epci":"200069664"},"geometry":{"type":"Polygon","coordinates":[[[5.469,48.156],[5.447,48.146],[5.423,48.12],[5.4,48.114],[5.4,48.117],[5.394,48.15],[5.413,48.147],[5.444,48.168],[5.469,48.156]]]}},{"type":"Feature","properties":{"code":"52326","nom":"Mirbel","departement":"52","region":"44","epci":"200068658"},"geometry":{"type":"Polygon","coordinates":[[[5.014,48.294],[5.042,48.309],[5.057,48.297],[5.063,48.286],[5.043,48.28],[5.053,48.267],[5.049,48.266],[5.014,48.294]]]}},{"type":"Feature","properties":{"code":"52327","nom":"Moëslains","departement":"52","region":"44","epci":"200068666"},"geometry":{"type":"Polygon","coordinates":[[[4.885,48.62],[4.9,48.619],[4.899,48.615],[4.869,48.614],[4.885,48.62]]]}},{"type":"Feature","properties":{"code":"52330","nom":"Montheries","departement":"52","region":"44","epci":"245200597"},"geometry":{"type":"Polygon","coordinates":[[[4.897,48.154],[4.876,48.163],[4.862,48.192],[4.923,48.199],[4.942,48.18],[4.897,48.154]]]}},{"type":"Feature","properties":{"code":"52331","nom":"La Porte du Der","departement":"52","region":"44","epci":"200068666"},"geometry":{"type":"Polygon","coordinates":[[[4.77,48.524],[4.774,48.498],[4.808,48.503],[4.827,48.505],[4.862,48.485],[4.884,48.458],[4.87,48.451],[4.86,48.44],[4.817,48.44],[4.798,48.458],[4.773,48.463],[4.739,48.494],[4.752,48.524],[4.77,48.524]]]}},{"type":"Feature","properties":{"code":"52332","nom":"Val-de-Meuse","departement":"52","region":"44","epci":"200072999"},"geometry":{"type":"Polygon","coordinates":[[[5.487,48.027],[5.498,48.026],[5.51,48.025],[5.539,48.043],[5.517,48.049],[5.512,48.05],[5.518,48.056],[5.525,48.063],[5.555,48.061],[5.562,48.029],[5.582,48.033],[5.609,48.045],[5.625,48.047],[5.636,48.026],[5.61,48.002],[5.548,47.982],[5.517,47.97],[5.527,47.946],[5.508,47.932],[5.501,47.935],[5.491,47.968],[5.464,47.98],[5.46,47.984],[5.447,48.016],[5.487,48.027]]]}},{"type":"Feature","properties":{"code":"52335","nom":"Montot-sur-Rognon","departement":"52","region":"44","epci":"200069664"},"geometry":{"type":"Polygon","coordinates":[[[5.304,48.297],[5.321,48.285],[5.294,48.266],[5.278,48.283],[5.304,48.297]]]}},{"type":"Feature","properties":{"code":"52336","nom":"Montreuil-sur-Blaise","departement":"52","region":"44","epci":"200068666"},"geometry":{"type":"Polygon","coordinates":[[[4.949,48.48],[4.968,48.481],[4.949,48.471],[4.949,48.48]]]}},{"type":"Feature","properties":{"code":"52337","nom":"Montreuil-sur-Thonnance","departement":"52","region":"44","epci":"200044253"},"geometry":{"type":"Polygon","coordinates":[[[5.23,48.446],[5.212,48.451],[5.219,48.47],[5.237,48.474],[5.25,48.475],[5.253,48.465],[5.258,48.451],[5.23,48.446]]]}},{"type":"Feature","properties":{"code":"52341","nom":"Morancourt","departement":"52","region":"44","epci":"200068666"},"geometry":{"type":"Polygon","coordinates":[[[4.994,48.404],[4.988,48.412],[4.977,48.432],[4.99,48.448],[5.004,48.451],[5.013,48.453],[5.039,48.438],[5.009,48.403],[4.994,48.404]]]}},{"type":"Feature","properties":{"code":"52342","nom":"Morionvilliers","departement":"52","region":"44","epci":"200044253"},"geometry":{"type":"Polygon","coordinates":[[[5.388,48.369],[5.379,48.377],[5.392,48.388],[5.394,48.392],[5.443,48.379],[5.419,48.361],[5.388,48.369]]]}},{"type":"Feature","properties":{"code":"52346","nom":"Mussey-sur-Marne","departement":"52","region":"44","epci":"200044253"},"geometry":{"type":"Polygon","coordinates":[[[5.162,48.376],[5.132,48.366],[5.095,48.369],[5.107,48.392],[5.161,48.384],[5.162,48.376]]]}},{"type":"Feature","properties":{"code":"52347","nom":"Narcy","departement":"52","region":"44","epci":"200068666"},"geometry":{"type":"Polygon","coordinates":[[[5.081,48.564],[5.07,48.594],[5.071,48.596],[5.119,48.596],[5.127,48.58],[5.134,48.571],[5.105,48.568],[5.081,48.564]]]}},{"type":"Feature","properties":{"code":"52349","nom":"Neuilly-sur-Suize","departement":"52","region":"44","epci":"200068658"},"geometry":{"type":"Polygon","coordinates":[[[5.155,48.061],[5.156,48.058],[5.171,48.039],[5.131,48.022],[5.087,48.021],[5.09,48.036],[5.155,48.061]]]}},{"type":"Feature","properties":{"code":"52352","nom":"Ninville","departement":"52","region":"44","epci":"200068658"},"geometry":{"type":"Polygon","coordinates":[[[5.411,48.083],[5.422,48.086],[5.448,48.082],[5.468,48.072],[5.456,48.059],[5.456,48.058],[5.431,48.053],[5.411,48.083]]]}},{"type":"Feature","properties":{"code":"52353","nom":"Nogent","departement":"52","region":"44","epci":"200068658"},"geometry":{"type":"Polygon","coordinates":[[[5.415,48.024],[5.392,48.007],[5.355,48],[5.321,48.003],[5.296,48.007],[5.295,48.01],[5.301,48.039],[5.319,48.054],[5.352,48.057],[5.367,48.075],[5.4,48.083],[5.411,48.083],[5.431,48.053],[5.408,48.038],[5.415,48.024]]]}},{"type":"Feature","properties":{"code":"52356","nom":"Nomécourt","departement":"52","region":"44","epci":"200044253"},"geometry":{"type":"Polygon","coordinates":[[[5.075,48.413],[5.047,48.437],[5.069,48.456],[5.103,48.447],[5.075,48.413]]]}},{"type":"Feature","properties":{"code":"52357","nom":"Noncourt-sur-le-Rongeant","departement":"52","region":"44","epci":"200044253"},"geometry":{"type":"Polygon","coordinates":[[[5.258,48.397],[5.245,48.401],[5.231,48.419],[5.235,48.443],[5.275,48.417],[5.273,48.399],[5.258,48.397]]]}},{"type":"Feature","properties":{"code":"52358","nom":"Noyers","departement":"52","region":"44","epci":"200072999"},"geometry":{"type":"Polygon","coordinates":[[[5.512,48.05],[5.456,48.059],[5.468,48.072],[5.477,48.076],[5.518,48.056],[5.512,48.05]]]}},{"type":"Feature","properties":{"code":"52359","nom":"Nully","departement":"52","region":"44","epci":"200044253"},"geometry":{"type":"Polygon","coordinates":[[[4.841,48.339],[4.793,48.356],[4.799,48.376],[4.782,48.4],[4.84,48.38],[4.833,48.357],[4.849,48.344],[4.841,48.339]]]}},{"type":"Feature","properties":{"code":"52365","nom":"Orges","departement":"52","region":"44","epci":"245200597"},"geometry":{"type":"Polygon","coordinates":[[[4.897,48.1],[4.913,48.106],[4.954,48.082],[4.981,48.068],[4.953,48.058],[4.901,48.072],[4.898,48.095],[4.897,48.1]]]}},{"type":"Feature","properties":{"code":"52367","nom":"Ormoy-lès-Sexfontaines","departement":"52","region":"44","epci":"200068658"},"geometry":{"type":"Polygon","coordinates":[[[5.069,48.208],[5.06,48.213],[5.032,48.239],[5.035,48.242],[5.055,48.243],[5.08,48.213],[5.069,48.208]]]}},{"type":"Feature","properties":{"code":"52369","nom":"Orquevaux","departement":"52","region":"44","epci":"200069664"},"geometry":{"type":"Polygon","coordinates":[[[5.378,48.311],[5.379,48.313],[5.425,48.329],[5.426,48.33],[5.453,48.313],[5.415,48.289],[5.403,48.287],[5.378,48.311]]]}},{"type":"Feature","properties":{"code":"52370","nom":"Osne-le-Val","departement":"52","region":"44","epci":"200068666"},"geometry":{"type":"Polygon","coordinates":[[[5.219,48.47],[5.173,48.477],[5.172,48.477],[5.166,48.487],[5.161,48.514],[5.212,48.529],[5.222,48.526],[5.234,48.503],[5.237,48.474],[5.219,48.47]]]}},{"type":"Feature","properties":{"code":"52371","nom":"Oudincourt","departement":"52","region":"44","epci":"200068658"},"geometry":{"type":"Polygon","coordinates":[[[5.108,48.234],[5.108,48.222],[5.099,48.212],[5.08,48.213],[5.055,48.243],[5.108,48.234]]]}},{"type":"Feature","properties":{"code":"52372","nom":"Outremécourt","departement":"52","region":"44","epci":"200069664"},"geometry":{"type":"Polygon","coordinates":[[[5.688,48.234],[5.711,48.22],[5.724,48.203],[5.669,48.202],[5.669,48.202],[5.666,48.205],[5.676,48.229],[5.688,48.234]]]}},{"type":"Feature","properties":{"code":"52373","nom":"Ozières","departement":"52","region":"44","epci":"200069664"},"geometry":{"type":"Polygon","coordinates":[[[5.469,48.156],[5.444,48.168],[5.44,48.172],[5.479,48.186],[5.5,48.171],[5.5,48.158],[5.469,48.156]]]}},{"type":"Feature","properties":{"code":"52376","nom":"Pansey","departement":"52","region":"44","epci":"200044253"},"geometry":{"type":"Polygon","coordinates":[[[5.293,48.462],[5.253,48.465],[5.25,48.475],[5.296,48.499],[5.308,48.485],[5.293,48.462]]]}},{"type":"Feature","properties":{"code":"52377","nom":"Parnoy-en-Bassigny","departement":"52","region":"44","epci":"200070332"},"geometry":{"type":"Polygon","coordinates":[[[5.701,47.988],[5.697,47.982],[5.611,47.997],[5.61,48.002],[5.636,48.026],[5.625,48.047],[5.659,48.066],[5.712,48.055],[5.69,48.031],[5.682,47.996],[5.701,47.988]]]}},{"type":"Feature","properties":{"code":"52378","nom":"Paroy-sur-Saulx","departement":"52","region":"44","epci":"200044253"},"geometry":{"type":"Polygon","coordinates":[[[5.222,48.526],[5.289,48.511],[5.234,48.503],[5.222,48.526]]]}},{"type":"Feature","properties":{"code":"52385","nom":"Perrusse","departement":"52","region":"44","epci":"200072999"},"geometry":{"type":"Polygon","coordinates":[[[5.496,48.086],[5.48,48.08],[5.453,48.109],[5.494,48.105],[5.496,48.086]]]}},{"type":"Feature","properties":{"code":"52386","nom":"Perthes","departement":"52","region":"44","epci":"200068666"},"geometry":{"type":"Polygon","coordinates":[[[4.773,48.652],[4.772,48.652],[4.773,48.657],[4.782,48.67],[4.798,48.678],[4.82,48.68],[4.846,48.672],[4.855,48.667],[4.842,48.65],[4.773,48.652]]]}},{"type":"Feature","properties":{"code":"52391","nom":"Planrupt","departement":"52","region":"44","epci":"200068666"},"geometry":{"type":"Polygon","coordinates":[[[4.808,48.503],[4.774,48.498],[4.77,48.524],[4.786,48.531],[4.799,48.53],[4.803,48.524],[4.808,48.503]]]}},{"type":"Feature","properties":{"code":"52398","nom":"Poissons","departement":"52","region":"44","epci":"200044253"},"geometry":{"type":"Polygon","coordinates":[[[5.212,48.451],[5.23,48.446],[5.235,48.443],[5.231,48.419],[5.245,48.401],[5.229,48.394],[5.185,48.428],[5.212,48.451]]]}},{"type":"Feature","properties":{"code":"52399","nom":"Pont-la-Ville","departement":"52","region":"44","epci":"245200597"},"geometry":{"type":"Polygon","coordinates":[[[4.836,48.081],[4.855,48.091],[4.898,48.095],[4.901,48.072],[4.849,48.068],[4.836,48.081]]]}},{"type":"Feature","properties":{"code":"52401","nom":"Poulangy","departement":"52","region":"44","epci":"200068658"},"geometry":{"type":"Polygon","coordinates":[[[5.239,48.035],[5.223,48.048],[5.245,48.066],[5.272,48.076],[5.273,48.076],[5.285,48.045],[5.258,48.038],[5.266,48.017],[5.258,48.015],[5.239,48.035]]]}},{"type":"Feature","properties":{"code":"52407","nom":"Prez-sous-Lafauche","departement":"52","region":"44","epci":"200069664"},"geometry":{"type":"Polygon","coordinates":[[[5.563,48.254],[5.559,48.252],[5.513,48.25],[5.477,48.274],[5.456,48.292],[5.458,48.312],[5.469,48.312],[5.512,48.293],[5.563,48.254]]]}},{"type":"Feature","properties":{"code":"52411","nom":"Rives Dervoises","departement":"52","region":"44","epci":"200068666"},"geometry":{"type":"Polygon","coordinates":[[[4.666,48.511],[4.67,48.532],[4.675,48.538],[4.725,48.541],[4.786,48.531],[4.77,48.524],[4.752,48.524],[4.739,48.494],[4.705,48.482],[4.752,48.431],[4.708,48.401],[4.68,48.417],[4.677,48.436],[4.636,48.457],[4.627,48.468],[4.653,48.471],[4.666,48.511]]]}},{"type":"Feature","properties":{"code":"52413","nom":"Rachecourt-Suzémont","departement":"52","region":"44","epci":"200068666"},"geometry":{"type":"Polygon","coordinates":[[[4.943,48.457],[4.941,48.459],[4.996,48.456],[5.004,48.451],[4.99,48.448],[4.981,48.45],[4.943,48.457]]]}},{"type":"Feature","properties":{"code":"52414","nom":"Rachecourt-sur-Marne","departement":"52","region":"44","epci":"200068666"},"geometry":{"type":"Polygon","coordinates":[[[5.088,48.507],[5.071,48.515],[5.075,48.523],[5.098,48.535],[5.115,48.519],[5.088,48.507]]]}},{"type":"Feature","properties":{"code":"52416","nom":"Rangecourt","departement":"52","region":"44","epci":"200072999"},"geometry":{"type":"Polygon","coordinates":[[[5.498,48.026],[5.487,48.027],[5.456,48.058],[5.456,48.059],[5.512,48.05],[5.517,48.049],[5.498,48.026]]]}},{"type":"Feature","properties":{"code":"52419","nom":"Rennepont","departement":"52","region":"44","epci":"200068658"},"geometry":{"type":"Polygon","coordinates":[[[4.85,48.141],[4.837,48.152],[4.847,48.18],[4.856,48.193],[4.862,48.192],[4.876,48.163],[4.85,48.141]]]}},{"type":"Feature","properties":{"code":"52420","nom":"Reynel","departement":"52","region":"44","epci":"200069664"},"geometry":{"type":"Polygon","coordinates":[[[5.366,48.321],[5.379,48.313],[5.378,48.311],[5.358,48.292],[5.345,48.275],[5.321,48.268],[5.321,48.285],[5.304,48.297],[5.314,48.324],[5.366,48.321]]]}},{"type":"Feature","properties":{"code":"52421","nom":"Riaucourt","departement":"52","region":"44","epci":"200068658"},"geometry":{"type":"Polygon","coordinates":[[[5.195,48.191],[5.188,48.164],[5.174,48.156],[5.135,48.173],[5.144,48.182],[5.195,48.191]]]}},{"type":"Feature","properties":{"code":"52423","nom":"Rimaucourt","departement":"52","region":"44","epci":"200069664"},"geometry":{"type":"Polygon","coordinates":[[[5.311,48.262],[5.321,48.268],[5.345,48.275],[5.361,48.268],[5.387,48.235],[5.358,48.217],[5.311,48.262]]]}},{"type":"Feature","properties":{"code":"52426","nom":"Rizaucourt-Buchey","departement":"52","region":"44","epci":"200068658"},"geometry":{"type":"Polygon","coordinates":[[[4.851,48.296],[4.893,48.291],[4.894,48.259],[4.846,48.247],[4.845,48.249],[4.862,48.266],[4.851,48.296]]]}},{"type":"Feature","properties":{"code":"52428","nom":"Rochefort-sur-la-Côte","departement":"52","region":"44","epci":"200068658"},"geometry":{"type":"Polygon","coordinates":[[[5.222,48.237],[5.215,48.213],[5.201,48.236],[5.222,48.237]]]}},{"type":"Feature","properties":{"code":"52429","nom":"Roches-sur-Marne","departement":"52","region":"44","epci":"200068666"},"geometry":{"type":"Polygon","coordinates":[[[4.971,48.589],[5.006,48.611],[5.033,48.613],[5.038,48.592],[4.971,48.589]]]}},{"type":"Feature","properties":{"code":"52433","nom":"Romain-sur-Meuse","departement":"52","region":"44","epci":"200069664"},"geometry":{"type":"Polygon","coordinates":[[[5.484,48.205],[5.519,48.209],[5.528,48.204],[5.532,48.183],[5.555,48.168],[5.5,48.171],[5.479,48.186],[5.484,48.205]]]}},{"type":"Feature","properties":{"code":"52436","nom":"Rouécourt","departement":"52","region":"44","epci":"200068658"},"geometry":{"type":"Polygon","coordinates":[[[5.101,48.324],[5.05,48.316],[5.074,48.343],[5.101,48.324]]]}},{"type":"Feature","properties":{"code":"52440","nom":"Rouvroy-sur-Marne","departement":"52","region":"44","epci":"200044253"},"geometry":{"type":"Polygon","coordinates":[[[5.074,48.355],[5.075,48.364],[5.095,48.369],[5.132,48.366],[5.136,48.356],[5.074,48.355]]]}},{"type":"Feature","properties":{"code":"52442","nom":"Rupt","departement":"52","region":"44","epci":"200044253"},"geometry":{"type":"Polygon","coordinates":[[[5.152,48.421],[5.153,48.417],[5.105,48.409],[5.113,48.425],[5.152,48.421]]]}},{"type":"Feature","properties":{"code":"52443","nom":"Sailly","departement":"52","region":"44","epci":"200044253"},"geometry":{"type":"Polygon","coordinates":[[[5.235,48.443],[5.23,48.446],[5.258,48.451],[5.292,48.447],[5.299,48.442],[5.275,48.417],[5.235,48.443]]]}},{"type":"Feature","properties":{"code":"52444","nom":"Saint-Blin","departement":"52","region":"44","epci":"200069664"},"geometry":{"type":"Polygon","coordinates":[[[5.45,48.215],[5.436,48.214],[5.396,48.231],[5.385,48.279],[5.403,48.287],[5.415,48.289],[5.434,48.256],[5.45,48.215]]]}},{"type":"Feature","properties":{"code":"52448","nom":"Saint-Dizier","departement":"52","region":"44","epci":"200068666"},"geometry":{"type":"Polygon","coordinates":[[[4.939,48.675],[4.943,48.681],[4.961,48.669],[4.995,48.646],[5.006,48.611],[4.971,48.589],[4.966,48.583],[4.911,48.604],[4.9,48.619],[4.885,48.62],[4.873,48.627],[4.906,48.65],[4.939,48.675]]]}},{"type":"Feature","properties":{"code":"52455","nom":"Saint-Thiébault","departement":"52","region":"44","epci":"200069664"},"geometry":{"type":"Polygon","coordinates":[[[5.572,48.197],[5.58,48.204],[5.582,48.198],[5.572,48.197]]]}},{"type":"Feature","properties":{"code":"52456","nom":"Saint-Urbain-Maconcourt","departement":"52","region":"44","epci":"200044253"},"geometry":{"type":"Polygon","coordinates":[[[5.161,48.384],[5.153,48.417],[5.152,48.421],[5.181,48.427],[5.185,48.428],[5.229,48.394],[5.245,48.401],[5.258,48.397],[5.253,48.377],[5.232,48.377],[5.22,48.385],[5.182,48.368],[5.162,48.376],[5.161,48.384]]]}},{"type":"Feature","properties":{"code":"52459","nom":"Sarcey","departement":"52","region":"44","epci":"200068658"},"geometry":{"type":"Polygon","coordinates":[[[5.303,48.071],[5.319,48.054],[5.301,48.039],[5.285,48.045],[5.273,48.076],[5.303,48.071]]]}},{"type":"Feature","properties":{"code":"52463","nom":"Saudron","departement":"52","region":"44","epci":"200044253"},"geometry":{"type":"Polygon","coordinates":[[[5.296,48.499],[5.296,48.508],[5.306,48.516],[5.35,48.482],[5.327,48.477],[5.308,48.485],[5.296,48.499]]]}},{"type":"Feature","properties":{"code":"52468","nom":"Semilly","departement":"52","region":"44","epci":"200069664"},"geometry":{"type":"Polygon","coordinates":[[[5.455,48.215],[5.45,48.215],[5.434,48.256],[5.477,48.274],[5.513,48.25],[5.463,48.247],[5.455,48.215]]]}},{"type":"Feature","properties":{"code":"52469","nom":"Semoutiers-Montsaon","departement":"52","region":"44","epci":"200068658"},"geometry":{"type":"Polygon","coordinates":[[[5.005,48.077],[5.006,48.083],[5.038,48.095],[5.085,48.078],[5.092,48.04],[5.059,48.027],[5.042,48.041],[5.032,48.064],[5.005,48.077]]]}},{"type":"Feature","properties":{"code":"52472","nom":"Sexfontaines","departement":"52","region":"44","epci":"200068658"},"geometry":{"type":"Polygon","coordinates":[[[5.06,48.213],[5.034,48.181],[5.026,48.178],[5.015,48.187],[4.997,48.212],[5.013,48.233],[5.032,48.239],[5.06,48.213]]]}},{"type":"Feature","properties":{"code":"52473","nom":"Signéville","departement":"52","region":"44","epci":"200069664"},"geometry":{"type":"Polygon","coordinates":[[[5.294,48.266],[5.294,48.265],[5.271,48.251],[5.239,48.255],[5.278,48.283],[5.294,48.266]]]}},{"type":"Feature","properties":{"code":"52474","nom":"Silvarouvres","departement":"52","region":"44","epci":"245200597"},"geometry":{"type":"Polygon","coordinates":[[[4.764,48.073],[4.836,48.081],[4.849,48.068],[4.832,48.054],[4.758,48.048],[4.759,48.041],[4.727,48.046],[4.76,48.052],[4.764,48.073]]]}},{"type":"Feature","properties":{"code":"52475","nom":"Sommancourt","departement":"52","region":"44","epci":"200068666"},"geometry":{"type":"Polygon","coordinates":[[[5.021,48.5],[5.031,48.518],[5.061,48.512],[5.037,48.49],[5.028,48.487],[5.021,48.5]]]}},{"type":"Feature","properties":{"code":"52476","nom":"Sommerécourt","departement":"52","region":"44","epci":"200069664"},"geometry":{"type":"Polygon","coordinates":[[[5.627,48.218],[5.641,48.242],[5.676,48.229],[5.666,48.205],[5.627,48.218]]]}},{"type":"Feature","properties":{"code":"52479","nom":"Sommevoire","departement":"52","region":"44","epci":"200068666"},"geometry":{"type":"Polygon","coordinates":[[[4.859,48.384],[4.84,48.38],[4.782,48.4],[4.772,48.41],[4.773,48.41],[4.817,48.44],[4.86,48.44],[4.882,48.401],[4.876,48.393],[4.859,48.384]]]}},{"type":"Feature","properties":{"code":"52480","nom":"Soncourt-sur-Marne","departement":"52","region":"44","epci":"200068658"},"geometry":{"type":"Polygon","coordinates":[[[5.108,48.234],[5.055,48.243],[5.035,48.242],[5.045,48.246],[5.097,48.263],[5.126,48.263],[5.134,48.253],[5.127,48.248],[5.108,48.234]]]}},{"type":"Feature","properties":{"code":"52482","nom":"Soulaucourt-sur-Mouzon","departement":"52","region":"44","epci":"200069664"},"geometry":{"type":"Polygon","coordinates":[[[5.674,48.18],[5.669,48.202],[5.724,48.203],[5.73,48.198],[5.731,48.19],[5.697,48.189],[5.682,48.175],[5.674,48.18]]]}},{"type":"Feature","properties":{"code":"52484","nom":"Suzannecourt","departement":"52","region":"44","epci":"200044253"},"geometry":{"type":"Polygon","coordinates":[[[5.185,48.428],[5.181,48.427],[5.16,48.449],[5.212,48.451],[5.185,48.428]]]}},{"type":"Feature","properties":{"code":"52487","nom":"Thilleux","departement":"52","region":"44","epci":"200068666"},"geometry":{"type":"Polygon","coordinates":[[[4.817,48.44],[4.773,48.41],[4.777,48.439],[4.798,48.458],[4.817,48.44]]]}},{"type":"Feature","properties":{"code":"52489","nom":"Thol-lès-Millières","departement":"52","region":"44","epci":"200069664"},"geometry":{"type":"Polygon","coordinates":[[[5.5,48.158],[5.501,48.156],[5.504,48.137],[5.498,48.137],[5.458,48.142],[5.447,48.146],[5.469,48.156],[5.5,48.158]]]}},{"type":"Feature","properties":{"code":"52490","nom":"Thonnance-lès-Joinville","departement":"52","region":"44","epci":"200044253"},"geometry":{"type":"Polygon","coordinates":[[[5.173,48.477],[5.219,48.47],[5.212,48.451],[5.16,48.449],[5.159,48.455],[5.149,48.463],[5.173,48.477]]]}},{"type":"Feature","properties":{"code":"52491","nom":"Thonnance-les-Moulins","departement":"52","region":"44","epci":"200044253"},"geometry":{"type":"Polygon","coordinates":[[[5.299,48.442],[5.326,48.452],[5.326,48.434],[5.365,48.427],[5.34,48.419],[5.331,48.399],[5.288,48.397],[5.273,48.399],[5.275,48.417],[5.299,48.442]]]}},{"type":"Feature","properties":{"code":"52494","nom":"Treix","departement":"52","region":"44","epci":"200068658"},"geometry":{"type":"Polygon","coordinates":[[[5.262,48.12],[5.171,48.14],[5.169,48.15],[5.174,48.156],[5.188,48.164],[5.262,48.138],[5.264,48.13],[5.262,48.12]]]}},{"type":"Feature","properties":{"code":"52495","nom":"Trémilly","departement":"52","region":"44","epci":"200044253"},"geometry":{"type":"Polygon","coordinates":[[[4.755,48.367],[4.76,48.388],[4.772,48.41],[4.782,48.4],[4.799,48.376],[4.793,48.356],[4.755,48.367]]]}},{"type":"Feature","properties":{"code":"52497","nom":"Troisfontaines-la-Ville","departement":"52","region":"44","epci":"200068666"},"geometry":{"type":"Polygon","coordinates":[[[5.071,48.515],[5.061,48.512],[5.031,48.518],[4.989,48.517],[4.969,48.539],[4.947,48.557],[4.966,48.583],[5.03,48.556],[5.075,48.523],[5.071,48.515]]]}},{"type":"Feature","properties":{"code":"52500","nom":"Valcourt","departement":"52","region":"44","epci":"200068666"},"geometry":{"type":"Polygon","coordinates":[[[4.9,48.619],[4.911,48.604],[4.897,48.599],[4.899,48.615],[4.9,48.619]]]}},{"type":"Feature","properties":{"code":"52502","nom":"Valleret","departement":"52","region":"44","epci":"200068666"},"geometry":{"type":"Polygon","coordinates":[[[5.028,48.487],[5.012,48.478],[4.999,48.48],[4.988,48.483],[5.004,48.499],[5.021,48.5],[5.028,48.487]]]}},{"type":"Feature","properties":{"code":"52505","nom":"Vaudrecourt","departement":"52","region":"44","epci":"200069664"},"geometry":{"type":"Polygon","coordinates":[[[5.666,48.205],[5.669,48.202],[5.627,48.218],[5.666,48.205]]]}},{"type":"Feature","properties":{"code":"52506","nom":"Vaudrémont","departement":"52","region":"44","epci":"245200597"},"geometry":{"type":"Polygon","coordinates":[[[4.897,48.154],[4.923,48.144],[4.941,48.126],[4.907,48.111],[4.891,48.123],[4.897,48.154]]]}},{"type":"Feature","properties":{"code":"52510","nom":"Vaux-sur-Blaise","departement":"52","region":"44","epci":"200068666"},"geometry":{"type":"Polygon","coordinates":[[[4.93,48.467],[4.949,48.471],[4.968,48.481],[4.988,48.483],[4.999,48.48],[4.996,48.456],[4.941,48.459],[4.93,48.467]]]}},{"type":"Feature","properties":{"code":"52511","nom":"Vaux-sur-Saint-Urbain","departement":"52","region":"44","epci":"200044253"},"geometry":{"type":"Polygon","coordinates":[[[5.195,48.359],[5.182,48.368],[5.22,48.385],[5.232,48.377],[5.213,48.357],[5.195,48.359]]]}},{"type":"Feature","properties":{"code":"52512","nom":"Vecqueville","departement":"52","region":"44","epci":"200044253"},"geometry":{"type":"Polygon","coordinates":[[[5.159,48.455],[5.115,48.453],[5.132,48.472],[5.149,48.463],[5.159,48.455]]]}},{"type":"Feature","properties":{"code":"52514","nom":"Verbiesles","departement":"52","region":"44","epci":"200068658"},"geometry":{"type":"Polygon","coordinates":[[[5.156,48.058],[5.155,48.061],[5.154,48.073],[5.201,48.093],[5.236,48.08],[5.156,48.058]]]}},{"type":"Feature","properties":{"code":"52517","nom":"Vesaignes-sous-Lafauche","departement":"52","region":"44","epci":"200069664"},"geometry":{"type":"Polygon","coordinates":[[[5.453,48.313],[5.458,48.312],[5.456,48.292],[5.477,48.274],[5.434,48.256],[5.415,48.289],[5.453,48.313]]]}},{"type":"Feature","properties":{"code":"52522","nom":"Viéville","departement":"52","region":"44","epci":"200068658"},"geometry":{"type":"Polygon","coordinates":[[[5.127,48.248],[5.134,48.253],[5.212,48.249],[5.197,48.24],[5.129,48.225],[5.127,48.248]]]}},{"type":"Feature","properties":{"code":"52523","nom":"Vignes-la-Côte","departement":"52","region":"44","epci":"200069664"},"geometry":{"type":"Polygon","coordinates":[[[5.294,48.265],[5.294,48.266],[5.321,48.285],[5.321,48.268],[5.311,48.262],[5.294,48.265]]]}},{"type":"Feature","properties":{"code":"52524","nom":"Vignory","departement":"52","region":"44","epci":"200068658"},"geometry":{"type":"Polygon","coordinates":[[[5.049,48.266],[5.053,48.267],[5.063,48.286],[5.057,48.297],[5.089,48.301],[5.137,48.281],[5.126,48.263],[5.097,48.263],[5.045,48.246],[5.049,48.266]]]}},{"type":"Feature","properties":{"code":"52525","nom":"Villars-en-Azois","departement":"52","region":"44","epci":"245200597"},"geometry":{"type":"Polygon","coordinates":[[[4.727,48.046],[4.723,48.046],[4.69,48.073],[4.661,48.077],[4.658,48.079],[4.691,48.086],[4.707,48.095],[4.719,48.084],[4.764,48.073],[4.76,48.052],[4.727,48.046]]]}},{"type":"Feature","properties":{"code":"52528","nom":"Ville-en-Blaisois","departement":"52","region":"44","epci":"200068666"},"geometry":{"type":"Polygon","coordinates":[[[4.917,48.444],[4.919,48.448],[4.968,48.442],[4.981,48.45],[4.99,48.448],[4.977,48.432],[4.932,48.434],[4.917,48.444]]]}},{"type":"Feature","properties":{"code":"52534","nom":"Villiers-en-Lieu","departement":"52","region":"44","epci":"200068666"},"geometry":{"type":"Polygon","coordinates":[[[4.911,48.689],[4.939,48.675],[4.906,48.65],[4.868,48.667],[4.911,48.689]]]}},{"type":"Feature","properties":{"code":"52535","nom":"Villiers-le-Sec","departement":"52","region":"44","epci":"200068658"},"geometry":{"type":"Polygon","coordinates":[[[5.043,48.111],[5.069,48.124],[5.098,48.118],[5.085,48.078],[5.038,48.095],[5.043,48.111]]]}},{"type":"Feature","properties":{"code":"52543","nom":"Voillecomte","departement":"52","region":"44","epci":"200068666"},"geometry":{"type":"Polygon","coordinates":[[[4.873,48.486],[4.862,48.485],[4.827,48.505],[4.865,48.523],[4.887,48.519],[4.897,48.5],[4.873,48.486]]]}},{"type":"Feature","properties":{"code":"52547","nom":"Vouécourt","departement":"52","region":"44","epci":"200068658"},"geometry":{"type":"Polygon","coordinates":[[[5.134,48.253],[5.126,48.263],[5.137,48.281],[5.172,48.277],[5.198,48.255],[5.212,48.249],[5.134,48.253]]]}},{"type":"Feature","properties":{"code":"52548","nom":"Vraincourt","departement":"52","region":"44","epci":"200068658"},"geometry":{"type":"Polygon","coordinates":[[[5.108,48.222],[5.108,48.234],[5.127,48.248],[5.129,48.225],[5.131,48.216],[5.108,48.222]]]}},{"type":"Feature","properties":{"code":"52549","nom":"Vroncourt-la-Côte","departement":"52","region":"44","epci":"200069664"},"geometry":{"type":"Polygon","coordinates":[[[5.504,48.137],[5.501,48.156],[5.53,48.149],[5.53,48.146],[5.516,48.137],[5.504,48.137]]]}},{"type":"Feature","properties":{"code":"52550","nom":"Wassy","departement":"52","region":"44","epci":"200068666"},"geometry":{"type":"Polygon","coordinates":[[[4.949,48.471],[4.93,48.467],[4.903,48.467],[4.873,48.486],[4.897,48.5],[4.887,48.519],[4.916,48.534],[4.939,48.513],[4.969,48.539],[4.989,48.517],[4.992,48.502],[4.962,48.495],[4.949,48.48],[4.949,48.471]]]}},{"type":"Feature","properties":{"code":"54001","nom":"Abaucourt","departement":"54","region":"44","epci":"200070589"},"geometry":{"type":"Polygon","coordinates":[[[6.248,48.904],[6.262,48.909],[6.279,48.905],[6.286,48.891],[6.256,48.872],[6.248,48.904]]]}},{"type":"Feature","properties":{"code":"54002","nom":"Abbéville-lès-Conflans","departement":"54","region":"44","epci":"200070845"},"geometry":{"type":"Polygon","coordinates":[[[5.873,49.196],[5.843,49.19],[5.826,49.187],[5.816,49.191],[5.824,49.211],[5.848,49.213],[5.855,49.212],[5.868,49.209],[5.873,49.196]]]}},{"type":"Feature","properties":{"code":"54003","nom":"Aboncourt","departement":"54","region":"44","epci":"245400510"},"geometry":{"type":"Polygon","coordinates":[[[6.02,48.361],[5.993,48.354],[5.965,48.35],[5.956,48.357],[5.957,48.367],[5.993,48.369],[6.011,48.37],[6.02,48.361]]]}},{"type":"Feature","properties":{"code":"54004","nom":"Affléville","departement":"54","region":"44","epci":"200070845"},"geometry":{"type":"Polygon","coordinates":[[[5.725,49.27],[5.761,49.28],[5.777,49.274],[5.794,49.26],[5.768,49.261],[5.725,49.245],[5.721,49.248],[5.725,49.27]]]}},{"type":"Feature","properties":{"code":"54005","nom":"Affracourt","departement":"54","region":"44","epci":"200035772"},"geometry":{"type":"Polygon","coordinates":[[[6.157,48.475],[6.167,48.475],[6.179,48.465],[6.182,48.45],[6.146,48.448],[6.157,48.475]]]}},{"type":"Feature","properties":{"code":"54006","nom":"Agincourt","departement":"54","region":"44","epci":"200070589"},"geometry":{"type":"Polygon","coordinates":[[[6.226,48.719],[6.222,48.724],[6.226,48.741],[6.249,48.718],[6.226,48.719]]]}},{"type":"Feature","properties":{"code":"54007","nom":"Aingeray","departement":"54","region":"44","epci":"200070563"},"geometry":{"type":"Polygon","coordinates":[[[6.004,48.718],[5.985,48.723],[6.008,48.747],[6.032,48.758],[6.052,48.733],[6.004,48.718]]]}},{"type":"Feature","properties":{"code":"54008","nom":"Allain","departement":"54","region":"44","epci":"245400510"},"geometry":{"type":"Polygon","coordinates":[[[5.884,48.545],[5.904,48.569],[5.918,48.577],[5.945,48.564],[5.956,48.557],[5.921,48.521],[5.884,48.545]]]}},{"type":"Feature","properties":{"code":"54009","nom":"Allamont","departement":"54","region":"44","epci":"200070845"},"geometry":{"type":"Polygon","coordinates":[[[5.777,49.112],[5.772,49.105],[5.755,49.114],[5.772,49.14],[5.8,49.147],[5.813,49.135],[5.782,49.127],[5.777,49.112]]]}},{"type":"Feature","properties":{"code":"54010","nom":"Allamps","departement":"54","region":"44","epci":"245400510"},"geometry":{"type":"Polygon","coordinates":[[[5.833,48.554],[5.829,48.535],[5.825,48.533],[5.79,48.542],[5.811,48.567],[5.833,48.554]]]}},{"type":"Feature","properties":{"code":"54012","nom":"Amance","departement":"54","region":"44","epci":"200070589"},"geometry":{"type":"Polygon","coordinates":[[[6.346,48.757],[6.357,48.752],[6.331,48.744],[6.295,48.741],[6.262,48.75],[6.319,48.778],[6.346,48.757]]]}},{"type":"Feature","properties":{"code":"54013","nom":"Amenoncourt","departement":"54","region":"44","epci":"200069433"},"geometry":{"type":"Polygon","coordinates":[[[6.783,48.643],[6.798,48.639],[6.809,48.623],[6.773,48.616],[6.774,48.648],[6.783,48.643]]]}},{"type":"Feature","properties":{"code":"54014","nom":"Ancerviller","departement":"54","region":"44","epci":"200069433"},"geometry":{"type":"Polygon","coordinates":[[[6.805,48.533],[6.803,48.54],[6.834,48.556],[6.841,48.557],[6.866,48.534],[6.867,48.532],[6.866,48.511],[6.861,48.509],[6.84,48.515],[6.817,48.522],[6.805,48.533]]]}},{"type":"Feature","properties":{"code":"54015","nom":"Anderny","departement":"54","region":"44","epci":"200070290"},"geometry":{"type":"Polygon","coordinates":[[[5.865,49.347],[5.882,49.357],[5.896,49.347],[5.911,49.331],[5.909,49.325],[5.859,49.318],[5.865,49.347]]]}},{"type":"Feature","properties":{"code":"54016","nom":"Andilly","departement":"54","region":"44","epci":"200070563"},"geometry":{"type":"Polygon","coordinates":[[[5.911,48.757],[5.907,48.756],[5.875,48.757],[5.864,48.775],[5.888,48.78],[5.911,48.757]]]}},{"type":"Feature","properties":{"code":"54017","nom":"Angomont","departement":"54","region":"44","epci":"200069433"},"geometry":{"type":"Polygon","coordinates":[[[6.941,48.528],[7.023,48.504],[6.98,48.493],[6.963,48.479],[6.956,48.484],[6.936,48.509],[6.941,48.528]]]}},{"type":"Feature","properties":{"code":"54018","nom":"Anoux","departement":"54","region":"44","epci":"200070845"},"geometry":{"type":"Polygon","coordinates":[[[5.844,49.26],[5.831,49.269],[5.838,49.284],[5.864,49.29],[5.877,49.287],[5.894,49.26],[5.844,49.26]]]}},{"type":"Feature","properties":{"code":"54019","nom":"Ansauville","departement":"54","region":"44","epci":"200070563"},"geometry":{"type":"Polygon","coordinates":[[[5.826,48.827],[5.853,48.818],[5.85,48.81],[5.825,48.811],[5.802,48.795],[5.799,48.816],[5.826,48.827]]]}},{"type":"Feature","properties":{"code":"54020","nom":"Anthelupt","departement":"54","region":"44","epci":"245400759"},"geometry":{"type":"Polygon","coordinates":[[[6.434,48.624],[6.439,48.622],[6.437,48.614],[6.414,48.58],[6.403,48.583],[6.395,48.588],[6.401,48.609],[6.411,48.625],[6.434,48.624]]]}},{"type":"Feature","properties":{"code":"54021","nom":"Armaucourt","departement":"54","region":"44","epci":"200070589"},"geometry":{"type":"Polygon","coordinates":[[[6.301,48.824],[6.309,48.821],[6.3,48.795],[6.285,48.823],[6.301,48.824]]]}},{"type":"Feature","properties":{"code":"54022","nom":"Arnaville","departement":"54","region":"44","epci":"200070738"},"geometry":{"type":"Polygon","coordinates":[[[6.045,49.009],[6.043,49.002],[6.012,49],[6.005,49.035],[6.013,49.038],[6.045,49.009]]]}},{"type":"Feature","properties":{"code":"54023","nom":"Arracourt","departement":"54","region":"44","epci":"245400759"},"geometry":{"type":"Polygon","coordinates":[[[6.511,48.749],[6.539,48.751],[6.567,48.725],[6.559,48.707],[6.547,48.703],[6.514,48.701],[6.517,48.729],[6.503,48.738],[6.511,48.749]]]}},{"type":"Feature","properties":{"code":"54024","nom":"Arraye-et-Han","departement":"54","region":"44","epci":"200070589"},"geometry":{"type":"Polygon","coordinates":[[[6.316,48.837],[6.33,48.836],[6.34,48.833],[6.301,48.824],[6.285,48.823],[6.27,48.823],[6.255,48.842],[6.268,48.852],[6.285,48.849],[6.316,48.837]]]}},{"type":"Feature","properties":{"code":"54025","nom":"Art-sur-Meurthe","departement":"54","region":"44","epci":"245400676"},"geometry":{"type":"Polygon","coordinates":[[[6.224,48.671],[6.236,48.672],[6.274,48.68],[6.293,48.65],[6.279,48.64],[6.224,48.671]]]}},{"type":"Feature","properties":{"code":"54026","nom":"Athienville","departement":"54","region":"44","epci":"245400759"},"geometry":{"type":"Polygon","coordinates":[[[6.45,48.712],[6.452,48.727],[6.503,48.738],[6.517,48.729],[6.514,48.701],[6.504,48.697],[6.487,48.695],[6.45,48.712]]]}},{"type":"Feature","properties":{"code":"54027","nom":"Atton","departement":"54","region":"44","epci":"200041515"},"geometry":{"type":"Polygon","coordinates":[[[6.081,48.877],[6.063,48.891],[6.075,48.899],[6.107,48.914],[6.128,48.919],[6.13,48.907],[6.152,48.883],[6.12,48.878],[6.081,48.877]]]}},{"type":"Feature","properties":{"code":"54028","nom":"Auboué","departement":"54","region":"44","epci":"200070845"},"geometry":{"type":"Polygon","coordinates":[[[5.988,49.21],[5.979,49.195],[5.963,49.217],[5.964,49.222],[5.976,49.232],[5.988,49.21]]]}},{"type":"Feature","properties":{"code":"54029","nom":"Audun-le-Roman","departement":"54","region":"44","epci":"200070290"},"geometry":{"type":"Polygon","coordinates":[[[5.882,49.357],[5.868,49.373],[5.899,49.383],[5.919,49.372],[5.896,49.347],[5.882,49.357]]]}},{"type":"Feature","properties":{"code":"54030","nom":"Autrepierre","departement":"54","region":"44","epci":"200069433"},"geometry":{"type":"Polygon","coordinates":[[[6.809,48.623],[6.812,48.621],[6.822,48.6],[6.783,48.595],[6.782,48.598],[6.77,48.615],[6.773,48.616],[6.809,48.623]]]}},{"type":"Feature","properties":{"code":"54031","nom":"Autreville-sur-Moselle","departement":"54","region":"44","epci":"200041515"},"geometry":{"type":"Polygon","coordinates":[[[6.09,48.835],[6.092,48.836],[6.108,48.835],[6.135,48.83],[6.123,48.82],[6.09,48.835]]]}},{"type":"Feature","properties":{"code":"54032","nom":"Autrey","departement":"54","region":"44","epci":"200035772"},"geometry":{"type":"Polygon","coordinates":[[[6.146,48.532],[6.143,48.519],[6.135,48.518],[6.106,48.527],[6.109,48.536],[6.127,48.546],[6.146,48.532]]]}},{"type":"Feature","properties":{"code":"54033","nom":"Avillers","departement":"54","region":"44","epci":"200070290"},"geometry":{"type":"Polygon","coordinates":[[[5.757,49.315],[5.75,49.31],[5.732,49.311],[5.737,49.339],[5.757,49.315]]]}},{"type":"Feature","properties":{"code":"54034","nom":"Avrainville","departement":"54","region":"44","epci":"200070563"},"geometry":{"type":"Polygon","coordinates":[[[5.961,48.79],[5.974,48.777],[5.951,48.754],[5.925,48.758],[5.914,48.77],[5.961,48.79]]]}},{"type":"Feature","properties":{"code":"54035","nom":"Avricourt","departement":"54","region":"44","epci":"200069433"},"geometry":{"type":"Polygon","coordinates":[[[6.798,48.639],[6.783,48.643],[6.81,48.647],[6.839,48.638],[6.839,48.637],[6.798,48.639]]]}},{"type":"Feature","properties":{"code":"54036","nom":"Avril","departement":"54","region":"44","epci":"200070845"},"geometry":{"type":"Polygon","coordinates":[[[5.986,49.305],[5.997,49.314],[6.004,49.288],[6.01,49.272],[6.01,49.266],[5.952,49.282],[5.927,49.3],[5.923,49.31],[5.925,49.313],[5.951,49.318],[5.986,49.305]]]}},{"type":"Feature","properties":{"code":"54037","nom":"Azelot","departement":"54","region":"44","epci":"245400189"},"geometry":{"type":"Polygon","coordinates":[[[6.245,48.596],[6.224,48.563],[6.211,48.584],[6.242,48.598],[6.245,48.596]]]}},{"type":"Feature","properties":{"code":"54038","nom":"Azerailles","departement":"54","region":"44","epci":"200070324"},"geometry":{"type":"Polygon","coordinates":[[[6.723,48.468],[6.716,48.469],[6.677,48.487],[6.679,48.52],[6.72,48.501],[6.725,48.493],[6.723,48.468]]]}},{"type":"Feature","properties":{"code":"54039","nom":"Baccarat","departement":"54","region":"44","epci":"200070324"},"geometry":{"type":"Polygon","coordinates":[[[6.716,48.469],[6.723,48.468],[6.747,48.465],[6.79,48.448],[6.765,48.431],[6.753,48.432],[6.742,48.441],[6.701,48.429],[6.716,48.469]]]}},{"type":"Feature","properties":{"code":"54040","nom":"Badonviller","departement":"54","region":"44","epci":"200069433"},"geometry":{"type":"Polygon","coordinates":[[[6.861,48.509],[6.866,48.511],[6.898,48.516],[6.936,48.509],[6.956,48.484],[6.918,48.463],[6.901,48.471],[6.885,48.495],[6.863,48.496],[6.861,48.509]]]}},{"type":"Feature","properties":{"code":"54041","nom":"Bagneux","departement":"54","region":"44","epci":"245400510"},"geometry":{"type":"Polygon","coordinates":[[[5.904,48.569],[5.884,48.545],[5.874,48.54],[5.864,48.542],[5.847,48.557],[5.869,48.567],[5.904,48.569]]]}},{"type":"Feature","properties":{"code":"54042","nom":"Bainville-aux-Miroirs","departement":"54","region":"44","epci":"200035772"},"geometry":{"type":"Polygon","coordinates":[[[6.303,48.428],[6.27,48.426],[6.264,48.428],[6.26,48.443],[6.272,48.449],[6.302,48.444],[6.315,48.439],[6.303,48.428]]]}},{"type":"Feature","properties":{"code":"54043","nom":"Bainville-sur-Madon","departement":"54","region":"44","epci":"245400171"},"geometry":{"type":"Polygon","coordinates":[[[6.107,48.596],[6.104,48.587],[6.107,48.578],[6.086,48.573],[6.061,48.607],[6.107,48.596]]]}},{"type":"Feature","properties":{"code":"54044","nom":"Barbas","departement":"54","region":"44","epci":"200069433"},"geometry":{"type":"Polygon","coordinates":[[[6.87,48.564],[6.841,48.557],[6.834,48.556],[6.823,48.573],[6.868,48.587],[6.87,48.564]]]}},{"type":"Feature","properties":{"code":"54045","nom":"Barbonville","departement":"54","region":"44","epci":"200067643"},"geometry":{"type":"Polygon","coordinates":[[[6.324,48.545],[6.328,48.553],[6.372,48.573],[6.375,48.547],[6.379,48.527],[6.371,48.524],[6.36,48.533],[6.324,48.545]]]}},{"type":"Feature","properties":{"code":"54046","nom":"Barisey-au-Plain","departement":"54","region":"44","epci":"245400510"},"geometry":{"type":"Polygon","coordinates":[[[5.866,48.504],[5.838,48.505],[5.825,48.533],[5.829,48.535],[5.864,48.542],[5.874,48.54],[5.866,48.504]]]}},{"type":"Feature","properties":{"code":"54047","nom":"Barisey-la-Côte","departement":"54","region":"44","epci":"245400510"},"geometry":{"type":"Polygon","coordinates":[[[5.833,48.554],[5.847,48.557],[5.864,48.542],[5.829,48.535],[5.833,48.554]]]}},{"type":"Feature","properties":{"code":"54048","nom":"Les Baroches","departement":"54","region":"44","epci":"200070845"},"geometry":{"type":"Polygon","coordinates":[[[5.922,49.241],[5.928,49.239],[5.928,49.229],[5.855,49.212],[5.848,49.213],[5.867,49.237],[5.878,49.246],[5.922,49.241]]]}},{"type":"Feature","properties":{"code":"54050","nom":"Bathelémont","departement":"54","region":"44","epci":"245400759"},"geometry":{"type":"Polygon","coordinates":[[[6.554,48.692],[6.548,48.69],[6.515,48.678],[6.504,48.697],[6.514,48.701],[6.547,48.703],[6.554,48.692]]]}},{"type":"Feature","properties":{"code":"54051","nom":"Batilly","departement":"54","region":"44","epci":"200070845"},"geometry":{"type":"Polygon","coordinates":[[[5.99,49.162],[5.955,49.168],[5.949,49.183],[5.979,49.193],[5.985,49.185],[5.99,49.162]]]}},{"type":"Feature","properties":{"code":"54052","nom":"Battigny","departement":"54","region":"44","epci":"245400510"},"geometry":{"type":"Polygon","coordinates":[[[6.006,48.453],[6.01,48.445],[6.01,48.44],[5.965,48.429],[5.972,48.456],[6.006,48.453]]]}},{"type":"Feature","properties":{"code":"54053","nom":"Bauzemont","departement":"54","region":"44","epci":"245400759"},"geometry":{"type":"Polygon","coordinates":[[[6.515,48.678],[6.548,48.69],[6.544,48.658],[6.525,48.655],[6.518,48.663],[6.515,48.672],[6.515,48.678]]]}},{"type":"Feature","properties":{"code":"54054","nom":"Bayon","departement":"54","region":"44","epci":"200067643"},"geometry":{"type":"Polygon","coordinates":[[[6.309,48.466],[6.302,48.48],[6.337,48.498],[6.34,48.471],[6.338,48.466],[6.309,48.466]]]}},{"type":"Feature","properties":{"code":"54055","nom":"Bayonville-sur-Mad","departement":"54","region":"44","epci":"200070738"},"geometry":{"type":"Polygon","coordinates":[[[5.988,48.995],[5.981,49.016],[5.995,49.038],[6.005,49.035],[6.012,49],[5.988,48.995]]]}},{"type":"Feature","properties":{"code":"54057","nom":"Beaumont","departement":"54","region":"44","epci":"200070738"},"geometry":{"type":"Polygon","coordinates":[[[5.781,48.835],[5.776,48.856],[5.81,48.86],[5.781,48.835]]]}},{"type":"Feature","properties":{"code":"54058","nom":"Béchamps","departement":"54","region":"44","epci":"200070845"},"geometry":{"type":"Polygon","coordinates":[[[5.729,49.225],[5.741,49.23],[5.763,49.227],[5.762,49.226],[5.757,49.201],[5.75,49.199],[5.723,49.199],[5.729,49.225]]]}},{"type":"Feature","properties":{"code":"54059","nom":"Belleau","departement":"54","region":"44","epci":"200070589"},"geometry":{"type":"Polygon","coordinates":[[[6.147,48.831],[6.156,48.843],[6.171,48.859],[6.207,48.885],[6.217,48.845],[6.212,48.842],[6.188,48.815],[6.171,48.82],[6.168,48.819],[6.147,48.831]]]}},{"type":"Feature","properties":{"code":"54060","nom":"Belleville","departement":"54","region":"44","epci":"200041515"},"geometry":{"type":"Polygon","coordinates":[[[6.123,48.82],[6.121,48.809],[6.067,48.802],[6.06,48.809],[6.09,48.835],[6.123,48.82]]]}},{"type":"Feature","properties":{"code":"54061","nom":"Bénaménil","departement":"54","region":"44","epci":"200070324"},"geometry":{"type":"Polygon","coordinates":[[[6.671,48.576],[6.692,48.56],[6.685,48.557],[6.667,48.547],[6.633,48.568],[6.638,48.578],[6.671,48.576]]]}},{"type":"Feature","properties":{"code":"54062","nom":"Benney","departement":"54","region":"44","epci":"200035772"},"geometry":{"type":"Polygon","coordinates":[[[6.217,48.551],[6.228,48.558],[6.261,48.534],[6.25,48.511],[6.231,48.501],[6.212,48.498],[6.194,48.522],[6.196,48.532],[6.217,48.551]]]}},{"type":"Feature","properties":{"code":"54063","nom":"Bernécourt","departement":"54","region":"44","epci":"200070738"},"geometry":{"type":"Polygon","coordinates":[[[5.817,48.861],[5.824,48.87],[5.867,48.862],[5.861,48.839],[5.828,48.836],[5.819,48.848],[5.817,48.861]]]}},{"type":"Feature","properties":{"code":"54064","nom":"Bertrambois","departement":"54","region":"44","epci":"200069433"},"geometry":{"type":"Polygon","coordinates":[[[7.056,48.539],[7.013,48.571],[6.985,48.582],[6.96,48.605],[6.961,48.608],[6.991,48.609],[6.993,48.61],[7.01,48.612],[6.997,48.597],[7.034,48.581],[7.056,48.539]]]}},{"type":"Feature","properties":{"code":"54065","nom":"Bertrichamps","departement":"54","region":"44","epci":"200070324"},"geometry":{"type":"Polygon","coordinates":[[[6.828,48.416],[6.796,48.418],[6.765,48.431],[6.79,48.448],[6.799,48.453],[6.832,48.456],[6.855,48.433],[6.828,48.416]]]}},{"type":"Feature","properties":{"code":"54066","nom":"Bettainvillers","departement":"54","region":"44","epci":"200070845"},"geometry":{"type":"Polygon","coordinates":[[[5.889,49.289],[5.923,49.31],[5.927,49.3],[5.889,49.289]]]}},{"type":"Feature","properties":{"code":"54068","nom":"Beuvezin","departement":"54","region":"44","epci":"245400510"},"geometry":{"type":"Polygon","coordinates":[[[5.945,48.376],[5.955,48.387],[5.983,48.393],[5.994,48.388],[5.993,48.369],[5.957,48.367],[5.945,48.376]]]}},{"type":"Feature","properties":{"code":"54070","nom":"Bey-sur-Seille","departement":"54","region":"44","epci":"200070589"},"geometry":{"type":"Polygon","coordinates":[[[6.339,48.811],[6.357,48.811],[6.356,48.792],[6.319,48.778],[6.313,48.785],[6.339,48.811]]]}},{"type":"Feature","properties":{"code":"54071","nom":"Bezange-la-Grande","departement":"54","region":"44","epci":"245400759"},"geometry":{"type":"Polygon","coordinates":[[[6.491,48.765],[6.511,48.749],[6.503,48.738],[6.452,48.727],[6.442,48.739],[6.444,48.756],[6.453,48.766],[6.461,48.768],[6.491,48.765]]]}},{"type":"Feature","properties":{"code":"54072","nom":"Bezaumont","departement":"54","region":"44","epci":"200041515"},"geometry":{"type":"Polygon","coordinates":[[[6.123,48.857],[6.126,48.856],[6.108,48.835],[6.092,48.836],[6.081,48.853],[6.123,48.857]]]}},{"type":"Feature","properties":{"code":"54073","nom":"Bicqueley","departement":"54","region":"44","epci":"200070563"},"geometry":{"type":"Polygon","coordinates":[[[5.891,48.648],[5.897,48.652],[5.898,48.648],[5.917,48.636],[5.985,48.627],[5.986,48.627],[5.926,48.601],[5.891,48.617],[5.891,48.648]]]}},{"type":"Feature","properties":{"code":"54074","nom":"Bienville-la-Petite","departement":"54","region":"44","epci":"245400759"},"geometry":{"type":"Polygon","coordinates":[[[6.524,48.621],[6.523,48.621],[6.5,48.641],[6.503,48.641],[6.515,48.643],[6.521,48.635],[6.524,48.621]]]}},{"type":"Feature","properties":{"code":"54075","nom":"Bionville","departement":"54","region":"44","epci":"200071066"},"geometry":{"type":"Polygon","coordinates":[[[7.077,48.516],[7.081,48.513],[7.084,48.508],[7.077,48.507],[7.054,48.498],[7.029,48.492],[6.982,48.478],[6.965,48.472],[6.963,48.479],[6.98,48.493],[7.023,48.504],[7.077,48.516]]]}},{"type":"Feature","properties":{"code":"54076","nom":"Blainville-sur-l'Eau","departement":"54","region":"44","epci":"200067643"},"geometry":{"type":"Polygon","coordinates":[[[6.413,48.519],[6.409,48.523],[6.39,48.547],[6.418,48.579],[6.436,48.57],[6.425,48.556],[6.429,48.525],[6.413,48.519]]]}},{"type":"Feature","properties":{"code":"54077","nom":"Blâmont","departement":"54","region":"44","epci":"200069433"},"geometry":{"type":"Polygon","coordinates":[[[6.824,48.599],[6.847,48.604],[6.864,48.599],[6.869,48.587],[6.868,48.587],[6.823,48.573],[6.82,48.575],[6.824,48.599]]]}},{"type":"Feature","properties":{"code":"54078","nom":"Blémerey","departement":"54","region":"44","epci":"200069433"},"geometry":{"type":"Polygon","coordinates":[[[6.756,48.589],[6.758,48.585],[6.723,48.567],[6.719,48.571],[6.728,48.591],[6.756,48.589]]]}},{"type":"Feature","properties":{"code":"54079","nom":"Blénod-lès-Pont-à-Mousson","departement":"54","region":"44","epci":"200041515"},"geometry":{"type":"Polygon","coordinates":[[[6.063,48.891],[6.081,48.877],[6.078,48.856],[6.06,48.857],[6.033,48.883],[6.033,48.89],[6.047,48.891],[6.063,48.891]]]}},{"type":"Feature","properties":{"code":"54080","nom":"Blénod-lès-Toul","departement":"54","region":"44","epci":"245400510"},"geometry":{"type":"Polygon","coordinates":[[[5.875,48.608],[5.871,48.597],[5.858,48.59],[5.811,48.567],[5.79,48.607],[5.798,48.613],[5.83,48.616],[5.858,48.612],[5.875,48.608]]]}},{"type":"Feature","properties":{"code":"54082","nom":"Boncourt","departement":"54","region":"44","epci":"200070845"},"geometry":{"type":"Polygon","coordinates":[[[5.812,49.162],[5.807,49.19],[5.816,49.191],[5.826,49.187],[5.846,49.171],[5.822,49.151],[5.811,49.151],[5.812,49.162]]]}},{"type":"Feature","properties":{"code":"54083","nom":"Bonviller","departement":"54","region":"44","epci":"245400759"},"geometry":{"type":"Polygon","coordinates":[[[6.5,48.641],[6.523,48.621],[6.493,48.618],[6.479,48.621],[6.476,48.627],[6.5,48.641]]]}},{"type":"Feature","properties":{"code":"54084","nom":"Mont-Bonvillers","departement":"54","region":"44","epci":"200070290"},"geometry":{"type":"Polygon","coordinates":[[[5.852,49.347],[5.865,49.347],[5.859,49.318],[5.825,49.312],[5.82,49.331],[5.852,49.347]]]}},{"type":"Feature","properties":{"code":"54085","nom":"Borville","departement":"54","region":"44","epci":"200067643"},"geometry":{"type":"Polygon","coordinates":[[[6.403,48.434],[6.391,48.438],[6.381,48.454],[6.386,48.459],[6.414,48.456],[6.403,48.434]]]}},{"type":"Feature","properties":{"code":"54086","nom":"Boucq","departement":"54","region":"44","epci":"200070563"},"geometry":{"type":"Polygon","coordinates":[[[5.719,48.733],[5.714,48.745],[5.719,48.748],[5.737,48.771],[5.776,48.79],[5.774,48.767],[5.79,48.748],[5.732,48.725],[5.719,48.733]]]}},{"type":"Feature","properties":{"code":"54087","nom":"Bouillonville","departement":"54","region":"44","epci":"200070738"},"geometry":{"type":"Polygon","coordinates":[[[5.834,48.934],[5.817,48.943],[5.847,48.952],[5.874,48.935],[5.834,48.934]]]}},{"type":"Feature","properties":{"code":"54088","nom":"Bouvron","departement":"54","region":"44","epci":"200070563"},"geometry":{"type":"Polygon","coordinates":[[[5.869,48.756],[5.875,48.757],[5.907,48.756],[5.904,48.726],[5.887,48.72],[5.867,48.727],[5.862,48.739],[5.869,48.756]]]}},{"type":"Feature","properties":{"code":"54089","nom":"Bouxières-aux-Chênes","departement":"54","region":"44","epci":"200070589"},"geometry":{"type":"Polygon","coordinates":[[[6.3,48.795],[6.313,48.785],[6.319,48.778],[6.262,48.75],[6.255,48.747],[6.242,48.748],[6.229,48.775],[6.229,48.778],[6.253,48.788],[6.3,48.795]]]}},{"type":"Feature","properties":{"code":"54090","nom":"Bouxières-aux-Dames","departement":"54","region":"44","epci":"245400601"},"geometry":{"type":"Polygon","coordinates":[[[6.168,48.747],[6.167,48.747],[6.149,48.76],[6.166,48.771],[6.173,48.775],[6.173,48.769],[6.168,48.747]]]}},{"type":"Feature","properties":{"code":"54091","nom":"Bouxières-sous-Froidmont","departement":"54","region":"44","epci":"200041515"},"geometry":{"type":"Polygon","coordinates":[[[6.079,48.953],[6.082,48.963],[6.1,48.969],[6.123,48.949],[6.089,48.942],[6.079,48.953]]]}},{"type":"Feature","properties":{"code":"54092","nom":"Bouzanville","departement":"54","region":"44","epci":"200035772"},"geometry":{"type":"Polygon","coordinates":[[[6.125,48.367],[6.117,48.354],[6.094,48.364],[6.091,48.382],[6.104,48.389],[6.125,48.367]]]}},{"type":"Feature","properties":{"code":"54093","nom":"Brainville","departement":"54","region":"44","epci":"200070845"},"geometry":{"type":"Polygon","coordinates":[[[5.808,49.111],[5.777,49.112],[5.782,49.127],[5.813,49.135],[5.834,49.131],[5.846,49.124],[5.837,49.12],[5.818,49.111],[5.808,49.111]]]}},{"type":"Feature","properties":{"code":"54094","nom":"Bralleville","departement":"54","region":"44","epci":"200035772"},"geometry":{"type":"Polygon","coordinates":[[[6.202,48.399],[6.2,48.398],[6.178,48.398],[6.181,48.411],[6.176,48.415],[6.21,48.421],[6.202,48.399]]]}},{"type":"Feature","properties":{"code":"54095","nom":"Bratte","departement":"54","region":"44","epci":"200070589"},"geometry":{"type":"Polygon","coordinates":[[[6.231,48.812],[6.229,48.809],[6.199,48.813],[6.226,48.826],[6.231,48.814],[6.231,48.812]]]}},{"type":"Feature","properties":{"code":"54097","nom":"Bréménil","departement":"54","region":"44","epci":"200069433"},"geometry":{"type":"Polygon","coordinates":[[[6.939,48.535],[6.941,48.528],[6.936,48.509],[6.898,48.516],[6.9,48.528],[6.914,48.53],[6.939,48.535]]]}},{"type":"Feature","properties":{"code":"54098","nom":"Brémoncourt","departement":"54","region":"44","epci":"200067643"},"geometry":{"type":"Polygon","coordinates":[[[6.382,48.495],[6.374,48.479],[6.348,48.477],[6.341,48.499],[6.351,48.508],[6.382,48.495]]]}},{"type":"Feature","properties":{"code":"54099","nom":"Val de Briey","departement":"54","region":"44","epci":"200070845"},"geometry":{"type":"Polygon","coordinates":[[[5.927,49.3],[5.952,49.282],[6.01,49.266],[6.028,49.233],[6.001,49.242],[5.988,49.233],[5.928,49.239],[5.922,49.241],[5.894,49.26],[5.877,49.287],[5.889,49.289],[5.927,49.3]]]}},{"type":"Feature","properties":{"code":"54100","nom":"Brin-sur-Seille","departement":"54","region":"44","epci":"200070589"},"geometry":{"type":"Polygon","coordinates":[[[6.387,48.781],[6.395,48.775],[6.392,48.773],[6.346,48.757],[6.319,48.778],[6.356,48.792],[6.371,48.785],[6.387,48.781]]]}},{"type":"Feature","properties":{"code":"54101","nom":"Brouville","departement":"54","region":"44","epci":"200070324"},"geometry":{"type":"Polygon","coordinates":[[[6.72,48.501],[6.737,48.507],[6.755,48.508],[6.774,48.497],[6.745,48.474],[6.725,48.493],[6.72,48.501]]]}},{"type":"Feature","properties":{"code":"54102","nom":"Bruley","departement":"54","region":"44","epci":"200070563"},"geometry":{"type":"Polygon","coordinates":[[[5.887,48.72],[5.876,48.715],[5.857,48.701],[5.822,48.702],[5.813,48.701],[5.812,48.702],[5.82,48.708],[5.867,48.727],[5.887,48.72]]]}},{"type":"Feature","properties":{"code":"54103","nom":"Bruville","departement":"54","region":"44","epci":"200070845"},"geometry":{"type":"Polygon","coordinates":[[[5.911,49.14],[5.958,49.134],[5.948,49.109],[5.931,49.109],[5.898,49.11],[5.896,49.13],[5.911,49.14]]]}},{"type":"Feature","properties":{"code":"54104","nom":"Buissoncourt","departement":"54","region":"44","epci":"200070589"},"geometry":{"type":"Polygon","coordinates":[[[6.331,48.659],[6.328,48.659],[6.325,48.665],[6.32,48.683],[6.337,48.699],[6.345,48.706],[6.36,48.693],[6.331,48.659]]]}},{"type":"Feature","properties":{"code":"54105","nom":"Bulligny","departement":"54","region":"44","epci":"245400510"},"geometry":{"type":"Polygon","coordinates":[[[5.847,48.557],[5.833,48.554],[5.811,48.567],[5.858,48.59],[5.869,48.567],[5.847,48.557]]]}},{"type":"Feature","properties":{"code":"54106","nom":"Bures","departement":"54","region":"44","epci":"245400759"},"geometry":{"type":"Polygon","coordinates":[[[6.572,48.687],[6.554,48.692],[6.547,48.703],[6.559,48.707],[6.59,48.706],[6.572,48.687]]]}},{"type":"Feature","properties":{"code":"54107","nom":"Buriville","departement":"54","region":"44","epci":"200069433"},"geometry":{"type":"Polygon","coordinates":[[[6.685,48.557],[6.693,48.553],[6.715,48.542],[6.715,48.527],[6.679,48.521],[6.65,48.535],[6.667,48.547],[6.685,48.557]]]}},{"type":"Feature","properties":{"code":"54108","nom":"Burthecourt-aux-Chênes","departement":"54","region":"44","epci":"245400189"},"geometry":{"type":"Polygon","coordinates":[[[6.224,48.563],[6.245,48.596],[6.249,48.596],[6.268,48.582],[6.273,48.576],[6.227,48.561],[6.224,48.563]]]}},{"type":"Feature","properties":{"code":"54109","nom":"Ceintrey","departement":"54","region":"44","epci":"200035772"},"geometry":{"type":"Polygon","coordinates":[[[6.143,48.519],[6.146,48.532],[6.176,48.55],[6.217,48.551],[6.196,48.532],[6.161,48.522],[6.162,48.503],[6.164,48.502],[6.154,48.505],[6.143,48.519]]]}},{"type":"Feature","properties":{"code":"54110","nom":"Cerville","departement":"54","region":"44","epci":"200070589"},"geometry":{"type":"Polygon","coordinates":[[[6.284,48.696],[6.285,48.699],[6.301,48.709],[6.337,48.699],[6.32,48.683],[6.284,48.696]]]}},{"type":"Feature","properties":{"code":"54111","nom":"Chaligny","departement":"54","region":"44","epci":"245400171"},"geometry":{"type":"Polygon","coordinates":[[[6.072,48.617],[6.053,48.622],[6.086,48.65],[6.08,48.667],[6.091,48.668],[6.12,48.64],[6.11,48.628],[6.089,48.617],[6.072,48.617]]]}},{"type":"Feature","properties":{"code":"54112","nom":"Chambley-Bussières","departement":"54","region":"44","epci":"200070738"},"geometry":{"type":"Polygon","coordinates":[[[5.958,49.048],[5.943,49.039],[5.931,49.033],[5.891,49.038],[5.872,49.047],[5.878,49.063],[5.907,49.072],[5.935,49.072],[5.952,49.062],[5.958,49.048]]]}},{"type":"Feature","properties":{"code":"54113","nom":"Champenoux","departement":"54","region":"44","epci":"200070589"},"geometry":{"type":"Polygon","coordinates":[[[6.369,48.732],[6.372,48.725],[6.34,48.711],[6.329,48.733],[6.331,48.744],[6.357,48.752],[6.369,48.732]]]}},{"type":"Feature","properties":{"code":"54114","nom":"Champey-sur-Moselle","departement":"54","region":"44","epci":"200041515"},"geometry":{"type":"Polygon","coordinates":[[[6.079,48.965],[6.082,48.963],[6.079,48.953],[6.063,48.949],[6.048,48.964],[6.079,48.965]]]}},{"type":"Feature","properties":{"code":"54115","nom":"Champigneulles","departement":"54","region":"44","epci":"245400601"},"geometry":{"type":"Polygon","coordinates":[[[6.167,48.747],[6.168,48.747],[6.178,48.742],[6.175,48.722],[6.137,48.713],[6.106,48.696],[6.074,48.693],[6.076,48.721],[6.096,48.734],[6.144,48.738],[6.167,48.747]]]}},{"type":"Feature","properties":{"code":"54116","nom":"Chanteheux","departement":"54","region":"44","epci":"200070324"},"geometry":{"type":"Polygon","coordinates":[[[6.515,48.601],[6.542,48.606],[6.565,48.583],[6.542,48.58],[6.515,48.601]]]}},{"type":"Feature","properties":{"code":"54117","nom":"Chaouilley","departement":"54","region":"44","epci":"200035772"},"geometry":{"type":"Polygon","coordinates":[[[6.063,48.449],[6.082,48.447],[6.085,48.445],[6.085,48.436],[6.071,48.431],[6.049,48.435],[6.05,48.448],[6.063,48.449]]]}},{"type":"Feature","properties":{"code":"54119","nom":"Charey","departement":"54","region":"44","epci":"200070738"},"geometry":{"type":"Polygon","coordinates":[[[5.851,49.001],[5.88,49.01],[5.904,48.998],[5.884,48.982],[5.874,48.983],[5.832,48.989],[5.851,49.001]]]}},{"type":"Feature","properties":{"code":"54120","nom":"Charmes-la-Côte","departement":"54","region":"44","epci":"200070563"},"geometry":{"type":"Polygon","coordinates":[[[5.798,48.613],[5.804,48.625],[5.855,48.636],[5.857,48.63],[5.83,48.616],[5.798,48.613]]]}},{"type":"Feature","properties":{"code":"54121","nom":"Charmois","departement":"54","region":"44","epci":"200067643"},"geometry":{"type":"Polygon","coordinates":[[[6.379,48.527],[6.375,48.547],[6.39,48.547],[6.409,48.523],[6.379,48.527]]]}},{"type":"Feature","properties":{"code":"54122","nom":"Chaudeney-sur-Moselle","departement":"54","region":"44","epci":"200070563"},"geometry":{"type":"Polygon","coordinates":[[[5.897,48.669],[5.952,48.661],[5.956,48.648],[5.898,48.648],[5.897,48.652],[5.897,48.669]]]}},{"type":"Feature","properties":{"code":"54123","nom":"Chavigny","departement":"54","region":"44","epci":"245400171"},"geometry":{"type":"Polygon","coordinates":[[[6.126,48.646],[6.15,48.643],[6.153,48.635],[6.151,48.625],[6.128,48.618],[6.11,48.628],[6.12,48.64],[6.126,48.646]]]}},{"type":"Feature","properties":{"code":"54124","nom":"Chazelles-sur-Albe","departement":"54","region":"44","epci":"200069433"},"geometry":{"type":"Polygon","coordinates":[[[6.758,48.585],[6.756,48.589],[6.759,48.597],[6.782,48.598],[6.783,48.595],[6.782,48.579],[6.769,48.575],[6.758,48.585]]]}},{"type":"Feature","properties":{"code":"54125","nom":"Chenevières","departement":"54","region":"44","epci":"200070324"},"geometry":{"type":"Polygon","coordinates":[[[6.643,48.51],[6.615,48.521],[6.648,48.534],[6.643,48.51]]]}},{"type":"Feature","properties":{"code":"54126","nom":"Chenicourt","departement":"54","region":"44","epci":"200070589"},"geometry":{"type":"Polygon","coordinates":[[[6.3,48.853],[6.285,48.849],[6.268,48.852],[6.267,48.861],[6.297,48.867],[6.3,48.853]]]}},{"type":"Feature","properties":{"code":"54128","nom":"Choloy-Ménillot","departement":"54","region":"44","epci":"200070563"},"geometry":{"type":"Polygon","coordinates":[[[5.76,48.621],[5.759,48.621],[5.756,48.637],[5.784,48.642],[5.813,48.674],[5.854,48.666],[5.814,48.652],[5.76,48.621]]]}},{"type":"Feature","properties":{"code":"54129","nom":"Cirey-sur-Vezouze","departement":"54","region":"44","epci":"200069433"},"geometry":{"type":"Polygon","coordinates":[[[6.92,48.569],[6.91,48.585],[6.912,48.603],[6.934,48.594],[6.96,48.605],[6.985,48.582],[6.951,48.57],[6.92,48.569]]]}},{"type":"Feature","properties":{"code":"54130","nom":"Clayeures","departement":"54","region":"44","epci":"200067643"},"geometry":{"type":"Polygon","coordinates":[[[6.41,48.485],[6.414,48.486],[6.44,48.463],[6.414,48.456],[6.386,48.459],[6.383,48.473],[6.41,48.485]]]}},{"type":"Feature","properties":{"code":"54131","nom":"Clémery","departement":"54","region":"44","epci":"200070589"},"geometry":{"type":"Polygon","coordinates":[[[6.206,48.891],[6.207,48.885],[6.171,48.859],[6.164,48.874],[6.153,48.881],[6.188,48.903],[6.206,48.891]]]}},{"type":"Feature","properties":{"code":"54132","nom":"Clérey-sur-Brenon","departement":"54","region":"44","epci":"200035772"},"geometry":{"type":"Polygon","coordinates":[[[6.143,48.519],[6.154,48.505],[6.137,48.494],[6.124,48.509],[6.135,48.518],[6.143,48.519]]]}},{"type":"Feature","properties":{"code":"54133","nom":"Coincourt","departement":"54","region":"44","epci":"245400759"},"geometry":{"type":"Polygon","coordinates":[[[6.617,48.715],[6.643,48.703],[6.639,48.692],[6.618,48.688],[6.591,48.706],[6.599,48.716],[6.617,48.715]]]}},{"type":"Feature","properties":{"code":"54135","nom":"Colombey-les-Belles","departement":"54","region":"44","epci":"245400510"},"geometry":{"type":"Polygon","coordinates":[[[5.907,48.495],[5.866,48.504],[5.874,48.54],[5.884,48.545],[5.921,48.521],[5.916,48.497],[5.907,48.495]]]}},{"type":"Feature","properties":{"code":"54136","nom":"Conflans-en-Jarnisy","departement":"54","region":"44","epci":"200070845"},"geometry":{"type":"Polygon","coordinates":[[[5.822,49.151],[5.846,49.171],[5.826,49.187],[5.843,49.19],[5.871,49.169],[5.858,49.148],[5.822,49.151]]]}},{"type":"Feature","properties":{"code":"54139","nom":"Courbesseaux","departement":"54","region":"44","epci":"245400759"},"geometry":{"type":"Polygon","coordinates":[[[6.392,48.683],[6.371,48.687],[6.372,48.688],[6.415,48.705],[6.425,48.694],[6.424,48.687],[6.392,48.683]]]}},{"type":"Feature","properties":{"code":"54140","nom":"Courcelles","departement":"54","region":"44","epci":"245400510"},"geometry":{"type":"Polygon","coordinates":[[[6.025,48.357],[6.02,48.361],[6.011,48.37],[6.023,48.375],[6.041,48.382],[6.047,48.366],[6.025,48.357]]]}},{"type":"Feature","properties":{"code":"54141","nom":"Coyviller","departement":"54","region":"44","epci":"245400189"},"geometry":{"type":"Polygon","coordinates":[[[6.279,48.569],[6.273,48.576],[6.268,48.582],[6.288,48.6],[6.297,48.599],[6.279,48.569],[6.279,48.569]]]}},{"type":"Feature","properties":{"code":"54142","nom":"Crantenoy","departement":"54","region":"44","epci":"200035772"},"geometry":{"type":"Polygon","coordinates":[[[6.247,48.482],[6.254,48.467],[6.239,48.455],[6.212,48.472],[6.216,48.474],[6.243,48.483],[6.247,48.482]]]}},{"type":"Feature","properties":{"code":"54143","nom":"Crépey","departement":"54","region":"44","epci":"245400510"},"geometry":{"type":"Polygon","coordinates":[[[6.013,48.526],[5.997,48.515],[5.916,48.497],[5.921,48.521],[5.956,48.557],[5.974,48.562],[5.975,48.543],[6.013,48.526]]]}},{"type":"Feature","properties":{"code":"54144","nom":"Crévéchamps","departement":"54","region":"44","epci":"200067643"},"geometry":{"type":"Polygon","coordinates":[[[6.283,48.514],[6.283,48.509],[6.25,48.511],[6.261,48.534],[6.262,48.534],[6.276,48.516],[6.283,48.514]]]}},{"type":"Feature","properties":{"code":"54145","nom":"Crévic","departement":"54","region":"44","epci":"245400189"},"geometry":{"type":"Polygon","coordinates":[[[6.377,48.65],[6.394,48.657],[6.415,48.653],[6.434,48.624],[6.411,48.625],[6.389,48.625],[6.377,48.65]]]}},{"type":"Feature","properties":{"code":"54146","nom":"Crézilles","departement":"54","region":"44","epci":"245400510"},"geometry":{"type":"Polygon","coordinates":[[[5.871,48.597],[5.917,48.591],[5.918,48.577],[5.904,48.569],[5.869,48.567],[5.858,48.59],[5.871,48.597]]]}},{"type":"Feature","properties":{"code":"54147","nom":"Crion","departement":"54","region":"44","epci":"245400759"},"geometry":{"type":"Polygon","coordinates":[[[6.597,48.638],[6.598,48.636],[6.574,48.631],[6.521,48.635],[6.515,48.643],[6.525,48.655],[6.544,48.658],[6.597,48.638]]]}},{"type":"Feature","properties":{"code":"54148","nom":"Croismare","departement":"54","region":"44","epci":"200070324"},"geometry":{"type":"Polygon","coordinates":[[[6.542,48.606],[6.537,48.622],[6.574,48.631],[6.598,48.636],[6.616,48.631],[6.577,48.584],[6.565,48.583],[6.542,48.606]]]}},{"type":"Feature","properties":{"code":"54150","nom":"Custines","departement":"54","region":"44","epci":"245400601"},"geometry":{"type":"Polygon","coordinates":[[[6.141,48.78],[6.127,48.787],[6.11,48.799],[6.148,48.805],[6.168,48.819],[6.171,48.82],[6.173,48.81],[6.158,48.785],[6.166,48.771],[6.149,48.76],[6.141,48.78]]]}},{"type":"Feature","properties":{"code":"54152","nom":"Damelevières","departement":"54","region":"44","epci":"200067643"},"geometry":{"type":"Polygon","coordinates":[[[6.379,48.576],[6.403,48.583],[6.414,48.58],[6.418,48.579],[6.39,48.547],[6.375,48.547],[6.372,48.573],[6.379,48.576]]]}},{"type":"Feature","properties":{"code":"54153","nom":"Dampvitoux","departement":"54","region":"44","epci":"200070738"},"geometry":{"type":"Polygon","coordinates":[[[5.818,48.98],[5.805,48.984],[5.813,49.005],[5.829,49.027],[5.861,49.019],[5.851,49.001],[5.832,48.989],[5.818,48.98]]]}},{"type":"Feature","properties":{"code":"54154","nom":"Deneuvre","departement":"54","region":"44","epci":"200070324"},"geometry":{"type":"Polygon","coordinates":[[[6.7,48.413],[6.683,48.425],[6.701,48.429],[6.742,48.441],[6.753,48.432],[6.739,48.412],[6.7,48.413]]]}},{"type":"Feature","properties":{"code":"54155","nom":"Deuxville","departement":"54","region":"44","epci":"245400759"},"geometry":{"type":"Polygon","coordinates":[[[6.479,48.621],[6.457,48.604],[6.437,48.614],[6.439,48.622],[6.458,48.636],[6.476,48.627],[6.479,48.621]]]}},{"type":"Feature","properties":{"code":"54156","nom":"Diarville","departement":"54","region":"44","epci":"200035772"},"geometry":{"type":"Polygon","coordinates":[[[6.152,48.382],[6.133,48.363],[6.125,48.367],[6.104,48.389],[6.103,48.398],[6.136,48.409],[6.147,48.408],[6.152,48.382]]]}},{"type":"Feature","properties":{"code":"54157","nom":"Dieulouard","departement":"54","region":"44","epci":"200041515"},"geometry":{"type":"Polygon","coordinates":[[[6.078,48.856],[6.081,48.853],[6.092,48.836],[6.09,48.835],[6.06,48.809],[6.027,48.812],[6.025,48.827],[6.036,48.844],[6.06,48.857],[6.078,48.856]]]}},{"type":"Feature","properties":{"code":"54158","nom":"Dolcourt","departement":"54","region":"44","epci":"245400510"},"geometry":{"type":"Polygon","coordinates":[[[5.997,48.485],[5.976,48.481],[5.934,48.484],[5.989,48.505],[5.997,48.485]]]}},{"type":"Feature","properties":{"code":"54159","nom":"Dombasle-sur-Meurthe","departement":"54","region":"44","epci":"245400189"},"geometry":{"type":"Polygon","coordinates":[[[6.353,48.64],[6.36,48.641],[6.384,48.622],[6.384,48.608],[6.374,48.6],[6.338,48.609],[6.334,48.624],[6.353,48.64]]]}},{"type":"Feature","properties":{"code":"54160","nom":"Domèvre-en-Haye","departement":"54","region":"44","epci":"200070563"},"geometry":{"type":"Polygon","coordinates":[[[5.901,48.795],[5.903,48.81],[5.944,48.828],[5.968,48.833],[5.968,48.833],[5.96,48.815],[5.923,48.794],[5.901,48.795]]]}},{"type":"Feature","properties":{"code":"54161","nom":"Domèvre-sur-Vezouze","departement":"54","region":"44","epci":"200069433"},"geometry":{"type":"Polygon","coordinates":[[[6.769,48.575],[6.782,48.579],[6.82,48.575],[6.823,48.573],[6.834,48.556],[6.803,48.54],[6.776,48.548],[6.766,48.566],[6.769,48.575]]]}},{"type":"Feature","properties":{"code":"54162","nom":"Domgermain","departement":"54","region":"44","epci":"200070563"},"geometry":{"type":"Polygon","coordinates":[[[5.804,48.625],[5.76,48.621],[5.814,48.652],[5.854,48.666],[5.866,48.665],[5.855,48.636],[5.804,48.625]]]}},{"type":"Feature","properties":{"code":"54163","nom":"Domjevin","departement":"54","region":"44","epci":"200069433"},"geometry":{"type":"Polygon","coordinates":[[[6.692,48.56],[6.671,48.576],[6.687,48.599],[6.716,48.59],[6.728,48.591],[6.719,48.571],[6.692,48.56]]]}},{"type":"Feature","properties":{"code":"54164","nom":"Dommarie-Eulmont","departement":"54","region":"44","epci":"200035772"},"geometry":{"type":"Polygon","coordinates":[[[6.041,48.403],[6.029,48.406],[6.018,48.416],[6.019,48.435],[6.042,48.431],[6.05,48.408],[6.041,48.403]]]}},{"type":"Feature","properties":{"code":"54165","nom":"Dommartemont","departement":"54","region":"44","epci":"245400676"},"geometry":{"type":"Polygon","coordinates":[[[6.222,48.724],[6.226,48.719],[6.215,48.71],[6.207,48.716],[6.215,48.724],[6.222,48.724]]]}},{"type":"Feature","properties":{"code":"54166","nom":"Dommartin-la-Chaussée","departement":"54","region":"44","epci":"200070738"},"geometry":{"type":"Polygon","coordinates":[[[5.877,49.019],[5.88,49.01],[5.851,49.001],[5.861,49.019],[5.877,49.019]]]}},{"type":"Feature","properties":{"code":"54167","nom":"Dommartin-lès-Toul","departement":"54","region":"44","epci":"200070563"},"geometry":{"type":"Polygon","coordinates":[[[5.957,48.664],[5.952,48.661],[5.897,48.669],[5.929,48.684],[5.957,48.664]]]}},{"type":"Feature","properties":{"code":"54168","nom":"Dommartin-sous-Amance","departement":"54","region":"44","epci":"200070589"},"geometry":{"type":"Polygon","coordinates":[[[6.25,48.718],[6.249,48.718],[6.226,48.741],[6.242,48.748],[6.255,48.747],[6.261,48.722],[6.25,48.718]]]}},{"type":"Feature","properties":{"code":"54169","nom":"Domprix","departement":"54","region":"44","epci":"200070290"},"geometry":{"type":"Polygon","coordinates":[[[5.737,49.339],[5.739,49.346],[5.77,49.34],[5.789,49.333],[5.785,49.318],[5.763,49.314],[5.757,49.315],[5.737,49.339]]]}},{"type":"Feature","properties":{"code":"54170","nom":"Domptail-en-l'Air","departement":"54","region":"44","epci":"200067643"},"geometry":{"type":"Polygon","coordinates":[[[6.317,48.506],[6.314,48.51],[6.341,48.522],[6.351,48.508],[6.351,48.508],[6.341,48.499],[6.338,48.5],[6.317,48.506]]]}},{"type":"Feature","properties":{"code":"54171","nom":"Doncourt-lès-Conflans","departement":"54","region":"44","epci":"200070845"},"geometry":{"type":"Polygon","coordinates":[[[5.932,49.16],[5.957,49.143],[5.958,49.134],[5.911,49.14],[5.914,49.153],[5.932,49.16]]]}},{"type":"Feature","properties":{"code":"54173","nom":"Drouville","departement":"54","region":"44","epci":"245400759"},"geometry":{"type":"Polygon","coordinates":[[[6.393,48.663],[6.392,48.683],[6.424,48.687],[6.432,48.67],[6.415,48.653],[6.394,48.657],[6.393,48.663]]]}},{"type":"Feature","properties":{"code":"54174","nom":"Écrouves","departement":"54","region":"44","epci":"200070563"},"geometry":{"type":"Polygon","coordinates":[[[5.866,48.665],[5.854,48.666],[5.813,48.674],[5.813,48.701],[5.822,48.702],[5.861,48.688],[5.866,48.665]]]}},{"type":"Feature","properties":{"code":"54175","nom":"Einvaux","departement":"54","region":"44","epci":"200067643"},"geometry":{"type":"Polygon","coordinates":[[[6.407,48.518],[6.414,48.512],[6.41,48.485],[6.383,48.473],[6.374,48.479],[6.382,48.495],[6.407,48.518]]]}},{"type":"Feature","properties":{"code":"54176","nom":"Einville-au-Jard","departement":"54","region":"44","epci":"245400759"},"geometry":{"type":"Polygon","coordinates":[[[6.503,48.641],[6.5,48.641],[6.476,48.627],[6.458,48.636],[6.447,48.667],[6.471,48.679],[6.515,48.672],[6.518,48.663],[6.503,48.641]]]}},{"type":"Feature","properties":{"code":"54177","nom":"Emberménil","departement":"54","region":"44","epci":"200069433"},"geometry":{"type":"Polygon","coordinates":[[[6.659,48.673],[6.667,48.671],[6.669,48.667],[6.682,48.65],[6.724,48.637],[6.705,48.619],[6.686,48.608],[6.667,48.637],[6.646,48.645],[6.659,48.673]]]}},{"type":"Feature","properties":{"code":"54179","nom":"Éply","departement":"54","region":"44","epci":"200070589"},"geometry":{"type":"Polygon","coordinates":[[[6.165,48.942],[6.206,48.938],[6.206,48.911],[6.186,48.906],[6.165,48.914],[6.15,48.933],[6.165,48.942]]]}},{"type":"Feature","properties":{"code":"54180","nom":"Erbéviller-sur-Amezule","departement":"54","region":"44","epci":"200070589"},"geometry":{"type":"Polygon","coordinates":[[[6.372,48.725],[6.369,48.732],[6.391,48.742],[6.407,48.724],[6.372,48.725]]]}},{"type":"Feature","properties":{"code":"54182","nom":"Essey-et-Maizerais","departement":"54","region":"44","epci":"200070738"},"geometry":{"type":"Polygon","coordinates":[[[5.757,48.91],[5.757,48.913],[5.813,48.929],[5.829,48.919],[5.85,48.908],[5.825,48.894],[5.757,48.91]]]}},{"type":"Feature","properties":{"code":"54183","nom":"Essey-la-Côte","departement":"54","region":"44","epci":"200067643"},"geometry":{"type":"Polygon","coordinates":[[[6.487,48.416],[6.471,48.409],[6.448,48.415],[6.453,48.433],[6.475,48.436],[6.487,48.416]]]}},{"type":"Feature","properties":{"code":"54184","nom":"Essey-lès-Nancy","departement":"54","region":"44","epci":"245400676"},"geometry":{"type":"Polygon","coordinates":[[[6.249,48.718],[6.25,48.718],[6.25,48.712],[6.249,48.701],[6.238,48.697],[6.215,48.699],[6.215,48.71],[6.226,48.719],[6.249,48.718]]]}},{"type":"Feature","properties":{"code":"54185","nom":"Étreval","departement":"54","region":"44","epci":"200035772"},"geometry":{"type":"Polygon","coordinates":[[[6.044,48.464],[6.067,48.465],[6.063,48.449],[6.05,48.448],[6.044,48.464]]]}},{"type":"Feature","properties":{"code":"54186","nom":"Eulmont","departement":"54","region":"44","epci":"200070589"},"geometry":{"type":"Polygon","coordinates":[[[6.222,48.724],[6.215,48.724],[6.201,48.729],[6.217,48.766],[6.208,48.773],[6.229,48.775],[6.242,48.748],[6.226,48.741],[6.222,48.724]]]}},{"type":"Feature","properties":{"code":"54187","nom":"Euvezin","departement":"54","region":"44","epci":"200070738"},"geometry":{"type":"Polygon","coordinates":[[[5.85,48.908],[5.829,48.919],[5.834,48.934],[5.874,48.935],[5.882,48.925],[5.897,48.924],[5.876,48.898],[5.85,48.908]]]}},{"type":"Feature","properties":{"code":"54188","nom":"Faulx","departement":"54","region":"44","epci":"245400601"},"geometry":{"type":"Polygon","coordinates":[[[6.229,48.778],[6.229,48.775],[6.208,48.773],[6.173,48.769],[6.173,48.775],[6.173,48.81],[6.171,48.82],[6.188,48.815],[6.199,48.813],[6.229,48.809],[6.229,48.778]]]}},{"type":"Feature","properties":{"code":"54189","nom":"Favières","departement":"54","region":"44","epci":"245400510"},"geometry":{"type":"Polygon","coordinates":[[[5.943,48.431],[5.931,48.434],[5.898,48.436],[5.885,48.438],[5.904,48.483],[5.919,48.481],[5.932,48.465],[5.954,48.476],[5.926,48.48],[5.934,48.484],[5.976,48.481],[5.979,48.469],[5.972,48.456],[5.965,48.429],[5.954,48.428],[5.943,48.431]]]}},{"type":"Feature","properties":{"code":"54190","nom":"Fécocourt","departement":"54","region":"44","epci":"245400510"},"geometry":{"type":"Polygon","coordinates":[[[6.018,48.416],[6.029,48.406],[6.021,48.394],[5.994,48.388],[5.983,48.393],[5.967,48.417],[6.018,48.416]]]}},{"type":"Feature","properties":{"code":"54191","nom":"Fenneviller","departement":"54","region":"44","epci":"200069433"},"geometry":{"type":"Polygon","coordinates":[[[6.901,48.471],[6.851,48.492],[6.857,48.495],[6.863,48.496],[6.885,48.495],[6.901,48.471]]]}},{"type":"Feature","properties":{"code":"54192","nom":"Ferrières","departement":"54","region":"44","epci":"245400189"},"geometry":{"type":"Polygon","coordinates":[[[6.314,48.545],[6.307,48.537],[6.288,48.54],[6.279,48.569],[6.279,48.569],[6.308,48.57],[6.314,48.545]]]}},{"type":"Feature","properties":{"code":"54193","nom":"Fey-en-Haye","departement":"54","region":"44","epci":"200070738"},"geometry":{"type":"Polygon","coordinates":[[[5.938,48.893],[5.95,48.917],[5.983,48.919],[5.989,48.916],[5.973,48.896],[5.941,48.889],[5.938,48.893]]]}},{"type":"Feature","properties":{"code":"54195","nom":"Flainval","departement":"54","region":"44","epci":"245400759"},"geometry":{"type":"Polygon","coordinates":[[[6.384,48.608],[6.384,48.622],[6.389,48.625],[6.411,48.625],[6.401,48.609],[6.384,48.608]]]}},{"type":"Feature","properties":{"code":"54196","nom":"Flavigny-sur-Moselle","departement":"54","region":"44","epci":"245400171"},"geometry":{"type":"Polygon","coordinates":[[[6.228,48.558],[6.217,48.551],[6.176,48.55],[6.154,48.569],[6.164,48.582],[6.199,48.597],[6.211,48.584],[6.224,48.563],[6.227,48.561],[6.228,48.558]]]}},{"type":"Feature","properties":{"code":"54197","nom":"Fléville-devant-Nancy","departement":"54","region":"44","epci":"245400676"},"geometry":{"type":"Polygon","coordinates":[[[6.215,48.648],[6.219,48.635],[6.203,48.609],[6.181,48.63],[6.193,48.643],[6.215,48.648]]]}},{"type":"Feature","properties":{"code":"54198","nom":"Fléville-Lixières","departement":"54","region":"44","epci":"200070845"},"geometry":{"type":"Polygon","coordinates":[[[5.831,49.269],[5.844,49.26],[5.847,49.256],[5.836,49.238],[5.828,49.223],[5.807,49.216],[5.762,49.226],[5.763,49.227],[5.794,49.25],[5.831,49.269]]]}},{"type":"Feature","properties":{"code":"54199","nom":"Flin","departement":"54","region":"44","epci":"200070324"},"geometry":{"type":"Polygon","coordinates":[[[6.648,48.534],[6.65,48.535],[6.679,48.521],[6.679,48.52],[6.677,48.487],[6.655,48.476],[6.651,48.475],[6.642,48.488],[6.643,48.51],[6.648,48.534]]]}},{"type":"Feature","properties":{"code":"54200","nom":"Flirey","departement":"54","region":"44","epci":"200070738"},"geometry":{"type":"Polygon","coordinates":[[[5.873,48.864],[5.867,48.862],[5.824,48.87],[5.825,48.879],[5.825,48.894],[5.85,48.908],[5.876,48.898],[5.873,48.864]]]}},{"type":"Feature","properties":{"code":"54201","nom":"Fontenoy-la-Joûte","departement":"54","region":"44","epci":"200070324"},"geometry":{"type":"Polygon","coordinates":[[[6.651,48.475],[6.655,48.476],[6.674,48.453],[6.679,48.422],[6.669,48.426],[6.645,48.429],[6.635,48.471],[6.651,48.475]]]}},{"type":"Feature","properties":{"code":"54202","nom":"Fontenoy-sur-Moselle","departement":"54","region":"44","epci":"200070563"},"geometry":{"type":"Polygon","coordinates":[[[5.985,48.723],[6.004,48.718],[6.012,48.696],[5.973,48.713],[5.985,48.723]]]}},{"type":"Feature","properties":{"code":"54203","nom":"Forcelles-Saint-Gorgon","departement":"54","region":"44","epci":"200035772"},"geometry":{"type":"Polygon","coordinates":[[[6.121,48.465],[6.126,48.452],[6.085,48.445],[6.082,48.447],[6.087,48.47],[6.121,48.465]]]}},{"type":"Feature","properties":{"code":"54204","nom":"Forcelles-sous-Gugney","departement":"54","region":"44","epci":"200035772"},"geometry":{"type":"Polygon","coordinates":[[[6.091,48.382],[6.077,48.38],[6.063,48.387],[6.072,48.404],[6.095,48.402],[6.103,48.398],[6.104,48.389],[6.091,48.382]]]}},{"type":"Feature","properties":{"code":"54205","nom":"Foug","departement":"54","region":"44","epci":"200070563"},"geometry":{"type":"Polygon","coordinates":[[[5.756,48.692],[5.765,48.701],[5.79,48.713],[5.812,48.702],[5.813,48.701],[5.813,48.674],[5.784,48.642],[5.756,48.637],[5.752,48.642],[5.745,48.657],[5.749,48.667],[5.784,48.685],[5.756,48.692]]]}},{"type":"Feature","properties":{"code":"54206","nom":"Fraimbois","departement":"54","region":"44","epci":"200070324"},"geometry":{"type":"Polygon","coordinates":[[[6.572,48.54],[6.576,48.535],[6.583,48.523],[6.582,48.522],[6.563,48.511],[6.535,48.504],[6.506,48.528],[6.542,48.544],[6.572,48.54]]]}},{"type":"Feature","properties":{"code":"54207","nom":"Fraisnes-en-Saintois","departement":"54","region":"44","epci":"200035772"},"geometry":{"type":"Polygon","coordinates":[[[6.061,48.36],[6.047,48.366],[6.041,48.382],[6.048,48.387],[6.063,48.387],[6.077,48.38],[6.08,48.364],[6.071,48.36],[6.061,48.36]]]}},{"type":"Feature","properties":{"code":"54208","nom":"Francheville","departement":"54","region":"44","epci":"200070563"},"geometry":{"type":"Polygon","coordinates":[[[5.907,48.756],[5.911,48.757],[5.925,48.758],[5.951,48.754],[5.958,48.747],[5.934,48.726],[5.904,48.726],[5.907,48.756]]]}},{"type":"Feature","properties":{"code":"54209","nom":"Franconville","departement":"54","region":"44","epci":"200070324"},"geometry":{"type":"Polygon","coordinates":[[[6.434,48.495],[6.443,48.511],[6.453,48.509],[6.452,48.489],[6.434,48.495]]]}},{"type":"Feature","properties":{"code":"54210","nom":"Fréménil","departement":"54","region":"44","epci":"200069433"},"geometry":{"type":"Polygon","coordinates":[[[6.685,48.557],[6.692,48.56],[6.719,48.571],[6.723,48.567],[6.725,48.565],[6.725,48.564],[6.693,48.553],[6.685,48.557]]]}},{"type":"Feature","properties":{"code":"54211","nom":"Frémonville","departement":"54","region":"44","epci":"200069433"},"geometry":{"type":"Polygon","coordinates":[[[6.94,48.615],[6.912,48.603],[6.91,48.585],[6.869,48.587],[6.864,48.599],[6.906,48.62],[6.93,48.636],[6.94,48.615]]]}},{"type":"Feature","properties":{"code":"54213","nom":"Friauville","departement":"54","region":"44","epci":"200070845"},"geometry":{"type":"Polygon","coordinates":[[[5.8,49.147],[5.811,49.151],[5.822,49.151],[5.858,49.148],[5.834,49.131],[5.813,49.135],[5.8,49.147]]]}},{"type":"Feature","properties":{"code":"54214","nom":"Frolois","departement":"54","region":"44","epci":"245400171"},"geometry":{"type":"Polygon","coordinates":[[[6.154,48.569],[6.123,48.551],[6.116,48.561],[6.107,48.578],[6.104,48.587],[6.154,48.569]]]}},{"type":"Feature","properties":{"code":"54215","nom":"Frouard","departement":"54","region":"44","epci":"245400601"},"geometry":{"type":"Polygon","coordinates":[[[6.096,48.734],[6.079,48.745],[6.115,48.761],[6.141,48.78],[6.149,48.76],[6.167,48.747],[6.144,48.738],[6.096,48.734]]]}},{"type":"Feature","properties":{"code":"54216","nom":"Froville","departement":"54","region":"44","epci":"200067643"},"geometry":{"type":"Polygon","coordinates":[[[6.381,48.454],[6.38,48.454],[6.338,48.466],[6.34,48.471],[6.348,48.477],[6.374,48.479],[6.383,48.473],[6.386,48.459],[6.381,48.454]]]}},{"type":"Feature","properties":{"code":"54217","nom":"Gélacourt","departement":"54","region":"44","epci":"200070324"},"geometry":{"type":"Polygon","coordinates":[[[6.747,48.465],[6.723,48.468],[6.725,48.493],[6.745,48.474],[6.747,48.465]]]}},{"type":"Feature","properties":{"code":"54218","nom":"Gélaucourt","departement":"54","region":"44","epci":"245400510"},"geometry":{"type":"Polygon","coordinates":[[[5.979,48.469],[6.006,48.453],[5.972,48.456],[5.979,48.469]]]}},{"type":"Feature","properties":{"code":"54219","nom":"Gellenoncourt","departement":"54","region":"44","epci":"200070589"},"geometry":{"type":"Polygon","coordinates":[[[6.371,48.687],[6.392,48.683],[6.393,48.663],[6.371,48.687]]]}},{"type":"Feature","properties":{"code":"54220","nom":"Gémonville","departement":"54","region":"44","epci":"245400510"},"geometry":{"type":"Polygon","coordinates":[[[5.884,48.436],[5.885,48.438],[5.898,48.436],[5.895,48.405],[5.87,48.406],[5.855,48.409],[5.859,48.416],[5.884,48.436]]]}},{"type":"Feature","properties":{"code":"54221","nom":"Gerbécourt-et-Haplemont","departement":"54","region":"44","epci":"200035772"},"geometry":{"type":"Polygon","coordinates":[[[6.134,48.486],[6.137,48.494],[6.154,48.505],[6.164,48.502],[6.167,48.5],[6.169,48.477],[6.167,48.475],[6.157,48.475],[6.134,48.486]]]}},{"type":"Feature","properties":{"code":"54222","nom":"Gerbéviller","departement":"54","region":"44","epci":"200067643"},"geometry":{"type":"Polygon","coordinates":[[[6.47,48.519],[6.491,48.527],[6.506,48.528],[6.535,48.504],[6.563,48.511],[6.54,48.48],[6.532,48.468],[6.497,48.457],[6.494,48.476],[6.458,48.469],[6.461,48.488],[6.503,48.504],[6.47,48.518],[6.47,48.519]]]}},{"type":"Feature","properties":{"code":"54223","nom":"Germiny","departement":"54","region":"44","epci":"245400510"},"geometry":{"type":"Polygon","coordinates":[[[6.023,48.529],[6.013,48.526],[5.975,48.543],[5.974,48.562],[5.995,48.569],[6.026,48.551],[6.029,48.55],[6.023,48.529]]]}},{"type":"Feature","properties":{"code":"54224","nom":"Germonville","departement":"54","region":"44","epci":"200035772"},"geometry":{"type":"Polygon","coordinates":[[[6.232,48.4],[6.202,48.399],[6.21,48.421],[6.224,48.423],[6.224,48.421],[6.232,48.4]]]}},{"type":"Feature","properties":{"code":"54225","nom":"Gézoncourt","departement":"54","region":"44","epci":"200041515"},"geometry":{"type":"Polygon","coordinates":[[[5.968,48.833],[5.968,48.833],[5.979,48.858],[5.999,48.849],[6.006,48.839],[5.987,48.833],[5.968,48.833]]]}},{"type":"Feature","properties":{"code":"54226","nom":"Gibeaumeix","departement":"54","region":"44","epci":"245400510"},"geometry":{"type":"Polygon","coordinates":[[[5.714,48.573],[5.713,48.577],[5.717,48.592],[5.764,48.608],[5.771,48.591],[5.714,48.573]]]}},{"type":"Feature","properties":{"code":"54227","nom":"Giraumont","departement":"54","region":"44","epci":"200070845"},"geometry":{"type":"Polygon","coordinates":[[[5.932,49.16],[5.914,49.153],[5.892,49.172],[5.894,49.186],[5.925,49.186],[5.938,49.182],[5.932,49.16]]]}},{"type":"Feature","properties":{"code":"54228","nom":"Giriviller","departement":"54","region":"44","epci":"200067643"},"geometry":{"type":"Polygon","coordinates":[[[6.475,48.436],[6.475,48.448],[6.494,48.454],[6.508,48.451],[6.518,48.424],[6.502,48.415],[6.487,48.416],[6.475,48.436]]]}},{"type":"Feature","properties":{"code":"54229","nom":"Glonville","departement":"54","region":"44","epci":"200070324"},"geometry":{"type":"Polygon","coordinates":[[[6.701,48.429],[6.683,48.425],[6.679,48.422],[6.674,48.453],[6.655,48.476],[6.677,48.487],[6.716,48.469],[6.701,48.429]]]}},{"type":"Feature","properties":{"code":"54230","nom":"Gogney","departement":"54","region":"44","epci":"200069433"},"geometry":{"type":"Polygon","coordinates":[[[6.843,48.63],[6.893,48.625],[6.906,48.62],[6.864,48.599],[6.847,48.604],[6.834,48.627],[6.843,48.63]]]}},{"type":"Feature","properties":{"code":"54231","nom":"Gondrecourt-Aix","departement":"54","region":"44","epci":"200070845"},"geometry":{"type":"Polygon","coordinates":[[[5.794,49.26],[5.794,49.25],[5.763,49.227],[5.741,49.23],[5.725,49.245],[5.768,49.261],[5.794,49.26]]]}},{"type":"Feature","properties":{"code":"54232","nom":"Gondreville","departement":"54","region":"44","epci":"200070563"},"geometry":{"type":"Polygon","coordinates":[[[6.03,48.667],[6.017,48.662],[6.004,48.659],[5.98,48.672],[5.957,48.664],[5.929,48.684],[5.941,48.7],[5.973,48.713],[6.012,48.696],[6.03,48.667]]]}},{"type":"Feature","properties":{"code":"54233","nom":"Gondrexon","departement":"54","region":"44","epci":"200069433"},"geometry":{"type":"Polygon","coordinates":[[[6.754,48.611],[6.77,48.615],[6.782,48.598],[6.759,48.597],[6.754,48.611]]]}},{"type":"Feature","properties":{"code":"54235","nom":"Goviller","departement":"54","region":"44","epci":"200035772"},"geometry":{"type":"Polygon","coordinates":[[[6.013,48.526],[6.023,48.529],[6.04,48.524],[6.037,48.516],[6.023,48.479],[5.997,48.485],[5.989,48.505],[5.997,48.515],[6.013,48.526]]]}},{"type":"Feature","properties":{"code":"54237","nom":"Grimonviller","departement":"54","region":"44","epci":"245400510"},"geometry":{"type":"Polygon","coordinates":[[[6.021,48.394],[6.023,48.375],[6.011,48.37],[5.993,48.369],[5.994,48.388],[6.021,48.394]]]}},{"type":"Feature","properties":{"code":"54238","nom":"Gripport","departement":"54","region":"44","epci":"200035772"},"geometry":{"type":"Polygon","coordinates":[[[6.26,48.406],[6.233,48.397],[6.232,48.4],[6.224,48.421],[6.264,48.428],[6.27,48.426],[6.26,48.406]]]}},{"type":"Feature","properties":{"code":"54239","nom":"Griscourt","departement":"54","region":"44","epci":"200041515"},"geometry":{"type":"Polygon","coordinates":[[[6.006,48.839],[5.999,48.849],[6.036,48.844],[6.025,48.827],[6.006,48.839]]]}},{"type":"Feature","properties":{"code":"54240","nom":"Grosrouvres","departement":"54","region":"44","epci":"200070563"},"geometry":{"type":"Polygon","coordinates":[[[5.865,48.828],[5.853,48.818],[5.826,48.827],[5.828,48.836],[5.861,48.839],[5.865,48.828]]]}},{"type":"Feature","properties":{"code":"54241","nom":"Gugney","departement":"54","region":"44","epci":"200035772"},"geometry":{"type":"Polygon","coordinates":[[[6.065,48.405],[6.072,48.404],[6.063,48.387],[6.048,48.387],[6.044,48.397],[6.065,48.405]]]}},{"type":"Feature","properties":{"code":"54242","nom":"Gye","departement":"54","region":"44","epci":"200070563"},"geometry":{"type":"Polygon","coordinates":[[[5.868,48.636],[5.891,48.648],[5.891,48.617],[5.875,48.608],[5.858,48.612],[5.868,48.636]]]}},{"type":"Feature","properties":{"code":"54243","nom":"Hablainville","departement":"54","region":"44","epci":"200070324"},"geometry":{"type":"Polygon","coordinates":[[[6.737,48.507],[6.72,48.501],[6.679,48.52],[6.679,48.521],[6.715,48.527],[6.724,48.529],[6.748,48.517],[6.737,48.507]]]}},{"type":"Feature","properties":{"code":"54244","nom":"Hagéville","departement":"54","region":"44","epci":"200070738"},"geometry":{"type":"Polygon","coordinates":[[[5.829,49.027],[5.854,49.041],[5.872,49.047],[5.891,49.038],[5.877,49.019],[5.861,49.019],[5.829,49.027]]]}},{"type":"Feature","properties":{"code":"54245","nom":"Haigneville","departement":"54","region":"44","epci":"200067643"},"geometry":{"type":"Polygon","coordinates":[[[6.338,48.5],[6.341,48.499],[6.348,48.477],[6.34,48.471],[6.337,48.498],[6.338,48.5]]]}},{"type":"Feature","properties":{"code":"54246","nom":"Halloville","departement":"54","region":"44","epci":"200069433"},"geometry":{"type":"Polygon","coordinates":[[[6.87,48.564],[6.876,48.559],[6.868,48.543],[6.866,48.534],[6.841,48.557],[6.87,48.564]]]}},{"type":"Feature","properties":{"code":"54247","nom":"Hammeville","departement":"54","region":"44","epci":"200035772"},"geometry":{"type":"Polygon","coordinates":[[[6.061,48.515],[6.066,48.519],[6.095,48.497],[6.071,48.482],[6.065,48.484],[6.061,48.515]]]}},{"type":"Feature","properties":{"code":"54248","nom":"Hamonville","departement":"54","region":"44","epci":"200070738"},"geometry":{"type":"Polygon","coordinates":[[[5.79,48.803],[5.796,48.826],[5.819,48.848],[5.828,48.836],[5.826,48.827],[5.799,48.816],[5.802,48.795],[5.79,48.803]]]}},{"type":"Feature","properties":{"code":"54249","nom":"Hannonville-Suzémont","departement":"54","region":"44","epci":"200070738"},"geometry":{"type":"Polygon","coordinates":[[[5.819,49.086],[5.818,49.111],[5.837,49.12],[5.855,49.106],[5.854,49.086],[5.819,49.086]]]}},{"type":"Feature","properties":{"code":"54250","nom":"Haraucourt","departement":"54","region":"44","epci":"200070589"},"geometry":{"type":"MultiPolygon","coordinates":[[[[6.328,48.659],[6.326,48.66],[6.325,48.665],[6.328,48.659]]],[[[6.36,48.693],[6.372,48.688],[6.371,48.687],[6.393,48.663],[6.394,48.657],[6.377,48.65],[6.36,48.641],[6.353,48.64],[6.331,48.659],[6.36,48.693]]]]}},{"type":"Feature","properties":{"code":"54251","nom":"Harbouey","departement":"54","region":"44","epci":"200069433"},"geometry":{"type":"Polygon","coordinates":[[[6.916,48.556],[6.906,48.555],[6.876,48.559],[6.87,48.564],[6.868,48.587],[6.869,48.587],[6.91,48.585],[6.92,48.569],[6.916,48.556]]]}},{"type":"Feature","properties":{"code":"54252","nom":"Haroué","departement":"54","region":"44","epci":"200035772"},"geometry":{"type":"Polygon","coordinates":[[[6.169,48.477],[6.216,48.474],[6.212,48.472],[6.179,48.465],[6.167,48.475],[6.169,48.477]]]}},{"type":"Feature","properties":{"code":"54253","nom":"Hatrize","departement":"54","region":"44","epci":"200070845"},"geometry":{"type":"Polygon","coordinates":[[[5.873,49.196],[5.868,49.209],[5.92,49.201],[5.925,49.186],[5.894,49.186],[5.873,49.196]]]}},{"type":"Feature","properties":{"code":"54255","nom":"Haudonville","departement":"54","region":"44","epci":"200070324"},"geometry":{"type":"Polygon","coordinates":[[[6.461,48.488],[6.452,48.489],[6.453,48.509],[6.47,48.518],[6.503,48.504],[6.461,48.488]]]}},{"type":"Feature","properties":{"code":"54256","nom":"Haussonville","departement":"54","region":"44","epci":"200067643"},"geometry":{"type":"Polygon","coordinates":[[[6.307,48.537],[6.314,48.545],[6.324,48.545],[6.36,48.533],[6.341,48.522],[6.314,48.51],[6.283,48.514],[6.276,48.516],[6.307,48.537]]]}},{"type":"Feature","properties":{"code":"54257","nom":"Heillecourt","departement":"54","region":"44","epci":"245400676"},"geometry":{"type":"Polygon","coordinates":[[[6.212,48.658],[6.215,48.648],[6.193,48.643],[6.179,48.651],[6.191,48.66],[6.212,48.658]]]}},{"type":"Feature","properties":{"code":"54258","nom":"Hénaménil","departement":"54","region":"44","epci":"245400759"},"geometry":{"type":"Polygon","coordinates":[[[6.548,48.69],[6.554,48.692],[6.572,48.687],[6.608,48.64],[6.597,48.638],[6.544,48.658],[6.548,48.69]]]}},{"type":"Feature","properties":{"code":"54259","nom":"Herbéviller","departement":"54","region":"44","epci":"200069433"},"geometry":{"type":"Polygon","coordinates":[[[6.761,48.536],[6.748,48.54],[6.732,48.545],[6.725,48.564],[6.725,48.565],[6.766,48.566],[6.776,48.548],[6.761,48.536]]]}},{"type":"Feature","properties":{"code":"54260","nom":"Hériménil","departement":"54","region":"44","epci":"200070324"},"geometry":{"type":"Polygon","coordinates":[[[6.484,48.552],[6.488,48.575],[6.508,48.572],[6.542,48.544],[6.506,48.528],[6.491,48.527],[6.484,48.552]]]}},{"type":"Feature","properties":{"code":"54262","nom":"Hoéville","departement":"54","region":"44","epci":"245400759"},"geometry":{"type":"Polygon","coordinates":[[[6.415,48.72],[6.442,48.739],[6.452,48.727],[6.45,48.712],[6.425,48.694],[6.415,48.705],[6.415,48.72]]]}},{"type":"Feature","properties":{"code":"54263","nom":"Homécourt","departement":"54","region":"44","epci":"200070845"},"geometry":{"type":"Polygon","coordinates":[[[6.01,49.222],[6.003,49.209],[5.988,49.21],[5.976,49.232],[5.988,49.233],[6.001,49.242],[6.01,49.222]]]}},{"type":"Feature","properties":{"code":"54264","nom":"Houdelmont","departement":"54","region":"44","epci":"200035772"},"geometry":{"type":"Polygon","coordinates":[[[6.106,48.527],[6.085,48.529],[6.08,48.544],[6.087,48.547],[6.095,48.549],[6.109,48.536],[6.106,48.527]]]}},{"type":"Feature","properties":{"code":"54265","nom":"Houdemont","departement":"54","region":"44","epci":"245400676"},"geometry":{"type":"Polygon","coordinates":[[[6.153,48.635],[6.15,48.643],[6.179,48.651],[6.193,48.643],[6.181,48.63],[6.153,48.635]]]}},{"type":"Feature","properties":{"code":"54266","nom":"Houdreville","departement":"54","region":"44","epci":"200035772"},"geometry":{"type":"Polygon","coordinates":[[[6.085,48.529],[6.106,48.527],[6.135,48.518],[6.124,48.509],[6.099,48.497],[6.095,48.497],[6.066,48.519],[6.085,48.529]]]}},{"type":"Feature","properties":{"code":"54268","nom":"Housséville","departement":"54","region":"44","epci":"200035772"},"geometry":{"type":"Polygon","coordinates":[[[6.107,48.419],[6.117,48.42],[6.136,48.409],[6.103,48.398],[6.095,48.402],[6.107,48.419]]]}},{"type":"Feature","properties":{"code":"54269","nom":"Hudiviller","departement":"54","region":"44","epci":"245400189"},"geometry":{"type":"Polygon","coordinates":[[[6.374,48.6],[6.384,48.608],[6.401,48.609],[6.395,48.588],[6.374,48.6]]]}},{"type":"Feature","properties":{"code":"54271","nom":"Igney","departement":"54","region":"44","epci":"200069433"},"geometry":{"type":"Polygon","coordinates":[[[6.834,48.627],[6.812,48.621],[6.809,48.623],[6.798,48.639],[6.839,48.637],[6.843,48.63],[6.834,48.627]]]}},{"type":"Feature","properties":{"code":"54272","nom":"Jaillon","departement":"54","region":"44","epci":"200070563"},"geometry":{"type":"Polygon","coordinates":[[[5.991,48.755],[5.958,48.747],[5.951,48.754],[5.974,48.777],[5.997,48.77],[5.991,48.755]]]}},{"type":"Feature","properties":{"code":"54273","nom":"Jarny","departement":"54","region":"44","epci":"200070845"},"geometry":{"type":"Polygon","coordinates":[[[5.896,49.13],[5.866,49.136],[5.846,49.124],[5.834,49.131],[5.858,49.148],[5.871,49.169],[5.892,49.172],[5.914,49.153],[5.911,49.14],[5.896,49.13]]]}},{"type":"Feature","properties":{"code":"54274","nom":"Jarville-la-Malgrange","departement":"54","region":"44","epci":"245400676"},"geometry":{"type":"Polygon","coordinates":[[[6.213,48.673],[6.22,48.673],[6.212,48.658],[6.191,48.66],[6.194,48.672],[6.213,48.673]]]}},{"type":"Feature","properties":{"code":"54275","nom":"Jaulny","departement":"54","region":"44","epci":"200070738"},"geometry":{"type":"Polygon","coordinates":[[[5.915,48.974],[5.92,48.959],[5.907,48.952],[5.867,48.967],[5.874,48.983],[5.884,48.982],[5.915,48.974]]]}},{"type":"Feature","properties":{"code":"54276","nom":"Jeandelaincourt","departement":"54","region":"44","epci":"200070589"},"geometry":{"type":"Polygon","coordinates":[[[6.259,48.868],[6.267,48.861],[6.268,48.852],[6.255,48.842],[6.231,48.833],[6.212,48.842],[6.217,48.845],[6.245,48.849],[6.259,48.868]]]}},{"type":"Feature","properties":{"code":"54277","nom":"Jeandelize","departement":"54","region":"44","epci":"200070845"},"geometry":{"type":"Polygon","coordinates":[[[5.807,49.19],[5.812,49.162],[5.782,49.16],[5.784,49.188],[5.807,49.19]]]}},{"type":"Feature","properties":{"code":"54278","nom":"Jevoncourt","departement":"54","region":"44","epci":"200035772"},"geometry":{"type":"Polygon","coordinates":[[[6.149,48.408],[6.154,48.423],[6.176,48.415],[6.181,48.411],[6.149,48.408]]]}},{"type":"Feature","properties":{"code":"54279","nom":"Jezainville","departement":"54","region":"44","epci":"200041515"},"geometry":{"type":"Polygon","coordinates":[[[5.979,48.858],[5.967,48.862],[5.998,48.882],[6.033,48.883],[6.06,48.857],[6.036,48.844],[5.999,48.849],[5.979,48.858]]]}},{"type":"Feature","properties":{"code":"54280","nom":"Jœuf","departement":"54","region":"44","epci":"200070845"},"geometry":{"type":"Polygon","coordinates":[[[6.031,49.233],[6.01,49.222],[6.001,49.242],[6.028,49.233],[6.031,49.233]]]}},{"type":"Feature","properties":{"code":"54281","nom":"Jolivet","departement":"54","region":"44","epci":"200070324"},"geometry":{"type":"Polygon","coordinates":[[[6.523,48.621],[6.524,48.621],[6.537,48.622],[6.542,48.606],[6.515,48.601],[6.493,48.618],[6.523,48.621]]]}},{"type":"Feature","properties":{"code":"54283","nom":"Jouaville","departement":"54","region":"44","epci":"200070845"},"geometry":{"type":"Polygon","coordinates":[[[5.949,49.183],[5.955,49.168],[5.99,49.162],[5.999,49.156],[5.984,49.142],[5.957,49.143],[5.932,49.16],[5.938,49.182],[5.949,49.183]]]}},{"type":"Feature","properties":{"code":"54284","nom":"Joudreville","departement":"54","region":"44","epci":"200070290"},"geometry":{"type":"Polygon","coordinates":[[[5.761,49.28],[5.768,49.3],[5.798,49.298],[5.777,49.274],[5.761,49.28]]]}},{"type":"Feature","properties":{"code":"54285","nom":"Juvrecourt","departement":"54","region":"44","epci":"245400759"},"geometry":{"type":"Polygon","coordinates":[[[6.548,48.755],[6.562,48.756],[6.589,48.732],[6.567,48.725],[6.539,48.751],[6.548,48.755]]]}},{"type":"Feature","properties":{"code":"54286","nom":"Labry","departement":"54","region":"44","epci":"200070845"},"geometry":{"type":"Polygon","coordinates":[[[5.843,49.19],[5.873,49.196],[5.894,49.186],[5.892,49.172],[5.871,49.169],[5.843,49.19]]]}},{"type":"Feature","properties":{"code":"54287","nom":"Lachapelle","departement":"54","region":"44","epci":"200070324"},"geometry":{"type":"Polygon","coordinates":[[[6.753,48.432],[6.765,48.431],[6.796,48.418],[6.78,48.402],[6.739,48.412],[6.753,48.432]]]}},{"type":"Feature","properties":{"code":"54288","nom":"Lagney","departement":"54","region":"44","epci":"200070563"},"geometry":{"type":"Polygon","coordinates":[[[5.797,48.747],[5.828,48.765],[5.846,48.758],[5.869,48.756],[5.862,48.739],[5.842,48.729],[5.798,48.736],[5.797,48.747]]]}},{"type":"Feature","properties":{"code":"54289","nom":"Laître-sous-Amance","departement":"54","region":"44","epci":"200070589"},"geometry":{"type":"Polygon","coordinates":[[[6.275,48.725],[6.261,48.722],[6.255,48.747],[6.262,48.75],[6.295,48.741],[6.275,48.725]]]}},{"type":"Feature","properties":{"code":"54291","nom":"Lalœuf","departement":"54","region":"44","epci":"200035772"},"geometry":{"type":"Polygon","coordinates":[[[6.023,48.479],[6.036,48.467],[6.041,48.465],[6.01,48.445],[6.006,48.453],[5.979,48.469],[5.976,48.481],[5.997,48.485],[6.023,48.479]]]}},{"type":"Feature","properties":{"code":"54292","nom":"Lamath","departement":"54","region":"44","epci":"200070324"},"geometry":{"type":"Polygon","coordinates":[[[6.414,48.512],[6.407,48.518],[6.413,48.519],[6.429,48.525],[6.455,48.535],[6.47,48.519],[6.47,48.518],[6.453,48.509],[6.443,48.511],[6.414,48.512]]]}},{"type":"Feature","properties":{"code":"54293","nom":"Landécourt","departement":"54","region":"44","epci":"200067643"},"geometry":{"type":"Polygon","coordinates":[[[6.443,48.511],[6.434,48.495],[6.414,48.486],[6.41,48.485],[6.414,48.512],[6.443,48.511]]]}},{"type":"Feature","properties":{"code":"54294","nom":"Landremont","departement":"54","region":"44","epci":"200041515"},"geometry":{"type":"Polygon","coordinates":[[[6.156,48.843],[6.129,48.855],[6.164,48.874],[6.171,48.859],[6.156,48.843]]]}},{"type":"Feature","properties":{"code":"54295","nom":"Landres","departement":"54","region":"44","epci":"200070290"},"geometry":{"type":"Polygon","coordinates":[[[5.815,49.299],[5.807,49.299],[5.785,49.318],[5.789,49.333],[5.808,49.338],[5.82,49.331],[5.825,49.312],[5.815,49.299]]]}},{"type":"Feature","properties":{"code":"54296","nom":"Laneuvelotte","departement":"54","region":"44","epci":"200070589"},"geometry":{"type":"Polygon","coordinates":[[[6.285,48.699],[6.275,48.707],[6.275,48.725],[6.295,48.741],[6.331,48.744],[6.329,48.733],[6.301,48.709],[6.285,48.699]]]}},{"type":"Feature","properties":{"code":"54297","nom":"Laneuveville-aux-Bois","departement":"54","region":"44","epci":"200070324"},"geometry":{"type":"Polygon","coordinates":[[[6.646,48.645],[6.646,48.645],[6.667,48.637],[6.686,48.608],[6.684,48.607],[6.644,48.596],[6.644,48.596],[6.616,48.631],[6.598,48.636],[6.597,48.638],[6.608,48.64],[6.646,48.645]]]}},{"type":"Feature","properties":{"code":"54298","nom":"Laneuveville-derrière-Foug","departement":"54","region":"44","epci":"200070563"},"geometry":{"type":"Polygon","coordinates":[[[5.812,48.702],[5.79,48.713],[5.801,48.712],[5.82,48.708],[5.812,48.702]]]}},{"type":"Feature","properties":{"code":"54299","nom":"Laneuveville-devant-Bayon","departement":"54","region":"44","epci":"200035772"},"geometry":{"type":"Polygon","coordinates":[[[6.276,48.458],[6.271,48.454],[6.254,48.467],[6.247,48.482],[6.258,48.485],[6.283,48.473],[6.276,48.458]]]}},{"type":"Feature","properties":{"code":"54300","nom":"Laneuveville-devant-Nancy","departement":"54","region":"44","epci":"245400676"},"geometry":{"type":"Polygon","coordinates":[[[6.286,48.637],[6.271,48.628],[6.219,48.635],[6.215,48.648],[6.212,48.658],[6.22,48.673],[6.224,48.671],[6.279,48.64],[6.286,48.637]]]}},{"type":"Feature","properties":{"code":"54301","nom":"Lanfroicourt","departement":"54","region":"44","epci":"200070589"},"geometry":{"type":"Polygon","coordinates":[[[6.313,48.785],[6.3,48.795],[6.309,48.821],[6.334,48.82],[6.339,48.811],[6.313,48.785]]]}},{"type":"Feature","properties":{"code":"54302","nom":"Lantéfontaine","departement":"54","region":"44","epci":"200070845"},"geometry":{"type":"Polygon","coordinates":[[[5.878,49.246],[5.847,49.256],[5.844,49.26],[5.894,49.26],[5.922,49.241],[5.878,49.246]]]}},{"type":"Feature","properties":{"code":"54303","nom":"Laronxe","departement":"54","region":"44","epci":"200070324"},"geometry":{"type":"Polygon","coordinates":[[[6.576,48.535],[6.572,48.54],[6.603,48.556],[6.576,48.535]]]}},{"type":"Feature","properties":{"code":"54304","nom":"Laxou","departement":"54","region":"44","epci":"245400676"},"geometry":{"type":"Polygon","coordinates":[[[6.08,48.667],[6.074,48.693],[6.106,48.696],[6.137,48.701],[6.161,48.679],[6.131,48.667],[6.091,48.668],[6.08,48.667]]]}},{"type":"Feature","properties":{"code":"54305","nom":"Lay-Saint-Christophe","departement":"54","region":"44","epci":"245400601"},"geometry":{"type":"Polygon","coordinates":[[[6.168,48.747],[6.173,48.769],[6.208,48.773],[6.217,48.766],[6.201,48.729],[6.178,48.742],[6.168,48.747]]]}},{"type":"Feature","properties":{"code":"54306","nom":"Lay-Saint-Remy","departement":"54","region":"44","epci":"200070563"},"geometry":{"type":"Polygon","coordinates":[[[5.749,48.667],[5.756,48.692],[5.784,48.685],[5.749,48.667]]]}},{"type":"Feature","properties":{"code":"54307","nom":"Lebeuville","departement":"54","region":"44","epci":"200035772"},"geometry":{"type":"Polygon","coordinates":[[[6.242,48.447],[6.26,48.443],[6.264,48.428],[6.224,48.421],[6.224,48.423],[6.226,48.44],[6.242,48.447]]]}},{"type":"Feature","properties":{"code":"54308","nom":"Leintrey","departement":"54","region":"44","epci":"200069433"},"geometry":{"type":"Polygon","coordinates":[[[6.724,48.637],[6.727,48.641],[6.764,48.652],[6.774,48.648],[6.773,48.616],[6.77,48.615],[6.754,48.611],[6.738,48.609],[6.705,48.619],[6.724,48.637]]]}},{"type":"Feature","properties":{"code":"54309","nom":"Lemainville","departement":"54","region":"44","epci":"200035772"},"geometry":{"type":"Polygon","coordinates":[[[6.167,48.5],[6.164,48.502],[6.162,48.503],[6.194,48.522],[6.212,48.498],[6.167,48.5]]]}},{"type":"Feature","properties":{"code":"54310","nom":"Leménil-Mitry","departement":"54","region":"44","epci":"200035772"},"geometry":{"type":"Polygon","coordinates":[[[6.242,48.447],[6.239,48.455],[6.254,48.467],[6.271,48.454],[6.272,48.449],[6.26,48.443],[6.242,48.447]]]}},{"type":"Feature","properties":{"code":"54311","nom":"Lenoncourt","departement":"54","region":"44","epci":"200070589"},"geometry":{"type":"Polygon","coordinates":[[[6.283,48.694],[6.284,48.696],[6.32,48.683],[6.325,48.665],[6.326,48.66],[6.293,48.65],[6.274,48.68],[6.283,48.694]]]}},{"type":"Feature","properties":{"code":"54312","nom":"Lesménils","departement":"54","region":"44","epci":"200041515"},"geometry":{"type":"Polygon","coordinates":[[[6.128,48.919],[6.107,48.914],[6.085,48.92],[6.089,48.942],[6.123,48.949],[6.147,48.933],[6.128,48.919]]]}},{"type":"Feature","properties":{"code":"54313","nom":"Létricourt","departement":"54","region":"44","epci":"200070589"},"geometry":{"type":"Polygon","coordinates":[[[6.297,48.883],[6.308,48.875],[6.297,48.867],[6.267,48.861],[6.259,48.868],[6.256,48.872],[6.286,48.891],[6.297,48.883]]]}},{"type":"Feature","properties":{"code":"54315","nom":"Leyr","departement":"54","region":"44","epci":"200070589"},"geometry":{"type":"Polygon","coordinates":[[[6.3,48.795],[6.253,48.788],[6.242,48.806],[6.27,48.821],[6.27,48.823],[6.285,48.823],[6.3,48.795]]]}},{"type":"Feature","properties":{"code":"54316","nom":"Limey-Remenauville","departement":"54","region":"44","epci":"200070738"},"geometry":{"type":"Polygon","coordinates":[[[5.938,48.893],[5.941,48.889],[5.939,48.873],[5.905,48.883],[5.88,48.863],[5.873,48.864],[5.876,48.898],[5.897,48.924],[5.907,48.926],[5.938,48.893]]]}},{"type":"Feature","properties":{"code":"54317","nom":"Lironville","departement":"54","region":"44","epci":"200070738"},"geometry":{"type":"Polygon","coordinates":[[[5.88,48.863],[5.905,48.883],[5.939,48.873],[5.94,48.865],[5.932,48.853],[5.928,48.856],[5.88,48.863]]]}},{"type":"Feature","properties":{"code":"54318","nom":"Liverdun","departement":"54","region":"44","epci":"245400601"},"geometry":{"type":"Polygon","coordinates":[[[6.067,48.776],[6.075,48.77],[6.115,48.761],[6.079,48.745],[6.096,48.734],[6.076,48.721],[6.052,48.733],[6.032,48.758],[6.008,48.747],[5.991,48.755],[5.997,48.77],[6.019,48.78],[6.039,48.767],[6.067,48.776]]]}},{"type":"Feature","properties":{"code":"54320","nom":"Loisy","departement":"54","region":"44","epci":"200041515"},"geometry":{"type":"Polygon","coordinates":[[[6.081,48.853],[6.078,48.856],[6.081,48.877],[6.12,48.878],[6.123,48.857],[6.081,48.853]]]}},{"type":"Feature","properties":{"code":"54324","nom":"Lorey","departement":"54","region":"44","epci":"200067643"},"geometry":{"type":"Polygon","coordinates":[[[6.302,48.48],[6.294,48.502],[6.317,48.506],[6.338,48.5],[6.337,48.498],[6.302,48.48]]]}},{"type":"Feature","properties":{"code":"54325","nom":"Loromontzey","departement":"54","region":"44","epci":"200067643"},"geometry":{"type":"Polygon","coordinates":[[[6.364,48.408],[6.362,48.407],[6.353,48.442],[6.38,48.454],[6.381,48.454],[6.391,48.438],[6.364,48.408]]]}},{"type":"Feature","properties":{"code":"54326","nom":"Lubey","departement":"54","region":"44","epci":"200070845"},"geometry":{"type":"Polygon","coordinates":[[[5.878,49.246],[5.867,49.237],[5.836,49.238],[5.847,49.256],[5.878,49.246]]]}},{"type":"Feature","properties":{"code":"54327","nom":"Lucey","departement":"54","region":"44","epci":"200070563"},"geometry":{"type":"Polygon","coordinates":[[[5.862,48.739],[5.867,48.727],[5.82,48.708],[5.801,48.712],[5.798,48.736],[5.842,48.729],[5.862,48.739]]]}},{"type":"Feature","properties":{"code":"54328","nom":"Ludres","departement":"54","region":"44","epci":"245400676"},"geometry":{"type":"Polygon","coordinates":[[[6.203,48.609],[6.205,48.608],[6.197,48.606],[6.174,48.609],[6.151,48.625],[6.153,48.635],[6.181,48.63],[6.203,48.609]]]}},{"type":"Feature","properties":{"code":"54329","nom":"Lunéville","departement":"54","region":"44","epci":"200070324"},"geometry":{"type":"Polygon","coordinates":[[[6.457,48.604],[6.479,48.621],[6.493,48.618],[6.515,48.601],[6.542,48.58],[6.565,48.583],[6.553,48.572],[6.508,48.572],[6.488,48.575],[6.469,48.579],[6.457,48.604]]]}},{"type":"Feature","properties":{"code":"54330","nom":"Lupcourt","departement":"54","region":"44","epci":"245400189"},"geometry":{"type":"Polygon","coordinates":[[[6.199,48.597],[6.197,48.606],[6.205,48.608],[6.242,48.598],[6.211,48.584],[6.199,48.597]]]}},{"type":"Feature","properties":{"code":"54331","nom":"Magnières","departement":"54","region":"44","epci":"200070324"},"geometry":{"type":"Polygon","coordinates":[[[6.579,48.416],[6.544,48.428],[6.534,48.432],[6.54,48.437],[6.554,48.465],[6.597,48.467],[6.594,48.462],[6.567,48.441],[6.584,48.417],[6.579,48.416]]]}},{"type":"Feature","properties":{"code":"54332","nom":"Maidières","departement":"54","region":"44","epci":"200041515"},"geometry":{"type":"Polygon","coordinates":[[[6.033,48.89],[6.038,48.903],[6.047,48.891],[6.033,48.89]]]}},{"type":"Feature","properties":{"code":"54333","nom":"Mailly-sur-Seille","departement":"54","region":"44","epci":"200070589"},"geometry":{"type":"Polygon","coordinates":[[[6.271,48.933],[6.277,48.928],[6.262,48.909],[6.248,48.904],[6.226,48.912],[6.237,48.925],[6.263,48.934],[6.271,48.933]]]}},{"type":"Feature","properties":{"code":"54334","nom":"Mairy-Mainville","departement":"54","region":"44","epci":"200070290"},"geometry":{"type":"Polygon","coordinates":[[[5.859,49.318],[5.909,49.325],[5.88,49.316],[5.864,49.29],[5.838,49.284],[5.815,49.299],[5.825,49.312],[5.859,49.318]]]}},{"type":"Feature","properties":{"code":"54335","nom":"Maixe","departement":"54","region":"44","epci":"245400759"},"geometry":{"type":"Polygon","coordinates":[[[6.439,48.622],[6.434,48.624],[6.415,48.653],[6.432,48.67],[6.447,48.667],[6.458,48.636],[6.439,48.622]]]}},{"type":"Feature","properties":{"code":"54336","nom":"Maizières","departement":"54","region":"44","epci":"245400171"},"geometry":{"type":"Polygon","coordinates":[[[6.029,48.564],[6.052,48.591],[6.045,48.601],[5.993,48.616],[6.022,48.621],[6.061,48.607],[6.086,48.573],[6.061,48.562],[6.054,48.562],[6.029,48.564]]]}},{"type":"Feature","properties":{"code":"54337","nom":"Malavillers","departement":"54","region":"44","epci":"200070290"},"geometry":{"type":"Polygon","coordinates":[[[5.882,49.357],[5.865,49.347],[5.852,49.347],[5.848,49.354],[5.865,49.372],[5.868,49.373],[5.882,49.357]]]}},{"type":"Feature","properties":{"code":"54338","nom":"Malleloy","departement":"54","region":"44","epci":"245400601"},"geometry":{"type":"Polygon","coordinates":[[[6.173,48.81],[6.173,48.775],[6.166,48.771],[6.158,48.785],[6.173,48.81]]]}},{"type":"Feature","properties":{"code":"54339","nom":"Malzéville","departement":"54","region":"44","epci":"245400676"},"geometry":{"type":"Polygon","coordinates":[[[6.192,48.703],[6.18,48.709],[6.175,48.722],[6.178,48.742],[6.201,48.729],[6.215,48.724],[6.207,48.716],[6.192,48.703]]]}},{"type":"Feature","properties":{"code":"54340","nom":"Mamey","departement":"54","region":"44","epci":"200070738"},"geometry":{"type":"Polygon","coordinates":[[[5.941,48.889],[5.973,48.896],[5.965,48.868],[5.94,48.865],[5.939,48.873],[5.941,48.889]]]}},{"type":"Feature","properties":{"code":"54343","nom":"Mandres-aux-Quatre-Tours","departement":"54","region":"44","epci":"200070738"},"geometry":{"type":"Polygon","coordinates":[[[5.763,48.794],[5.758,48.801],[5.781,48.835],[5.81,48.86],[5.817,48.861],[5.819,48.848],[5.796,48.826],[5.79,48.803],[5.778,48.8],[5.763,48.794]]]}},{"type":"Feature","properties":{"code":"54344","nom":"Mangonville","departement":"54","region":"44","epci":"200035772"},"geometry":{"type":"Polygon","coordinates":[[[6.271,48.454],[6.276,48.458],[6.306,48.456],[6.302,48.444],[6.272,48.449],[6.271,48.454]]]}},{"type":"Feature","properties":{"code":"54345","nom":"Manoncourt-en-Vermois","departement":"54","region":"44","epci":"245400189"},"geometry":{"type":"Polygon","coordinates":[[[6.268,48.582],[6.249,48.596],[6.277,48.618],[6.288,48.6],[6.268,48.582]]]}},{"type":"Feature","properties":{"code":"54346","nom":"Manoncourt-en-Woëvre","departement":"54","region":"44","epci":"200070563"},"geometry":{"type":"Polygon","coordinates":[[[5.964,48.797],[5.969,48.798],[5.961,48.79],[5.914,48.77],[5.925,48.758],[5.911,48.757],[5.888,48.78],[5.884,48.788],[5.901,48.795],[5.923,48.794],[5.964,48.797]]]}},{"type":"Feature","properties":{"code":"54348","nom":"Manonville","departement":"54","region":"44","epci":"200070563"},"geometry":{"type":"Polygon","coordinates":[[[5.903,48.81],[5.884,48.828],[5.928,48.856],[5.932,48.853],[5.944,48.828],[5.903,48.81]]]}},{"type":"Feature","properties":{"code":"54349","nom":"Manonviller","departement":"54","region":"44","epci":"200070324"},"geometry":{"type":"Polygon","coordinates":[[[6.684,48.607],[6.687,48.599],[6.671,48.576],[6.638,48.578],[6.644,48.596],[6.684,48.607]]]}},{"type":"Feature","properties":{"code":"54350","nom":"Marainviller","departement":"54","region":"44","epci":"200070324"},"geometry":{"type":"Polygon","coordinates":[[[6.616,48.631],[6.644,48.596],[6.607,48.572],[6.577,48.584],[6.616,48.631]]]}},{"type":"Feature","properties":{"code":"54351","nom":"Marbache","departement":"54","region":"44","epci":"245400601"},"geometry":{"type":"Polygon","coordinates":[[[6.11,48.799],[6.127,48.787],[6.075,48.77],[6.067,48.776],[6.067,48.802],[6.121,48.809],[6.11,48.799]]]}},{"type":"Feature","properties":{"code":"54352","nom":"Maron","departement":"54","region":"44","epci":"245400171"},"geometry":{"type":"Polygon","coordinates":[[[6.017,48.662],[6.03,48.667],[6.074,48.693],[6.08,48.667],[6.086,48.65],[6.053,48.622],[6.036,48.653],[6.017,48.662]]]}},{"type":"Feature","properties":{"code":"54353","nom":"Mars-la-Tour","departement":"54","region":"44","epci":"200070738"},"geometry":{"type":"Polygon","coordinates":[[[5.931,49.109],[5.928,49.1],[5.898,49.083],[5.86,49.076],[5.854,49.086],[5.855,49.106],[5.898,49.11],[5.931,49.109]]]}},{"type":"Feature","properties":{"code":"54354","nom":"Marthemont","departement":"54","region":"44","epci":"245400171"},"geometry":{"type":"Polygon","coordinates":[[[6.029,48.55],[6.026,48.551],[6.029,48.564],[6.054,48.562],[6.029,48.55]]]}},{"type":"Feature","properties":{"code":"54355","nom":"Martincourt","departement":"54","region":"44","epci":"200041515"},"geometry":{"type":"Polygon","coordinates":[[[5.967,48.862],[5.979,48.858],[5.968,48.833],[5.944,48.828],[5.932,48.853],[5.94,48.865],[5.965,48.868],[5.967,48.862]]]}},{"type":"Feature","properties":{"code":"54356","nom":"Mattexey","departement":"54","region":"44","epci":"200067643"},"geometry":{"type":"Polygon","coordinates":[[[6.535,48.449],[6.54,48.437],[6.534,48.432],[6.518,48.424],[6.508,48.451],[6.535,48.449]]]}},{"type":"Feature","properties":{"code":"54357","nom":"Maxéville","departement":"54","region":"44","epci":"245400676"},"geometry":{"type":"Polygon","coordinates":[[[6.175,48.722],[6.18,48.709],[6.137,48.701],[6.106,48.696],[6.137,48.713],[6.175,48.722]]]}},{"type":"Feature","properties":{"code":"54358","nom":"Mazerulles","departement":"54","region":"44","epci":"200070589"},"geometry":{"type":"Polygon","coordinates":[[[6.357,48.752],[6.346,48.757],[6.392,48.773],[6.395,48.753],[6.391,48.742],[6.369,48.732],[6.357,48.752]]]}},{"type":"Feature","properties":{"code":"54359","nom":"Méhoncourt","departement":"54","region":"44","epci":"200067643"},"geometry":{"type":"Polygon","coordinates":[[[6.409,48.523],[6.413,48.519],[6.407,48.518],[6.382,48.495],[6.351,48.508],[6.351,48.508],[6.371,48.524],[6.379,48.527],[6.409,48.523]]]}},{"type":"Feature","properties":{"code":"54360","nom":"Ménil-la-Tour","departement":"54","region":"44","epci":"200070563"},"geometry":{"type":"Polygon","coordinates":[[[5.875,48.757],[5.869,48.756],[5.846,48.758],[5.82,48.774],[5.85,48.799],[5.864,48.775],[5.875,48.757]]]}},{"type":"Feature","properties":{"code":"54364","nom":"Méréville","departement":"54","region":"44","epci":"245400171"},"geometry":{"type":"Polygon","coordinates":[[[6.104,48.587],[6.107,48.596],[6.111,48.6],[6.118,48.603],[6.156,48.602],[6.164,48.582],[6.154,48.569],[6.104,48.587]]]}},{"type":"Feature","properties":{"code":"54365","nom":"Merviller","departement":"54","region":"44","epci":"200070324"},"geometry":{"type":"Polygon","coordinates":[[[6.798,48.458],[6.799,48.453],[6.79,48.448],[6.747,48.465],[6.745,48.474],[6.774,48.497],[6.795,48.5],[6.812,48.496],[6.792,48.486],[6.798,48.458]]]}},{"type":"Feature","properties":{"code":"54366","nom":"Messein","departement":"54","region":"44","epci":"245400171"},"geometry":{"type":"Polygon","coordinates":[[[6.128,48.618],[6.151,48.625],[6.174,48.609],[6.156,48.602],[6.118,48.603],[6.128,48.618]]]}},{"type":"Feature","properties":{"code":"54368","nom":"Mignéville","departement":"54","region":"44","epci":"200069433"},"geometry":{"type":"Polygon","coordinates":[[[6.761,48.534],[6.761,48.536],[6.776,48.548],[6.803,48.54],[6.805,48.533],[6.784,48.518],[6.773,48.523],[6.761,48.534]]]}},{"type":"Feature","properties":{"code":"54369","nom":"Millery","departement":"54","region":"44","epci":"245400601"},"geometry":{"type":"Polygon","coordinates":[[[6.147,48.831],[6.168,48.819],[6.148,48.805],[6.11,48.799],[6.121,48.809],[6.123,48.82],[6.135,48.83],[6.147,48.831]]]}},{"type":"Feature","properties":{"code":"54370","nom":"Minorville","departement":"54","region":"44","epci":"200070563"},"geometry":{"type":"Polygon","coordinates":[[[5.903,48.81],[5.901,48.795],[5.884,48.788],[5.85,48.81],[5.853,48.818],[5.865,48.828],[5.884,48.828],[5.903,48.81]]]}},{"type":"Feature","properties":{"code":"54371","nom":"Moineville","departement":"54","region":"44","epci":"200070845"},"geometry":{"type":"Polygon","coordinates":[[[5.979,49.195],[5.979,49.193],[5.949,49.183],[5.938,49.182],[5.925,49.186],[5.92,49.201],[5.963,49.217],[5.979,49.195]]]}},{"type":"Feature","properties":{"code":"54372","nom":"Moivrons","departement":"54","region":"44","epci":"200070589"},"geometry":{"type":"Polygon","coordinates":[[[6.27,48.823],[6.27,48.821],[6.231,48.814],[6.226,48.826],[6.231,48.833],[6.255,48.842],[6.27,48.823]]]}},{"type":"Feature","properties":{"code":"54373","nom":"Moncel-lès-Lunéville","departement":"54","region":"44","epci":"200070324"},"geometry":{"type":"Polygon","coordinates":[[[6.565,48.583],[6.577,48.584],[6.607,48.572],[6.613,48.569],[6.603,48.556],[6.572,48.54],[6.542,48.544],[6.508,48.572],[6.553,48.572],[6.565,48.583]]]}},{"type":"Feature","properties":{"code":"54374","nom":"Moncel-sur-Seille","departement":"54","region":"44","epci":"200070589"},"geometry":{"type":"Polygon","coordinates":[[[6.395,48.775],[6.433,48.789],[6.453,48.766],[6.444,48.756],[6.395,48.753],[6.392,48.773],[6.395,48.775]]]}},{"type":"Feature","properties":{"code":"54375","nom":"Montauville","departement":"54","region":"44","epci":"200041515"},"geometry":{"type":"Polygon","coordinates":[[[6.033,48.89],[6.033,48.883],[5.998,48.882],[5.967,48.862],[5.965,48.868],[5.973,48.896],[5.989,48.916],[6.005,48.924],[6.038,48.903],[6.033,48.89]]]}},{"type":"Feature","properties":{"code":"54376","nom":"Montenoy","departement":"54","region":"44","epci":"245400601"},"geometry":{"type":"Polygon","coordinates":[[[6.253,48.788],[6.229,48.778],[6.229,48.809],[6.231,48.812],[6.242,48.806],[6.253,48.788]]]}},{"type":"Feature","properties":{"code":"54377","nom":"Montigny","departement":"54","region":"44","epci":"200069433"},"geometry":{"type":"Polygon","coordinates":[[[6.817,48.499],[6.812,48.496],[6.795,48.5],[6.784,48.518],[6.805,48.533],[6.817,48.522],[6.817,48.499]]]}},{"type":"Feature","properties":{"code":"54379","nom":"Mont-l'Étroit","departement":"54","region":"44","epci":"245400510"},"geometry":{"type":"Polygon","coordinates":[[[5.765,48.497],[5.764,48.516],[5.811,48.498],[5.787,48.483],[5.779,48.487],[5.765,48.497]]]}},{"type":"Feature","properties":{"code":"54380","nom":"Mont-le-Vignoble","departement":"54","region":"44","epci":"245400510"},"geometry":{"type":"Polygon","coordinates":[[[5.857,48.63],[5.868,48.636],[5.858,48.612],[5.83,48.616],[5.857,48.63]]]}},{"type":"Feature","properties":{"code":"54381","nom":"Montreux","departement":"54","region":"44","epci":"200069433"},"geometry":{"type":"Polygon","coordinates":[[[6.9,48.528],[6.867,48.532],[6.866,48.534],[6.868,48.543],[6.911,48.535],[6.914,48.53],[6.9,48.528]]]}},{"type":"Feature","properties":{"code":"54383","nom":"Mont-sur-Meurthe","departement":"54","region":"44","epci":"200067643"},"geometry":{"type":"Polygon","coordinates":[[[6.436,48.57],[6.456,48.569],[6.466,48.558],[6.455,48.535],[6.429,48.525],[6.425,48.556],[6.436,48.57]]]}},{"type":"Feature","properties":{"code":"54386","nom":"Moriviller","departement":"54","region":"44","epci":"200067643"},"geometry":{"type":"Polygon","coordinates":[[[6.448,48.465],[6.44,48.463],[6.414,48.486],[6.434,48.495],[6.452,48.489],[6.461,48.488],[6.458,48.469],[6.448,48.465]]]}},{"type":"Feature","properties":{"code":"54387","nom":"Morville-sur-Seille","departement":"54","region":"44","epci":"200041515"},"geometry":{"type":"Polygon","coordinates":[[[6.147,48.933],[6.15,48.933],[6.165,48.914],[6.13,48.907],[6.128,48.919],[6.147,48.933]]]}},{"type":"Feature","properties":{"code":"54388","nom":"Mouacourt","departement":"54","region":"44","epci":"245400759"},"geometry":{"type":"Polygon","coordinates":[[[6.646,48.645],[6.646,48.645],[6.615,48.679],[6.618,48.688],[6.639,48.692],[6.659,48.673],[6.646,48.645]]]}},{"type":"Feature","properties":{"code":"54389","nom":"Mouaville","departement":"54","region":"44","epci":"200070845"},"geometry":{"type":"Polygon","coordinates":[[[5.766,49.198],[5.757,49.201],[5.762,49.226],[5.807,49.216],[5.783,49.199],[5.766,49.198]]]}},{"type":"Feature","properties":{"code":"54390","nom":"Mousson","departement":"54","region":"44","epci":"200041515"},"geometry":{"type":"Polygon","coordinates":[[[6.085,48.92],[6.107,48.914],[6.075,48.899],[6.085,48.92]]]}},{"type":"Feature","properties":{"code":"54391","nom":"Moutiers","departement":"54","region":"44","epci":"200070845"},"geometry":{"type":"Polygon","coordinates":[[[5.928,49.229],[5.928,49.239],[5.988,49.233],[5.976,49.232],[5.964,49.222],[5.928,49.229]]]}},{"type":"Feature","properties":{"code":"54392","nom":"Moutrot","departement":"54","region":"44","epci":"245400510"},"geometry":{"type":"Polygon","coordinates":[[[5.871,48.597],[5.875,48.608],[5.891,48.617],[5.926,48.601],[5.917,48.591],[5.871,48.597]]]}},{"type":"Feature","properties":{"code":"54393","nom":"Moyen","departement":"54","region":"44","epci":"200070324"},"geometry":{"type":"Polygon","coordinates":[[[6.635,48.471],[6.597,48.467],[6.554,48.465],[6.54,48.48],[6.563,48.511],[6.582,48.522],[6.617,48.491],[6.642,48.488],[6.651,48.475],[6.635,48.471]]]}},{"type":"Feature","properties":{"code":"54394","nom":"Murville","departement":"54","region":"44","epci":"200070290"},"geometry":{"type":"Polygon","coordinates":[[[5.82,49.331],[5.808,49.338],[5.828,49.353],[5.848,49.354],[5.852,49.347],[5.82,49.331]]]}},{"type":"Feature","properties":{"code":"54395","nom":"Nancy","departement":"54","region":"44","epci":"245400676"},"geometry":{"type":"Polygon","coordinates":[[[6.162,48.668],[6.161,48.679],[6.137,48.701],[6.18,48.709],[6.192,48.703],[6.204,48.699],[6.213,48.673],[6.194,48.672],[6.162,48.668]]]}},{"type":"Feature","properties":{"code":"54396","nom":"Neufmaisons","departement":"54","region":"44","epci":"200069433"},"geometry":{"type":"Polygon","coordinates":[[[6.918,48.435],[6.894,48.419],[6.855,48.433],[6.832,48.456],[6.828,48.464],[6.844,48.482],[6.88,48.452],[6.918,48.441],[6.921,48.439],[6.918,48.435]]]}},{"type":"Feature","properties":{"code":"54397","nom":"Neuves-Maisons","departement":"54","region":"44","epci":"245400171"},"geometry":{"type":"Polygon","coordinates":[[[6.089,48.617],[6.11,48.628],[6.128,48.618],[6.118,48.603],[6.111,48.6],[6.089,48.617]]]}},{"type":"Feature","properties":{"code":"54398","nom":"Neuviller-lès-Badonviller","departement":"54","region":"44","epci":"200069433"},"geometry":{"type":"Polygon","coordinates":[[[6.867,48.532],[6.9,48.528],[6.898,48.516],[6.866,48.511],[6.867,48.532]]]}},{"type":"Feature","properties":{"code":"54399","nom":"Neuviller-sur-Moselle","departement":"54","region":"44","epci":"200035772"},"geometry":{"type":"Polygon","coordinates":[[[6.294,48.502],[6.302,48.48],[6.283,48.473],[6.258,48.485],[6.288,48.506],[6.294,48.502]]]}},{"type":"Feature","properties":{"code":"54400","nom":"Nomeny","departement":"54","region":"44","epci":"200070589"},"geometry":{"type":"Polygon","coordinates":[[[6.217,48.845],[6.207,48.885],[6.206,48.891],[6.214,48.912],[6.226,48.912],[6.248,48.904],[6.256,48.872],[6.259,48.868],[6.245,48.849],[6.217,48.845]]]}},{"type":"Feature","properties":{"code":"54401","nom":"Nonhigny","departement":"54","region":"44","epci":"200069433"},"geometry":{"type":"Polygon","coordinates":[[[6.911,48.535],[6.868,48.543],[6.876,48.559],[6.906,48.555],[6.911,48.535]]]}},{"type":"Feature","properties":{"code":"54402","nom":"Norroy-le-Sec","departement":"54","region":"44","epci":"200070845"},"geometry":{"type":"Polygon","coordinates":[[[5.794,49.25],[5.794,49.26],[5.777,49.274],[5.798,49.298],[5.807,49.299],[5.815,49.299],[5.838,49.284],[5.831,49.269],[5.794,49.25]]]}},{"type":"Feature","properties":{"code":"54403","nom":"Norroy-lès-Pont-à-Mousson","departement":"54","region":"44","epci":"200041515"},"geometry":{"type":"Polygon","coordinates":[[[5.983,48.919],[5.983,48.929],[6.018,48.947],[6.042,48.942],[6.005,48.924],[5.989,48.916],[5.983,48.919]]]}},{"type":"Feature","properties":{"code":"54404","nom":"Noviant-aux-Prés","departement":"54","region":"44","epci":"200070563"},"geometry":{"type":"Polygon","coordinates":[[[5.867,48.862],[5.873,48.864],[5.88,48.863],[5.928,48.856],[5.884,48.828],[5.865,48.828],[5.861,48.839],[5.867,48.862]]]}},{"type":"Feature","properties":{"code":"54405","nom":"Ochey","departement":"54","region":"44","epci":"245400510"},"geometry":{"type":"Polygon","coordinates":[[[5.99,48.615],[5.976,48.603],[5.945,48.564],[5.918,48.577],[5.917,48.591],[5.926,48.601],[5.986,48.627],[5.99,48.615]]]}},{"type":"Feature","properties":{"code":"54406","nom":"Ogéviller","departement":"54","region":"44","epci":"200069433"},"geometry":{"type":"Polygon","coordinates":[[[6.693,48.553],[6.725,48.564],[6.732,48.545],[6.715,48.542],[6.693,48.553]]]}},{"type":"Feature","properties":{"code":"54407","nom":"Ognéville","departement":"54","region":"44","epci":"200035772"},"geometry":{"type":"Polygon","coordinates":[[[6.067,48.465],[6.044,48.464],[6.041,48.465],[6.036,48.467],[6.065,48.484],[6.071,48.482],[6.075,48.474],[6.067,48.465]]]}},{"type":"Feature","properties":{"code":"54408","nom":"Olley","departement":"54","region":"44","epci":"200070845"},"geometry":{"type":"Polygon","coordinates":[[[5.759,49.149],[5.746,49.157],[5.766,49.198],[5.783,49.199],[5.784,49.188],[5.782,49.16],[5.759,49.149]]]}},{"type":"Feature","properties":{"code":"54409","nom":"Omelmont","departement":"54","region":"44","epci":"200035772"},"geometry":{"type":"Polygon","coordinates":[[[6.124,48.509],[6.137,48.494],[6.134,48.486],[6.121,48.482],[6.099,48.497],[6.124,48.509]]]}},{"type":"Feature","properties":{"code":"54410","nom":"Onville","departement":"54","region":"44","epci":"200070738"},"geometry":{"type":"Polygon","coordinates":[[[5.943,49.039],[5.958,49.048],[5.985,49.042],[5.981,49.016],[5.988,48.995],[5.969,48.988],[5.965,48.992],[5.962,49.012],[5.943,49.039]]]}},{"type":"Feature","properties":{"code":"54411","nom":"Ormes-et-Ville","departement":"54","region":"44","epci":"200035772"},"geometry":{"type":"Polygon","coordinates":[[[6.216,48.474],[6.169,48.477],[6.167,48.5],[6.212,48.498],[6.231,48.501],[6.243,48.483],[6.216,48.474]]]}},{"type":"Feature","properties":{"code":"54413","nom":"Ozerailles","departement":"54","region":"44","epci":"200070845"},"geometry":{"type":"Polygon","coordinates":[[[5.824,49.211],[5.828,49.223],[5.836,49.238],[5.867,49.237],[5.848,49.213],[5.824,49.211]]]}},{"type":"Feature","properties":{"code":"54414","nom":"Pagney-derrière-Barine","departement":"54","region":"44","epci":"200070563"},"geometry":{"type":"Polygon","coordinates":[[[5.861,48.688],[5.822,48.702],[5.857,48.701],[5.876,48.715],[5.861,48.688]]]}},{"type":"Feature","properties":{"code":"54415","nom":"Pagny-sur-Moselle","departement":"54","region":"44","epci":"200041515"},"geometry":{"type":"Polygon","coordinates":[[[6.02,48.975],[5.969,48.988],[5.988,48.995],[6.012,49],[6.043,49.002],[6.043,48.977],[6.042,48.976],[6.02,48.975]]]}},{"type":"Feature","properties":{"code":"54416","nom":"Pannes","departement":"54","region":"44","epci":"200070738"},"geometry":{"type":"Polygon","coordinates":[[[5.8,48.946],[5.817,48.943],[5.834,48.934],[5.829,48.919],[5.813,48.929],[5.757,48.913],[5.753,48.913],[5.747,48.916],[5.779,48.925],[5.8,48.946]]]}},{"type":"Feature","properties":{"code":"54417","nom":"Parey-Saint-Césaire","departement":"54","region":"44","epci":"200035772"},"geometry":{"type":"Polygon","coordinates":[[[6.061,48.515],[6.037,48.516],[6.04,48.524],[6.08,48.544],[6.085,48.529],[6.066,48.519],[6.061,48.515]]]}},{"type":"Feature","properties":{"code":"54418","nom":"Parroy","departement":"54","region":"44","epci":"245400759"},"geometry":{"type":"Polygon","coordinates":[[[6.608,48.64],[6.572,48.687],[6.59,48.706],[6.591,48.706],[6.618,48.688],[6.615,48.679],[6.646,48.645],[6.608,48.64]]]}},{"type":"Feature","properties":{"code":"54419","nom":"Parux","departement":"54","region":"44","epci":"200069433"},"geometry":{"type":"Polygon","coordinates":[[[6.914,48.53],[6.911,48.535],[6.906,48.555],[6.916,48.556],[6.938,48.535],[6.939,48.535],[6.914,48.53]]]}},{"type":"Feature","properties":{"code":"54421","nom":"Petitmont","departement":"54","region":"44","epci":"200069433"},"geometry":{"type":"Polygon","coordinates":[[[7.065,48.525],[7.014,48.527],[6.984,48.543],[6.938,48.535],[6.916,48.556],[6.92,48.569],[6.951,48.57],[6.966,48.548],[7.01,48.549],[7.065,48.525]]]}},{"type":"Feature","properties":{"code":"54422","nom":"Pettonville","departement":"54","region":"44","epci":"200070324"},"geometry":{"type":"Polygon","coordinates":[[[6.748,48.54],[6.761,48.536],[6.761,48.534],[6.748,48.517],[6.724,48.529],[6.748,48.54]]]}},{"type":"Feature","properties":{"code":"54423","nom":"Pexonne","departement":"54","region":"44","epci":"200069433"},"geometry":{"type":"Polygon","coordinates":[[[6.844,48.482],[6.843,48.488],[6.851,48.492],[6.901,48.471],[6.918,48.463],[6.918,48.441],[6.88,48.452],[6.844,48.482]]]}},{"type":"Feature","properties":{"code":"54424","nom":"Phlin","departement":"54","region":"44","epci":"200070589"},"geometry":{"type":"Polygon","coordinates":[[[6.288,48.916],[6.279,48.905],[6.262,48.909],[6.277,48.928],[6.288,48.928],[6.288,48.916]]]}},{"type":"Feature","properties":{"code":"54425","nom":"Piennes","departement":"54","region":"44","epci":"200070290"},"geometry":{"type":"Polygon","coordinates":[[[5.768,49.3],[5.763,49.314],[5.785,49.318],[5.807,49.299],[5.798,49.298],[5.768,49.3]]]}},{"type":"Feature","properties":{"code":"54426","nom":"Pierre-la-Treiche","departement":"54","region":"44","epci":"200070563"},"geometry":{"type":"Polygon","coordinates":[[[5.898,48.648],[5.956,48.648],[6.007,48.656],[5.985,48.627],[5.917,48.636],[5.898,48.648]]]}},{"type":"Feature","properties":{"code":"54427","nom":"Pierre-Percée","departement":"54","region":"44","epci":"200071066"},"geometry":{"type":"Polygon","coordinates":[[[6.965,48.472],[6.921,48.439],[6.918,48.441],[6.918,48.463],[6.956,48.484],[6.963,48.479],[6.965,48.472]]]}},{"type":"Feature","properties":{"code":"54429","nom":"Pierreville","departement":"54","region":"44","epci":"245400171"},"geometry":{"type":"Polygon","coordinates":[[[6.127,48.546],[6.109,48.536],[6.095,48.549],[6.116,48.561],[6.123,48.551],[6.127,48.546]]]}},{"type":"Feature","properties":{"code":"54430","nom":"Pompey","departement":"54","region":"44","epci":"245400601"},"geometry":{"type":"Polygon","coordinates":[[[6.127,48.787],[6.141,48.78],[6.115,48.761],[6.075,48.77],[6.127,48.787]]]}},{"type":"Feature","properties":{"code":"54431","nom":"Pont-à-Mousson","departement":"54","region":"44","epci":"200041515"},"geometry":{"type":"Polygon","coordinates":[[[6.079,48.953],[6.089,48.942],[6.085,48.92],[6.075,48.899],[6.063,48.891],[6.047,48.891],[6.038,48.903],[6.005,48.924],[6.042,48.942],[6.063,48.949],[6.079,48.953]]]}},{"type":"Feature","properties":{"code":"54432","nom":"Pont-Saint-Vincent","departement":"54","region":"44","epci":"245400171"},"geometry":{"type":"Polygon","coordinates":[[[6.111,48.6],[6.107,48.596],[6.061,48.607],[6.022,48.621],[6.072,48.617],[6.089,48.617],[6.111,48.6]]]}},{"type":"Feature","properties":{"code":"54433","nom":"Port-sur-Seille","departement":"54","region":"44","epci":"200041515"},"geometry":{"type":"Polygon","coordinates":[[[6.186,48.906],[6.188,48.903],[6.153,48.881],[6.152,48.883],[6.13,48.907],[6.165,48.914],[6.186,48.906]]]}},{"type":"Feature","properties":{"code":"54434","nom":"Praye","departement":"54","region":"44","epci":"200035772"},"geometry":{"type":"Polygon","coordinates":[[[6.117,48.42],[6.107,48.419],[6.085,48.436],[6.085,48.445],[6.126,48.452],[6.142,48.448],[6.14,48.442],[6.117,48.42]]]}},{"type":"Feature","properties":{"code":"54435","nom":"Prény","departement":"54","region":"44","epci":"200070738"},"geometry":{"type":"Polygon","coordinates":[[[6.02,48.975],[5.984,48.958],[5.955,48.964],[5.93,48.957],[5.92,48.959],[5.915,48.974],[5.921,48.978],[5.935,48.976],[5.965,48.992],[5.969,48.988],[6.02,48.975]]]}},{"type":"Feature","properties":{"code":"54436","nom":"Preutin-Higny","departement":"54","region":"44","epci":"200070290"},"geometry":{"type":"Polygon","coordinates":[[[5.808,49.338],[5.789,49.333],[5.77,49.34],[5.793,49.364],[5.828,49.353],[5.808,49.338]]]}},{"type":"Feature","properties":{"code":"54437","nom":"Pulligny","departement":"54","region":"44","epci":"245400171"},"geometry":{"type":"Polygon","coordinates":[[[6.176,48.55],[6.146,48.532],[6.127,48.546],[6.123,48.551],[6.154,48.569],[6.176,48.55]]]}},{"type":"Feature","properties":{"code":"54438","nom":"Pulney","departement":"54","region":"44","epci":"245400510"},"geometry":{"type":"Polygon","coordinates":[[[6.029,48.406],[6.041,48.403],[6.044,48.397],[6.048,48.387],[6.041,48.382],[6.023,48.375],[6.021,48.394],[6.029,48.406]]]}},{"type":"Feature","properties":{"code":"54439","nom":"Pulnoy","departement":"54","region":"44","epci":"245400676"},"geometry":{"type":"Polygon","coordinates":[[[6.285,48.699],[6.284,48.696],[6.283,48.694],[6.249,48.701],[6.25,48.712],[6.275,48.707],[6.285,48.699]]]}},{"type":"Feature","properties":{"code":"54440","nom":"Puxe","departement":"54","region":"44","epci":"200070845"},"geometry":{"type":"Polygon","coordinates":[[[5.811,49.151],[5.8,49.147],[5.772,49.14],[5.756,49.143],[5.759,49.149],[5.782,49.16],[5.812,49.162],[5.811,49.151]]]}},{"type":"Feature","properties":{"code":"54441","nom":"Puxieux","departement":"54","region":"44","epci":"200070738"},"geometry":{"type":"Polygon","coordinates":[[[5.898,49.083],[5.907,49.072],[5.878,49.063],[5.864,49.072],[5.86,49.076],[5.898,49.083]]]}},{"type":"Feature","properties":{"code":"54442","nom":"Quevilloncourt","departement":"54","region":"44","epci":"200035772"},"geometry":{"type":"Polygon","coordinates":[[[6.118,48.473],[6.121,48.465],[6.087,48.47],[6.118,48.473]]]}},{"type":"Feature","properties":{"code":"54443","nom":"Raon-lès-Leau","departement":"54","region":"44","epci":"200071066"},"geometry":{"type":"Polygon","coordinates":[[[7.123,48.514],[7.084,48.508],[7.081,48.513],[7.123,48.514]]]}},{"type":"Feature","properties":{"code":"54444","nom":"Raucourt","departement":"54","region":"44","epci":"200070589"},"geometry":{"type":"Polygon","coordinates":[[[6.206,48.938],[6.206,48.939],[6.237,48.925],[6.226,48.912],[6.214,48.912],[6.206,48.911],[6.206,48.938]]]}},{"type":"Feature","properties":{"code":"54445","nom":"Raville-sur-Sânon","departement":"54","region":"44","epci":"245400759"},"geometry":{"type":"Polygon","coordinates":[[[6.518,48.663],[6.525,48.655],[6.515,48.643],[6.503,48.641],[6.518,48.663]]]}},{"type":"Feature","properties":{"code":"54446","nom":"Réchicourt-la-Petite","departement":"54","region":"44","epci":"245400759"},"geometry":{"type":"Polygon","coordinates":[[[6.567,48.725],[6.589,48.732],[6.59,48.732],[6.599,48.716],[6.591,48.706],[6.59,48.706],[6.559,48.707],[6.567,48.725]]]}},{"type":"Feature","properties":{"code":"54447","nom":"Réclonville","departement":"54","region":"44","epci":"200069433"},"geometry":{"type":"Polygon","coordinates":[[[6.732,48.545],[6.748,48.54],[6.724,48.529],[6.715,48.527],[6.715,48.542],[6.732,48.545]]]}},{"type":"Feature","properties":{"code":"54449","nom":"Rehainviller","departement":"54","region":"44","epci":"200070324"},"geometry":{"type":"Polygon","coordinates":[[[6.488,48.575],[6.484,48.552],[6.466,48.558],[6.456,48.569],[6.469,48.579],[6.488,48.575]]]}},{"type":"Feature","properties":{"code":"54450","nom":"Reherrey","departement":"54","region":"44","epci":"200070324"},"geometry":{"type":"Polygon","coordinates":[[[6.773,48.523],[6.784,48.518],[6.795,48.5],[6.774,48.497],[6.755,48.508],[6.773,48.523]]]}},{"type":"Feature","properties":{"code":"54452","nom":"Reillon","departement":"54","region":"44","epci":"200069433"},"geometry":{"type":"Polygon","coordinates":[[[6.738,48.609],[6.754,48.611],[6.759,48.597],[6.756,48.589],[6.728,48.591],[6.716,48.59],[6.738,48.609]]]}},{"type":"Feature","properties":{"code":"54453","nom":"Rembercourt-sur-Mad","departement":"54","region":"44","epci":"200070738"},"geometry":{"type":"Polygon","coordinates":[[[5.917,49],[5.921,48.978],[5.915,48.974],[5.884,48.982],[5.904,48.998],[5.917,49]]]}},{"type":"Feature","properties":{"code":"54455","nom":"Remenoville","departement":"54","region":"44","epci":"200067643"},"geometry":{"type":"Polygon","coordinates":[[[6.46,48.451],[6.448,48.465],[6.458,48.469],[6.494,48.476],[6.497,48.457],[6.494,48.454],[6.475,48.448],[6.46,48.451]]]}},{"type":"Feature","properties":{"code":"54456","nom":"Réméréville","departement":"54","region":"44","epci":"200070589"},"geometry":{"type":"Polygon","coordinates":[[[6.415,48.72],[6.415,48.705],[6.372,48.688],[6.36,48.693],[6.345,48.706],[6.34,48.711],[6.372,48.725],[6.407,48.724],[6.415,48.72]]]}},{"type":"Feature","properties":{"code":"54457","nom":"Remoncourt","departement":"54","region":"44","epci":"200069433"},"geometry":{"type":"Polygon","coordinates":[[[6.755,48.67],[6.763,48.655],[6.764,48.652],[6.727,48.641],[6.726,48.665],[6.755,48.67]]]}},{"type":"Feature","properties":{"code":"54458","nom":"Repaix","departement":"54","region":"44","epci":"200069433"},"geometry":{"type":"Polygon","coordinates":[[[6.847,48.604],[6.824,48.599],[6.822,48.6],[6.812,48.621],[6.834,48.627],[6.847,48.604]]]}},{"type":"Feature","properties":{"code":"54459","nom":"Richardménil","departement":"54","region":"44","epci":"245400171"},"geometry":{"type":"Polygon","coordinates":[[[6.197,48.606],[6.199,48.597],[6.164,48.582],[6.156,48.602],[6.174,48.609],[6.197,48.606]]]}},{"type":"Feature","properties":{"code":"54460","nom":"Rogéville","departement":"54","region":"44","epci":"200041515"},"geometry":{"type":"Polygon","coordinates":[[[5.969,48.798],[5.964,48.797],[5.96,48.815],[5.968,48.833],[5.987,48.833],[5.995,48.806],[5.969,48.798]]]}},{"type":"Feature","properties":{"code":"54461","nom":"Romain","departement":"54","region":"44","epci":"200067643"},"geometry":{"type":"Polygon","coordinates":[[[6.36,48.533],[6.371,48.524],[6.351,48.508],[6.341,48.522],[6.36,48.533]]]}},{"type":"Feature","properties":{"code":"54462","nom":"Rosières-aux-Salines","departement":"54","region":"44","epci":"245400189"},"geometry":{"type":"Polygon","coordinates":[[[6.403,48.583],[6.379,48.576],[6.326,48.574],[6.308,48.57],[6.279,48.569],[6.297,48.599],[6.318,48.625],[6.334,48.624],[6.338,48.609],[6.374,48.6],[6.395,48.588],[6.403,48.583]]]}},{"type":"Feature","properties":{"code":"54463","nom":"Rosières-en-Haye","departement":"54","region":"44","epci":"200041515"},"geometry":{"type":"Polygon","coordinates":[[[6.008,48.804],[6.019,48.78],[5.997,48.77],[5.974,48.777],[5.961,48.79],[5.969,48.798],[5.995,48.806],[6.008,48.804]]]}},{"type":"Feature","properties":{"code":"54464","nom":"Rouves","departement":"54","region":"44","epci":"200070589"},"geometry":{"type":"Polygon","coordinates":[[[6.188,48.903],[6.186,48.906],[6.206,48.911],[6.214,48.912],[6.206,48.891],[6.188,48.903]]]}},{"type":"Feature","properties":{"code":"54465","nom":"Roville-devant-Bayon","departement":"54","region":"44","epci":"200035772"},"geometry":{"type":"Polygon","coordinates":[[[6.309,48.466],[6.306,48.456],[6.276,48.458],[6.283,48.473],[6.302,48.48],[6.309,48.466]]]}},{"type":"Feature","properties":{"code":"54466","nom":"Royaumeix","departement":"54","region":"44","epci":"200070563"},"geometry":{"type":"Polygon","coordinates":[[[5.797,48.747],[5.79,48.748],[5.774,48.767],[5.776,48.79],[5.778,48.8],[5.79,48.803],[5.802,48.795],[5.825,48.811],[5.85,48.81],[5.884,48.788],[5.888,48.78],[5.864,48.775],[5.85,48.799],[5.82,48.774],[5.797,48.747]]]}},{"type":"Feature","properties":{"code":"54467","nom":"Rozelieures","departement":"54","region":"44","epci":"200067643"},"geometry":{"type":"Polygon","coordinates":[[[6.448,48.465],[6.46,48.451],[6.443,48.437],[6.417,48.423],[6.403,48.434],[6.414,48.456],[6.44,48.463],[6.448,48.465]]]}},{"type":"Feature","properties":{"code":"54468","nom":"Saffais","departement":"54","region":"44","epci":"245400189"},"geometry":{"type":"Polygon","coordinates":[[[6.328,48.553],[6.324,48.545],[6.314,48.545],[6.308,48.57],[6.326,48.574],[6.328,48.553]]]}},{"type":"Feature","properties":{"code":"54469","nom":"Saint-Ail","departement":"54","region":"44","epci":"200070845"},"geometry":{"type":"Polygon","coordinates":[[[6.031,49.168],[6.011,49.153],[5.999,49.156],[5.99,49.162],[5.985,49.185],[6.031,49.168]]]}},{"type":"Feature","properties":{"code":"54470","nom":"Saint-Baussant","departement":"54","region":"44","epci":"200070738"},"geometry":{"type":"Polygon","coordinates":[[[5.787,48.878],[5.757,48.91],[5.825,48.894],[5.825,48.879],[5.787,48.878]]]}},{"type":"Feature","properties":{"code":"54471","nom":"Saint-Boingt","departement":"54","region":"44","epci":"200067643"},"geometry":{"type":"Polygon","coordinates":[[[6.448,48.415],[6.401,48.395],[6.417,48.423],[6.443,48.437],[6.453,48.433],[6.448,48.415]]]}},{"type":"Feature","properties":{"code":"54472","nom":"Saint-Clément","departement":"54","region":"44","epci":"200070324"},"geometry":{"type":"Polygon","coordinates":[[[6.65,48.535],[6.648,48.534],[6.615,48.521],[6.583,48.523],[6.576,48.535],[6.603,48.556],[6.613,48.569],[6.633,48.568],[6.667,48.547],[6.65,48.535]]]}},{"type":"Feature","properties":{"code":"54473","nom":"Saint-Firmin","departement":"54","region":"44","epci":"200035772"},"geometry":{"type":"Polygon","coordinates":[[[6.149,48.408],[6.147,48.408],[6.136,48.409],[6.117,48.42],[6.14,48.442],[6.154,48.423],[6.149,48.408]]]}},{"type":"Feature","properties":{"code":"54474","nom":"Sainte-Geneviève","departement":"54","region":"44","epci":"200041515"},"geometry":{"type":"Polygon","coordinates":[[[6.126,48.856],[6.123,48.857],[6.12,48.878],[6.152,48.883],[6.153,48.881],[6.164,48.874],[6.129,48.855],[6.126,48.856]]]}},{"type":"Feature","properties":{"code":"54475","nom":"Saint-Germain","departement":"54","region":"44","epci":"200067643"},"geometry":{"type":"Polygon","coordinates":[[[6.354,48.404],[6.336,48.405],[6.337,48.438],[6.353,48.442],[6.362,48.407],[6.354,48.404]]]}},{"type":"Feature","properties":{"code":"54477","nom":"Saint-Julien-lès-Gorze","departement":"54","region":"44","epci":"200070738"},"geometry":{"type":"Polygon","coordinates":[[[5.88,49.01],[5.877,49.019],[5.891,49.038],[5.931,49.033],[5.917,49],[5.904,48.998],[5.88,49.01]]]}},{"type":"Feature","properties":{"code":"54478","nom":"Saint-Marcel","departement":"54","region":"44","epci":"200070845"},"geometry":{"type":"Polygon","coordinates":[[[6.002,49.116],[6.006,49.113],[5.948,49.109],[5.958,49.134],[5.957,49.143],[5.984,49.142],[6.002,49.116]]]}},{"type":"Feature","properties":{"code":"54479","nom":"Saint-Mard","departement":"54","region":"44","epci":"200067643"},"geometry":{"type":"Polygon","coordinates":[[[6.283,48.509],[6.283,48.514],[6.314,48.51],[6.317,48.506],[6.294,48.502],[6.288,48.506],[6.283,48.509]]]}},{"type":"Feature","properties":{"code":"54480","nom":"Saint-Martin","departement":"54","region":"44","epci":"200069433"},"geometry":{"type":"Polygon","coordinates":[[[6.758,48.585],[6.769,48.575],[6.766,48.566],[6.725,48.565],[6.723,48.567],[6.758,48.585]]]}},{"type":"Feature","properties":{"code":"54481","nom":"Saint-Maurice-aux-Forges","departement":"54","region":"44","epci":"200069433"},"geometry":{"type":"Polygon","coordinates":[[[6.863,48.496],[6.857,48.495],[6.84,48.515],[6.861,48.509],[6.863,48.496]]]}},{"type":"Feature","properties":{"code":"54482","nom":"Saint-Max","departement":"54","region":"44","epci":"245400676"},"geometry":{"type":"Polygon","coordinates":[[[6.192,48.703],[6.207,48.716],[6.215,48.71],[6.215,48.699],[6.204,48.699],[6.192,48.703]]]}},{"type":"Feature","properties":{"code":"54483","nom":"Saint-Nicolas-de-Port","departement":"54","region":"44","epci":"245400189"},"geometry":{"type":"Polygon","coordinates":[[[6.271,48.628],[6.286,48.637],[6.318,48.625],[6.297,48.599],[6.288,48.6],[6.277,48.618],[6.271,48.628]]]}},{"type":"Feature","properties":{"code":"54484","nom":"Sainte-Pôle","departement":"54","region":"44","epci":"200069433"},"geometry":{"type":"Polygon","coordinates":[[[6.817,48.522],[6.84,48.515],[6.857,48.495],[6.851,48.492],[6.843,48.488],[6.817,48.499],[6.817,48.522]]]}},{"type":"Feature","properties":{"code":"54486","nom":"Saint-Remimont","departement":"54","region":"44","epci":"200035772"},"geometry":{"type":"Polygon","coordinates":[[[6.283,48.509],[6.288,48.506],[6.258,48.485],[6.247,48.482],[6.243,48.483],[6.231,48.501],[6.25,48.511],[6.283,48.509]]]}},{"type":"Feature","properties":{"code":"54487","nom":"Saint-Rémy-aux-Bois","departement":"54","region":"44","epci":"200067643"},"geometry":{"type":"Polygon","coordinates":[[[6.401,48.395],[6.384,48.395],[6.384,48.4],[6.364,48.408],[6.391,48.438],[6.403,48.434],[6.417,48.423],[6.401,48.395]]]}},{"type":"Feature","properties":{"code":"54488","nom":"Saint-Sauveur","departement":"54","region":"44","epci":"200069433"},"geometry":{"type":"Polygon","coordinates":[[[7.023,48.504],[6.941,48.528],[6.939,48.535],[6.938,48.535],[6.984,48.543],[7.014,48.527],[7.065,48.525],[7.065,48.524],[7.077,48.516],[7.023,48.504]]]}},{"type":"Feature","properties":{"code":"54490","nom":"Saizerais","departement":"54","region":"44","epci":"245400601"},"geometry":{"type":"Polygon","coordinates":[[[6.027,48.812],[6.06,48.809],[6.067,48.802],[6.067,48.776],[6.039,48.767],[6.019,48.78],[6.008,48.804],[6.027,48.812]]]}},{"type":"Feature","properties":{"code":"54491","nom":"Sancy","departement":"54","region":"44","epci":"200070290"},"geometry":{"type":"Polygon","coordinates":[[[5.943,49.341],[5.915,49.333],[5.911,49.331],[5.896,49.347],[5.919,49.372],[5.925,49.373],[5.956,49.362],[5.978,49.345],[5.943,49.341]]]}},{"type":"Feature","properties":{"code":"54492","nom":"Sanzey","departement":"54","region":"44","epci":"200070563"},"geometry":{"type":"Polygon","coordinates":[[[5.846,48.758],[5.828,48.765],[5.797,48.747],[5.797,48.747],[5.82,48.774],[5.846,48.758]]]}},{"type":"Feature","properties":{"code":"54494","nom":"Saulxerotte","departement":"54","region":"44","epci":"245400510"},"geometry":{"type":"Polygon","coordinates":[[[5.926,48.48],[5.954,48.476],[5.932,48.465],[5.919,48.481],[5.926,48.48]]]}},{"type":"Feature","properties":{"code":"54495","nom":"Saulxures-lès-Nancy","departement":"54","region":"44","epci":"245400676"},"geometry":{"type":"Polygon","coordinates":[[[6.283,48.694],[6.274,48.68],[6.236,48.672],[6.238,48.697],[6.249,48.701],[6.283,48.694]]]}},{"type":"Feature","properties":{"code":"54496","nom":"Saulxures-lès-Vannes","departement":"54","region":"44","epci":"245400510"},"geometry":{"type":"Polygon","coordinates":[[[5.836,48.501],[5.811,48.498],[5.764,48.516],[5.761,48.522],[5.777,48.541],[5.79,48.542],[5.825,48.533],[5.838,48.505],[5.836,48.501]]]}},{"type":"Feature","properties":{"code":"54497","nom":"Saxon-Sion","departement":"54","region":"44","epci":"200035772"},"geometry":{"type":"Polygon","coordinates":[[[6.065,48.405],[6.067,48.408],[6.071,48.431],[6.085,48.436],[6.107,48.419],[6.095,48.402],[6.072,48.404],[6.065,48.405]]]}},{"type":"Feature","properties":{"code":"54498","nom":"Seichamps","departement":"54","region":"44","epci":"245400676"},"geometry":{"type":"Polygon","coordinates":[[[6.25,48.718],[6.261,48.722],[6.275,48.725],[6.275,48.707],[6.25,48.712],[6.25,48.718]]]}},{"type":"Feature","properties":{"code":"54499","nom":"Seicheprey","departement":"54","region":"44","epci":"200070738"},"geometry":{"type":"Polygon","coordinates":[[[5.778,48.876],[5.787,48.878],[5.825,48.879],[5.824,48.87],[5.817,48.861],[5.81,48.86],[5.776,48.856],[5.769,48.86],[5.765,48.873],[5.778,48.876]]]}},{"type":"Feature","properties":{"code":"54500","nom":"Selaincourt","departement":"54","region":"44","epci":"245400510"},"geometry":{"type":"Polygon","coordinates":[[[5.904,48.483],[5.899,48.485],[5.907,48.495],[5.916,48.497],[5.997,48.515],[5.989,48.505],[5.934,48.484],[5.926,48.48],[5.919,48.481],[5.904,48.483]]]}},{"type":"Feature","properties":{"code":"54501","nom":"Seranville","departement":"54","region":"44","epci":"200067643"},"geometry":{"type":"Polygon","coordinates":[[[6.494,48.454],[6.497,48.457],[6.532,48.468],[6.535,48.449],[6.508,48.451],[6.494,48.454]]]}},{"type":"Feature","properties":{"code":"54502","nom":"Serres","departement":"54","region":"44","epci":"245400759"},"geometry":{"type":"Polygon","coordinates":[[[6.45,48.712],[6.487,48.695],[6.471,48.679],[6.447,48.667],[6.432,48.67],[6.424,48.687],[6.425,48.694],[6.45,48.712]]]}},{"type":"Feature","properties":{"code":"54505","nom":"Sexey-aux-Forges","departement":"54","region":"44","epci":"245400171"},"geometry":{"type":"Polygon","coordinates":[[[6.053,48.622],[6.072,48.617],[6.022,48.621],[5.993,48.616],[5.99,48.615],[5.986,48.627],[5.985,48.627],[6.007,48.656],[6.004,48.659],[6.017,48.662],[6.036,48.653],[6.053,48.622]]]}},{"type":"Feature","properties":{"code":"54507","nom":"Sionviller","departement":"54","region":"44","epci":"245400759"},"geometry":{"type":"Polygon","coordinates":[[[6.574,48.631],[6.537,48.622],[6.524,48.621],[6.521,48.635],[6.574,48.631]]]}},{"type":"Feature","properties":{"code":"54508","nom":"Sivry","departement":"54","region":"44","epci":"200070589"},"geometry":{"type":"Polygon","coordinates":[[[6.199,48.813],[6.188,48.815],[6.212,48.842],[6.231,48.833],[6.226,48.826],[6.199,48.813]]]}},{"type":"Feature","properties":{"code":"54509","nom":"Sommerviller","departement":"54","region":"44","epci":"245400189"},"geometry":{"type":"Polygon","coordinates":[[[6.36,48.641],[6.377,48.65],[6.389,48.625],[6.384,48.622],[6.36,48.641]]]}},{"type":"Feature","properties":{"code":"54510","nom":"Sornéville","departement":"54","region":"44","epci":"200070589"},"geometry":{"type":"Polygon","coordinates":[[[6.442,48.739],[6.415,48.72],[6.407,48.724],[6.391,48.742],[6.395,48.753],[6.444,48.756],[6.442,48.739]]]}},{"type":"Feature","properties":{"code":"54511","nom":"Sponville","departement":"54","region":"44","epci":"200070738"},"geometry":{"type":"Polygon","coordinates":[[[5.86,49.076],[5.864,49.072],[5.836,49.066],[5.806,49.064],[5.808,49.076],[5.819,49.086],[5.854,49.086],[5.86,49.076]]]}},{"type":"Feature","properties":{"code":"54512","nom":"Tanconville","departement":"54","region":"44","epci":"200069433"},"geometry":{"type":"Polygon","coordinates":[[[6.912,48.603],[6.94,48.615],[6.961,48.608],[6.96,48.605],[6.934,48.594],[6.912,48.603]]]}},{"type":"Feature","properties":{"code":"54513","nom":"Tantonville","departement":"54","region":"44","epci":"200035772"},"geometry":{"type":"Polygon","coordinates":[[[6.126,48.452],[6.121,48.465],[6.118,48.473],[6.121,48.482],[6.134,48.486],[6.157,48.475],[6.146,48.448],[6.142,48.448],[6.126,48.452]]]}},{"type":"Feature","properties":{"code":"54515","nom":"Thélod","departement":"54","region":"44","epci":"245400171"},"geometry":{"type":"Polygon","coordinates":[[[6.054,48.562],[6.061,48.562],[6.087,48.547],[6.08,48.544],[6.04,48.524],[6.023,48.529],[6.029,48.55],[6.054,48.562]]]}},{"type":"Feature","properties":{"code":"54516","nom":"They-sous-Vaudemont","departement":"54","region":"44","epci":"200035772"},"geometry":{"type":"Polygon","coordinates":[[[6.067,48.408],[6.065,48.405],[6.044,48.397],[6.041,48.403],[6.05,48.408],[6.067,48.408]]]}},{"type":"Feature","properties":{"code":"54517","nom":"Thézey-Saint-Martin","departement":"54","region":"44","epci":"200070589"},"geometry":{"type":"Polygon","coordinates":[[[6.279,48.905],[6.288,48.916],[6.311,48.921],[6.328,48.905],[6.326,48.896],[6.297,48.883],[6.286,48.891],[6.279,48.905]]]}},{"type":"Feature","properties":{"code":"54518","nom":"Thiaucourt-Regniéville","departement":"54","region":"44","epci":"200070738"},"geometry":{"type":"MultiPolygon","coordinates":[[[[5.95,48.917],[5.938,48.893],[5.907,48.926],[5.939,48.928],[5.95,48.917]]],[[[5.847,48.952],[5.849,48.961],[5.867,48.967],[5.907,48.952],[5.882,48.925],[5.874,48.935],[5.847,48.952]]]]}},{"type":"Feature","properties":{"code":"54519","nom":"Thiaville-sur-Meurthe","departement":"54","region":"44","epci":"200070324"},"geometry":{"type":"Polygon","coordinates":[[[6.796,48.418],[6.828,48.416],[6.815,48.395],[6.78,48.402],[6.796,48.418]]]}},{"type":"Feature","properties":{"code":"54520","nom":"Thiébauménil","departement":"54","region":"44","epci":"200070324"},"geometry":{"type":"Polygon","coordinates":[[[6.644,48.596],[6.644,48.596],[6.638,48.578],[6.633,48.568],[6.613,48.569],[6.607,48.572],[6.644,48.596]]]}},{"type":"Feature","properties":{"code":"54522","nom":"Thorey-Lyautey","departement":"54","region":"44","epci":"200035772"},"geometry":{"type":"Polygon","coordinates":[[[6.041,48.465],[6.044,48.464],[6.05,48.448],[6.049,48.435],[6.042,48.431],[6.019,48.435],[6.01,48.44],[6.01,48.445],[6.041,48.465]]]}},{"type":"Feature","properties":{"code":"54523","nom":"Thuilley-aux-Groseilles","departement":"54","region":"44","epci":"245400510"},"geometry":{"type":"Polygon","coordinates":[[[5.976,48.603],[5.995,48.569],[5.974,48.562],[5.956,48.557],[5.945,48.564],[5.976,48.603]]]}},{"type":"Feature","properties":{"code":"54524","nom":"Thumeréville","departement":"54","region":"44","epci":"200070845"},"geometry":{"type":"Polygon","coordinates":[[[5.828,49.223],[5.824,49.211],[5.816,49.191],[5.807,49.19],[5.784,49.188],[5.783,49.199],[5.807,49.216],[5.828,49.223]]]}},{"type":"Feature","properties":{"code":"54526","nom":"Tomblaine","departement":"54","region":"44","epci":"245400676"},"geometry":{"type":"Polygon","coordinates":[[[6.22,48.673],[6.213,48.673],[6.204,48.699],[6.215,48.699],[6.238,48.697],[6.236,48.672],[6.224,48.671],[6.22,48.673]]]}},{"type":"Feature","properties":{"code":"54527","nom":"Tonnoy","departement":"54","region":"44","epci":"245400189"},"geometry":{"type":"Polygon","coordinates":[[[6.273,48.576],[6.279,48.569],[6.288,48.54],[6.262,48.534],[6.261,48.534],[6.228,48.558],[6.227,48.561],[6.273,48.576]]]}},{"type":"Feature","properties":{"code":"54528","nom":"Toul","departement":"54","region":"44","epci":"200070563"},"geometry":{"type":"Polygon","coordinates":[[[5.897,48.652],[5.891,48.648],[5.868,48.636],[5.857,48.63],[5.855,48.636],[5.866,48.665],[5.861,48.688],[5.876,48.715],[5.887,48.72],[5.904,48.726],[5.934,48.726],[5.941,48.7],[5.929,48.684],[5.897,48.669],[5.897,48.652]]]}},{"type":"Feature","properties":{"code":"54529","nom":"Tramont-Émy","departement":"54","region":"44","epci":"245400510"},"geometry":{"type":"Polygon","coordinates":[[[5.95,48.397],[5.941,48.401],[5.943,48.431],[5.954,48.428],[5.959,48.421],[5.95,48.397]]]}},{"type":"Feature","properties":{"code":"54530","nom":"Tramont-Lassus","departement":"54","region":"44","epci":"245400510"},"geometry":{"type":"Polygon","coordinates":[[[5.983,48.393],[5.955,48.387],[5.95,48.397],[5.959,48.421],[5.967,48.417],[5.983,48.393]]]}},{"type":"Feature","properties":{"code":"54531","nom":"Tramont-Saint-André","departement":"54","region":"44","epci":"245400510"},"geometry":{"type":"Polygon","coordinates":[[[5.931,48.434],[5.943,48.431],[5.941,48.401],[5.928,48.394],[5.92,48.401],[5.908,48.417],[5.931,48.434]]]}},{"type":"Feature","properties":{"code":"54532","nom":"Tremblecourt","departement":"54","region":"44","epci":"200070563"},"geometry":{"type":"Polygon","coordinates":[[[5.964,48.797],[5.923,48.794],[5.96,48.815],[5.964,48.797]]]}},{"type":"Feature","properties":{"code":"54533","nom":"Trieux","departement":"54","region":"44","epci":"200070290"},"geometry":{"type":"Polygon","coordinates":[[[5.915,49.333],[5.943,49.341],[5.986,49.305],[5.951,49.318],[5.925,49.313],[5.915,49.333]]]}},{"type":"Feature","properties":{"code":"54534","nom":"Trondes","departement":"54","region":"44","epci":"200070563"},"geometry":{"type":"Polygon","coordinates":[[[5.733,48.724],[5.732,48.725],[5.79,48.748],[5.797,48.747],[5.797,48.747],[5.798,48.736],[5.801,48.712],[5.79,48.713],[5.765,48.701],[5.733,48.724]]]}},{"type":"Feature","properties":{"code":"54535","nom":"Tronville","departement":"54","region":"44","epci":"200070738"},"geometry":{"type":"Polygon","coordinates":[[[5.907,49.072],[5.898,49.083],[5.928,49.1],[5.935,49.072],[5.907,49.072]]]}},{"type":"Feature","properties":{"code":"54536","nom":"Tucquegnieux","departement":"54","region":"44","epci":"200070290"},"geometry":{"type":"Polygon","coordinates":[[[5.909,49.325],[5.911,49.331],[5.915,49.333],[5.925,49.313],[5.923,49.31],[5.889,49.289],[5.877,49.287],[5.864,49.29],[5.88,49.316],[5.909,49.325]]]}},{"type":"Feature","properties":{"code":"54538","nom":"Uruffe","departement":"54","region":"44","epci":"245400510"},"geometry":{"type":"Polygon","coordinates":[[[5.715,48.562],[5.714,48.573],[5.771,48.591],[5.763,48.546],[5.729,48.554],[5.715,48.562]]]}},{"type":"Feature","properties":{"code":"54539","nom":"Vacqueville","departement":"54","region":"44","epci":"200070324"},"geometry":{"type":"Polygon","coordinates":[[[6.843,48.488],[6.844,48.482],[6.828,48.464],[6.798,48.458],[6.792,48.486],[6.812,48.496],[6.817,48.499],[6.843,48.488]]]}},{"type":"Feature","properties":{"code":"54540","nom":"Val-et-Châtillon","departement":"54","region":"44","epci":"200069433"},"geometry":{"type":"Polygon","coordinates":[[[7.08,48.537],[7.065,48.524],[7.065,48.525],[7.01,48.549],[6.966,48.548],[6.951,48.57],[6.985,48.582],[7.013,48.571],[7.056,48.539],[7.08,48.537]]]}},{"type":"Feature","properties":{"code":"54541","nom":"Valhey","departement":"54","region":"44","epci":"245400759"},"geometry":{"type":"Polygon","coordinates":[[[6.487,48.695],[6.504,48.697],[6.515,48.678],[6.515,48.672],[6.471,48.679],[6.487,48.695]]]}},{"type":"Feature","properties":{"code":"54542","nom":"Valleroy","departement":"54","region":"44","epci":"200070845"},"geometry":{"type":"Polygon","coordinates":[[[5.855,49.212],[5.928,49.229],[5.964,49.222],[5.963,49.217],[5.92,49.201],[5.868,49.209],[5.855,49.212]]]}},{"type":"Feature","properties":{"code":"54543","nom":"Vallois","departement":"54","region":"44","epci":"200070324"},"geometry":{"type":"Polygon","coordinates":[[[6.54,48.437],[6.535,48.449],[6.532,48.468],[6.54,48.48],[6.554,48.465],[6.54,48.437]]]}},{"type":"Feature","properties":{"code":"54544","nom":"Vandelainville","departement":"54","region":"44","epci":"200070738"},"geometry":{"type":"Polygon","coordinates":[[[5.985,49.042],[5.995,49.038],[5.981,49.016],[5.985,49.042]]]}},{"type":"Feature","properties":{"code":"54545","nom":"Vandeléville","departement":"54","region":"44","epci":"245400510"},"geometry":{"type":"Polygon","coordinates":[[[6.019,48.435],[6.018,48.416],[5.967,48.417],[5.959,48.421],[5.954,48.428],[5.965,48.429],[6.01,48.44],[6.019,48.435]]]}},{"type":"Feature","properties":{"code":"54546","nom":"Vandières","departement":"54","region":"44","epci":"200041515"},"geometry":{"type":"Polygon","coordinates":[[[5.955,48.964],[5.984,48.958],[6.02,48.975],[6.042,48.976],[6.048,48.964],[6.063,48.949],[6.042,48.942],[6.018,48.947],[5.974,48.953],[5.955,48.964]]]}},{"type":"Feature","properties":{"code":"54547","nom":"Vandœuvre-lès-Nancy","departement":"54","region":"44","epci":"245400676"},"geometry":{"type":"Polygon","coordinates":[[[6.194,48.672],[6.191,48.66],[6.179,48.651],[6.15,48.643],[6.126,48.646],[6.162,48.668],[6.194,48.672]]]}},{"type":"Feature","properties":{"code":"54548","nom":"Vannes-le-Châtel","departement":"54","region":"44","epci":"245400510"},"geometry":{"type":"Polygon","coordinates":[[[5.764,48.608],[5.79,48.607],[5.811,48.567],[5.79,48.542],[5.777,48.541],[5.763,48.546],[5.771,48.591],[5.764,48.608]]]}},{"type":"Feature","properties":{"code":"54549","nom":"Varangéville","departement":"54","region":"44","epci":"245400189"},"geometry":{"type":"Polygon","coordinates":[[[6.334,48.624],[6.318,48.625],[6.286,48.637],[6.279,48.64],[6.293,48.65],[6.326,48.66],[6.328,48.659],[6.331,48.659],[6.353,48.64],[6.334,48.624]]]}},{"type":"Feature","properties":{"code":"54550","nom":"Vathiménil","departement":"54","region":"44","epci":"200070324"},"geometry":{"type":"Polygon","coordinates":[[[6.615,48.521],[6.643,48.51],[6.642,48.488],[6.617,48.491],[6.582,48.522],[6.583,48.523],[6.615,48.521]]]}},{"type":"Feature","properties":{"code":"54551","nom":"Vaucourt","departement":"54","region":"44","epci":"200069433"},"geometry":{"type":"Polygon","coordinates":[[[6.669,48.667],[6.709,48.671],[6.682,48.65],[6.669,48.667]]]}},{"type":"Feature","properties":{"code":"54552","nom":"Vaudémont","departement":"54","region":"44","epci":"200035772"},"geometry":{"type":"Polygon","coordinates":[[[6.067,48.408],[6.05,48.408],[6.042,48.431],[6.049,48.435],[6.071,48.431],[6.067,48.408]]]}},{"type":"Feature","properties":{"code":"54553","nom":"Vaudeville","departement":"54","region":"44","epci":"200035772"},"geometry":{"type":"Polygon","coordinates":[[[6.239,48.455],[6.242,48.447],[6.226,48.44],[6.191,48.449],[6.182,48.45],[6.179,48.465],[6.212,48.472],[6.239,48.455]]]}},{"type":"Feature","properties":{"code":"54554","nom":"Vaudigny","departement":"54","region":"44","epci":"200035772"},"geometry":{"type":"Polygon","coordinates":[[[6.224,48.423],[6.191,48.449],[6.226,48.44],[6.224,48.423]]]}},{"type":"Feature","properties":{"code":"54555","nom":"Vaxainville","departement":"54","region":"44","epci":"200070324"},"geometry":{"type":"Polygon","coordinates":[[[6.755,48.508],[6.737,48.507],[6.748,48.517],[6.761,48.534],[6.773,48.523],[6.755,48.508]]]}},{"type":"Feature","properties":{"code":"54556","nom":"Vého","departement":"54","region":"44","epci":"200069433"},"geometry":{"type":"Polygon","coordinates":[[[6.687,48.599],[6.684,48.607],[6.686,48.608],[6.705,48.619],[6.738,48.609],[6.716,48.59],[6.687,48.599]]]}},{"type":"Feature","properties":{"code":"54557","nom":"Bois-de-Haye","departement":"54","region":"44","epci":"200070563"},"geometry":{"type":"Polygon","coordinates":[[[6.004,48.718],[6.052,48.733],[6.076,48.721],[6.074,48.693],[6.03,48.667],[6.012,48.696],[6.004,48.718]]]}},{"type":"Feature","properties":{"code":"54558","nom":"Velaine-sous-Amance","departement":"54","region":"44","epci":"200070589"},"geometry":{"type":"Polygon","coordinates":[[[6.34,48.711],[6.345,48.706],[6.337,48.699],[6.301,48.709],[6.329,48.733],[6.34,48.711]]]}},{"type":"Feature","properties":{"code":"54559","nom":"Velle-sur-Moselle","departement":"54","region":"44","epci":"200067643"},"geometry":{"type":"Polygon","coordinates":[[[6.276,48.516],[6.262,48.534],[6.288,48.54],[6.307,48.537],[6.276,48.516]]]}},{"type":"Feature","properties":{"code":"54560","nom":"Veney","departement":"54","region":"44","epci":"200070324"},"geometry":{"type":"Polygon","coordinates":[[[6.828,48.464],[6.832,48.456],[6.799,48.453],[6.798,48.458],[6.828,48.464]]]}},{"type":"Feature","properties":{"code":"54561","nom":"Vennezey","departement":"54","region":"44","epci":"200067643"},"geometry":{"type":"Polygon","coordinates":[[[6.475,48.448],[6.475,48.436],[6.453,48.433],[6.443,48.437],[6.46,48.451],[6.475,48.448]]]}},{"type":"Feature","properties":{"code":"54562","nom":"Verdenal","departement":"54","region":"44","epci":"200069433"},"geometry":{"type":"Polygon","coordinates":[[[6.82,48.575],[6.782,48.579],[6.783,48.595],[6.822,48.6],[6.824,48.599],[6.82,48.575]]]}},{"type":"Feature","properties":{"code":"54563","nom":"Vézelise","departement":"54","region":"44","epci":"200035772"},"geometry":{"type":"Polygon","coordinates":[[[6.087,48.47],[6.075,48.474],[6.071,48.482],[6.095,48.497],[6.099,48.497],[6.121,48.482],[6.118,48.473],[6.087,48.47]]]}},{"type":"Feature","properties":{"code":"54564","nom":"Viéville-en-Haye","departement":"54","region":"44","epci":"200070738"},"geometry":{"type":"Polygon","coordinates":[[[5.92,48.959],[5.93,48.957],[5.939,48.928],[5.907,48.926],[5.897,48.924],[5.882,48.925],[5.907,48.952],[5.92,48.959]]]}},{"type":"Feature","properties":{"code":"54565","nom":"Vigneulles","departement":"54","region":"44","epci":"200067643"},"geometry":{"type":"Polygon","coordinates":[[[6.328,48.553],[6.326,48.574],[6.379,48.576],[6.372,48.573],[6.328,48.553]]]}},{"type":"Feature","properties":{"code":"54566","nom":"Vilcey-sur-Trey","departement":"54","region":"44","epci":"200070738"},"geometry":{"type":"Polygon","coordinates":[[[5.983,48.919],[5.95,48.917],[5.939,48.928],[5.93,48.957],[5.955,48.964],[5.974,48.953],[5.983,48.929],[5.983,48.919]]]}},{"type":"Feature","properties":{"code":"54567","nom":"Villacourt","departement":"54","region":"44","epci":"200067643"},"geometry":{"type":"Polygon","coordinates":[[[6.38,48.454],[6.353,48.442],[6.337,48.438],[6.336,48.405],[6.307,48.412],[6.303,48.428],[6.315,48.439],[6.338,48.466],[6.38,48.454]]]}},{"type":"Feature","properties":{"code":"54569","nom":"Ville-au-Val","departement":"54","region":"44","epci":"200041515"},"geometry":{"type":"Polygon","coordinates":[[[6.156,48.843],[6.147,48.831],[6.135,48.83],[6.108,48.835],[6.126,48.856],[6.129,48.855],[6.156,48.843]]]}},{"type":"Feature","properties":{"code":"54570","nom":"Villecey-sur-Mad","departement":"54","region":"44","epci":"200070738"},"geometry":{"type":"Polygon","coordinates":[[[5.935,48.976],[5.929,49.001],[5.962,49.012],[5.965,48.992],[5.935,48.976]]]}},{"type":"Feature","properties":{"code":"54571","nom":"Ville-en-Vermois","departement":"54","region":"44","epci":"245400189"},"geometry":{"type":"Polygon","coordinates":[[[6.205,48.608],[6.203,48.609],[6.219,48.635],[6.271,48.628],[6.277,48.618],[6.249,48.596],[6.245,48.596],[6.242,48.598],[6.205,48.608]]]}},{"type":"Feature","properties":{"code":"54573","nom":"Villers-en-Haye","departement":"54","region":"44","epci":"200041515"},"geometry":{"type":"Polygon","coordinates":[[[6.008,48.804],[5.995,48.806],[5.987,48.833],[6.006,48.839],[6.025,48.827],[6.027,48.812],[6.008,48.804]]]}},{"type":"Feature","properties":{"code":"54577","nom":"Villers-lès-Moivrons","departement":"54","region":"44","epci":"200070589"},"geometry":{"type":"Polygon","coordinates":[[[6.231,48.812],[6.231,48.814],[6.27,48.821],[6.242,48.806],[6.231,48.812]]]}},{"type":"Feature","properties":{"code":"54578","nom":"Villers-lès-Nancy","departement":"54","region":"44","epci":"245400676"},"geometry":{"type":"Polygon","coordinates":[[[6.126,48.646],[6.12,48.64],[6.091,48.668],[6.131,48.667],[6.161,48.679],[6.162,48.668],[6.126,48.646]]]}},{"type":"Feature","properties":{"code":"54579","nom":"Villers-sous-Prény","departement":"54","region":"44","epci":"200041515"},"geometry":{"type":"Polygon","coordinates":[[[5.974,48.953],[6.018,48.947],[5.983,48.929],[5.974,48.953]]]}},{"type":"Feature","properties":{"code":"54581","nom":"Ville-sur-Yron","departement":"54","region":"44","epci":"200070845"},"geometry":{"type":"Polygon","coordinates":[[[5.846,49.124],[5.866,49.136],[5.896,49.13],[5.898,49.11],[5.855,49.106],[5.837,49.12],[5.846,49.124]]]}},{"type":"Feature","properties":{"code":"54583","nom":"Villey-le-Sec","departement":"54","region":"44","epci":"200070563"},"geometry":{"type":"Polygon","coordinates":[[[5.952,48.661],[5.957,48.664],[5.98,48.672],[6.004,48.659],[6.007,48.656],[5.956,48.648],[5.952,48.661]]]}},{"type":"Feature","properties":{"code":"54584","nom":"Villey-Saint-Étienne","departement":"54","region":"44","epci":"200070563"},"geometry":{"type":"Polygon","coordinates":[[[5.941,48.7],[5.934,48.726],[5.958,48.747],[5.991,48.755],[6.008,48.747],[5.985,48.723],[5.973,48.713],[5.941,48.7]]]}},{"type":"Feature","properties":{"code":"54585","nom":"Virecourt","departement":"54","region":"44","epci":"200067643"},"geometry":{"type":"Polygon","coordinates":[[[6.306,48.456],[6.309,48.466],[6.338,48.466],[6.315,48.439],[6.302,48.444],[6.306,48.456]]]}},{"type":"Feature","properties":{"code":"54586","nom":"Viterne","departement":"54","region":"44","epci":"245400171"},"geometry":{"type":"Polygon","coordinates":[[[5.993,48.616],[6.045,48.601],[6.052,48.591],[6.029,48.564],[6.026,48.551],[5.995,48.569],[5.976,48.603],[5.99,48.615],[5.993,48.616]]]}},{"type":"Feature","properties":{"code":"54587","nom":"Vitrey","departement":"54","region":"44","epci":"200035772"},"geometry":{"type":"Polygon","coordinates":[[[6.036,48.467],[6.023,48.479],[6.037,48.516],[6.061,48.515],[6.065,48.484],[6.036,48.467]]]}},{"type":"Feature","properties":{"code":"54588","nom":"Vitrimont","departement":"54","region":"44","epci":"200070324"},"geometry":{"type":"Polygon","coordinates":[[[6.456,48.569],[6.436,48.57],[6.418,48.579],[6.414,48.58],[6.437,48.614],[6.457,48.604],[6.469,48.579],[6.456,48.569]]]}},{"type":"Feature","properties":{"code":"54589","nom":"Vittonville","departement":"54","region":"44","epci":"200041515"},"geometry":{"type":"Polygon","coordinates":[[[6.043,48.977],[6.065,48.981],[6.079,48.965],[6.048,48.964],[6.042,48.976],[6.043,48.977]]]}},{"type":"Feature","properties":{"code":"54591","nom":"Voinémont","departement":"54","region":"44","epci":"200035772"},"geometry":{"type":"Polygon","coordinates":[[[6.196,48.532],[6.194,48.522],[6.162,48.503],[6.161,48.522],[6.196,48.532]]]}},{"type":"Feature","properties":{"code":"54592","nom":"Vroncourt","departement":"54","region":"44","epci":"200035772"},"geometry":{"type":"Polygon","coordinates":[[[6.082,48.447],[6.063,48.449],[6.067,48.465],[6.075,48.474],[6.087,48.47],[6.082,48.447]]]}},{"type":"Feature","properties":{"code":"54593","nom":"Waville","departement":"54","region":"44","epci":"200070738"},"geometry":{"type":"Polygon","coordinates":[[[5.962,49.012],[5.929,49.001],[5.935,48.976],[5.921,48.978],[5.917,49],[5.931,49.033],[5.943,49.039],[5.962,49.012]]]}},{"type":"Feature","properties":{"code":"54594","nom":"Xammes","departement":"54","region":"44","epci":"200070738"},"geometry":{"type":"Polygon","coordinates":[[[5.849,48.961],[5.818,48.98],[5.832,48.989],[5.874,48.983],[5.867,48.967],[5.849,48.961]]]}},{"type":"Feature","properties":{"code":"54595","nom":"Xermaménil","departement":"54","region":"44","epci":"200070324"},"geometry":{"type":"Polygon","coordinates":[[[6.491,48.527],[6.47,48.519],[6.455,48.535],[6.466,48.558],[6.484,48.552],[6.491,48.527]]]}},{"type":"Feature","properties":{"code":"54596","nom":"Xeuilley","departement":"54","region":"44","epci":"245400171"},"geometry":{"type":"Polygon","coordinates":[[[6.116,48.561],[6.095,48.549],[6.087,48.547],[6.061,48.562],[6.086,48.573],[6.107,48.578],[6.116,48.561]]]}},{"type":"Feature","properties":{"code":"54597","nom":"Xirocourt","departement":"54","region":"44","epci":"200035772"},"geometry":{"type":"Polygon","coordinates":[[[6.14,48.442],[6.142,48.448],[6.146,48.448],[6.182,48.45],[6.191,48.449],[6.224,48.423],[6.21,48.421],[6.176,48.415],[6.154,48.423],[6.14,48.442]]]}},{"type":"Feature","properties":{"code":"54598","nom":"Xivry-Circourt","departement":"54","region":"44","epci":"200070290"},"geometry":{"type":"Polygon","coordinates":[[[5.782,49.376],[5.793,49.364],[5.77,49.34],[5.739,49.346],[5.732,49.361],[5.753,49.37],[5.782,49.376]]]}},{"type":"Feature","properties":{"code":"54599","nom":"Xonville","departement":"54","region":"44","epci":"200070738"},"geometry":{"type":"Polygon","coordinates":[[[5.878,49.063],[5.872,49.047],[5.854,49.041],[5.836,49.066],[5.864,49.072],[5.878,49.063]]]}},{"type":"Feature","properties":{"code":"54600","nom":"Xousse","departement":"54","region":"44","epci":"200069433"},"geometry":{"type":"Polygon","coordinates":[[[6.727,48.641],[6.724,48.637],[6.682,48.65],[6.709,48.671],[6.726,48.665],[6.727,48.641]]]}},{"type":"Feature","properties":{"code":"54601","nom":"Xures","departement":"54","region":"44","epci":"245400759"},"geometry":{"type":"Polygon","coordinates":[[[6.667,48.671],[6.659,48.673],[6.639,48.692],[6.643,48.703],[6.662,48.706],[6.677,48.689],[6.667,48.671]]]}},{"type":"Feature","properties":{"code":"55001","nom":"Abainville","departement":"55","region":"44","epci":"200066108"},"geometry":{"type":"Polygon","coordinates":[[[5.574,48.523],[5.565,48.511],[5.534,48.532],[5.496,48.52],[5.473,48.524],[5.475,48.532],[5.504,48.55],[5.536,48.55],[5.535,48.532],[5.574,48.523]]]}},{"type":"Feature","properties":{"code":"55002","nom":"Abaucourt-Hautecourt","departement":"55","region":"44","epci":"245501242"},"geometry":{"type":"Polygon","coordinates":[[[5.519,49.185],[5.508,49.197],[5.529,49.204],[5.562,49.214],[5.587,49.196],[5.569,49.187],[5.519,49.185]]]}},{"type":"Feature","properties":{"code":"55004","nom":"Aincreville","departement":"55","region":"44","epci":"200066132"},"geometry":{"type":"Polygon","coordinates":[[[5.117,49.347],[5.089,49.37],[5.104,49.39],[5.129,49.384],[5.133,49.381],[5.138,49.366],[5.117,49.347]]]}},{"type":"Feature","properties":{"code":"55005","nom":"Amanty","departement":"55","region":"44","epci":"200066108"},"geometry":{"type":"Polygon","coordinates":[[[5.565,48.511],[5.574,48.523],[5.606,48.529],[5.63,48.531],[5.629,48.512],[5.619,48.501],[5.599,48.502],[5.595,48.502],[5.565,48.511]]]}},{"type":"Feature","properties":{"code":"55007","nom":"Ambly-sur-Meuse","departement":"55","region":"44","epci":"200066165"},"geometry":{"type":"Polygon","coordinates":[[[5.473,49.017],[5.445,49.012],[5.426,49.019],[5.426,49.03],[5.468,49.033],[5.469,49.033],[5.473,49.017]]]}},{"type":"Feature","properties":{"code":"55008","nom":"Amel-sur-l'Étang","departement":"55","region":"44","epci":"200066173"},"geometry":{"type":"Polygon","coordinates":[[[5.669,49.235],[5.641,49.244],[5.61,49.257],[5.664,49.28],[5.668,49.255],[5.687,49.242],[5.669,49.235]]]}},{"type":"Feature","properties":{"code":"55009","nom":"Ancemont","departement":"55","region":"44","epci":"200066165"},"geometry":{"type":"Polygon","coordinates":[[[5.36,49.081],[5.405,49.094],[5.414,49.068],[5.35,49.034],[5.346,49.034],[5.376,49.056],[5.36,49.081]]]}},{"type":"Feature","properties":{"code":"55010","nom":"Ancerville","departement":"55","region":"44","epci":"200066108"},"geometry":{"type":"Polygon","coordinates":[[[5.033,48.613],[5.006,48.611],[4.995,48.646],[4.993,48.658],[5.011,48.668],[5.043,48.66],[5.06,48.641],[5.057,48.632],[5.033,48.613]]]}},{"type":"Feature","properties":{"code":"55011","nom":"Andernay","departement":"55","region":"44","epci":"245501184"},"geometry":{"type":"Polygon","coordinates":[[[4.972,48.788],[4.949,48.77],[4.934,48.79],[4.972,48.788]]]}},{"type":"Feature","properties":{"code":"55012","nom":"Apremont-la-Forêt","departement":"55","region":"44","epci":"200034874"},"geometry":{"type":"Polygon","coordinates":[[[5.597,48.835],[5.577,48.824],[5.574,48.846],[5.603,48.868],[5.629,48.875],[5.65,48.861],[5.673,48.839],[5.668,48.821],[5.659,48.819],[5.649,48.819],[5.627,48.818],[5.597,48.835]]]}},{"type":"Feature","properties":{"code":"55014","nom":"Aubréville","departement":"55","region":"44","epci":"200066116"},"geometry":{"type":"Polygon","coordinates":[[[5.031,49.138],[5.036,49.148],[5.087,49.16],[5.102,49.183],[5.116,49.196],[5.151,49.186],[5.16,49.178],[5.152,49.175],[5.133,49.169],[5.096,49.125],[5.072,49.124],[5.031,49.138]]]}},{"type":"Feature","properties":{"code":"55015","nom":"Aulnois-en-Perthois","departement":"55","region":"44","epci":"200066108"},"geometry":{"type":"Polygon","coordinates":[[[5.095,48.64],[5.121,48.652],[5.148,48.644],[5.148,48.621],[5.114,48.615],[5.095,48.64]]]}},{"type":"Feature","properties":{"code":"55017","nom":"Autrécourt-sur-Aire","departement":"55","region":"44","epci":"200066140"},"geometry":{"type":"Polygon","coordinates":[[[5.184,49.044],[5.185,49.035],[5.14,49.024],[5.128,49.01],[5.117,49.013],[5.101,49.036],[5.123,49.044],[5.184,49.044]]]}},{"type":"Feature","properties":{"code":"55021","nom":"Avillers-Sainte-Croix","departement":"55","region":"44","epci":"245501176"},"geometry":{"type":"Polygon","coordinates":[[[5.708,49.018],[5.684,49.033],[5.681,49.035],[5.695,49.052],[5.713,49.047],[5.723,49.021],[5.708,49.018]]]}},{"type":"Feature","properties":{"code":"55023","nom":"Avocourt","departement":"55","region":"44","epci":"200066116"},"geometry":{"type":"Polygon","coordinates":[[[5.165,49.192],[5.151,49.186],[5.116,49.196],[5.101,49.203],[5.116,49.21],[5.127,49.221],[5.141,49.221],[5.175,49.215],[5.165,49.192]]]}},{"type":"Feature","properties":{"code":"55024","nom":"Azannes-et-Soumazannes","departement":"55","region":"44","epci":"200066173"},"geometry":{"type":"Polygon","coordinates":[[[5.499,49.314],[5.515,49.314],[5.517,49.304],[5.457,49.273],[5.431,49.262],[5.425,49.276],[5.446,49.302],[5.449,49.309],[5.499,49.314]]]}},{"type":"Feature","properties":{"code":"55026","nom":"Badonvilliers-Gérauvilliers","departement":"55","region":"44","epci":"200066108"},"geometry":{"type":"Polygon","coordinates":[[[5.62,48.56],[5.606,48.529],[5.574,48.523],[5.535,48.532],[5.536,48.55],[5.574,48.567],[5.615,48.565],[5.62,48.56]]]}},{"type":"Feature","properties":{"code":"55027","nom":"Bannoncourt","departement":"55","region":"44","epci":"245500327"},"geometry":{"type":"Polygon","coordinates":[[[5.499,48.946],[5.498,48.944],[5.462,48.938],[5.451,48.945],[5.493,48.974],[5.512,48.955],[5.499,48.946]]]}},{"type":"Feature","properties":{"code":"55028","nom":"Bantheville","departement":"55","region":"44","epci":"200066132"},"geometry":{"type":"Polygon","coordinates":[[[5.117,49.347],[5.118,49.347],[5.107,49.344],[5.028,49.332],[5.06,49.372],[5.089,49.37],[5.117,49.347]]]}},{"type":"Feature","properties":{"code":"55029","nom":"Bar-le-Duc","departement":"55","region":"44","epci":"200033025"},"geometry":{"type":"Polygon","coordinates":[[[5.206,48.763],[5.193,48.755],[5.165,48.732],[5.134,48.727],[5.127,48.76],[5.157,48.798],[5.197,48.785],[5.211,48.781],[5.206,48.763]]]}},{"type":"Feature","properties":{"code":"55031","nom":"Baudonvilliers","departement":"55","region":"44","epci":"200066108"},"geometry":{"type":"Polygon","coordinates":[[[5.007,48.68],[4.988,48.684],[5.006,48.699],[5.022,48.69],[5.007,48.68]]]}},{"type":"Feature","properties":{"code":"55032","nom":"Baudrémont","departement":"55","region":"44","epci":"200066140"},"geometry":{"type":"Polygon","coordinates":[[[5.413,48.839],[5.398,48.826],[5.396,48.826],[5.366,48.83],[5.415,48.852],[5.413,48.839]]]}},{"type":"Feature","properties":{"code":"55033","nom":"Baulny","departement":"55","region":"44","epci":"200066116"},"geometry":{"type":"Polygon","coordinates":[[[5.011,49.269],[5.051,49.274],[5.051,49.267],[5.018,49.258],[5,49.261],[5.011,49.269]]]}},{"type":"Feature","properties":{"code":"55035","nom":"Bazincourt-sur-Saulx","departement":"55","region":"44","epci":"200066108"},"geometry":{"type":"Polygon","coordinates":[[[5.125,48.657],[5.135,48.686],[5.121,48.7],[5.12,48.7],[5.14,48.716],[5.158,48.669],[5.125,48.657]]]}},{"type":"Feature","properties":{"code":"55038","nom":"Beaulieu-en-Argonne","departement":"55","region":"44","epci":"200066140"},"geometry":{"type":"Polygon","coordinates":[[[5.036,49.021],[5.035,49.023],[5.009,49.035],[4.967,49.021],[4.965,49.022],[5.006,49.06],[5.023,49.072],[5.032,49.066],[5.085,49.065],[5.102,49.049],[5.094,49.036],[5.078,49.025],[5.066,49.02],[5.036,49.021]]]}},{"type":"Feature","properties":{"code":"55039","nom":"Beaumont-en-Verdunois","departement":"55","region":"44","epci":"200049187"},"geometry":{"type":"Polygon","coordinates":[[[5.413,49.281],[5.425,49.276],[5.431,49.262],[5.426,49.25],[5.375,49.254],[5.376,49.255],[5.38,49.256],[5.406,49.276],[5.413,49.281]]]}},{"type":"Feature","properties":{"code":"55040","nom":"Beausite","departement":"55","region":"44","epci":"200066140"},"geometry":{"type":"Polygon","coordinates":[[[5.251,48.991],[5.25,48.983],[5.265,48.952],[5.221,48.954],[5.192,48.937],[5.171,48.956],[5.167,48.978],[5.223,48.992],[5.251,48.991]]]}},{"type":"Feature","properties":{"code":"55041","nom":"Behonne","departement":"55","region":"44","epci":"200033025"},"geometry":{"type":"Polygon","coordinates":[[[5.157,48.798],[5.145,48.809],[5.147,48.81],[5.193,48.808],[5.197,48.785],[5.157,48.798]]]}},{"type":"Feature","properties":{"code":"55042","nom":"Belleray","departement":"55","region":"44","epci":"200049187"},"geometry":{"type":"Polygon","coordinates":[[[5.4,49.14],[5.41,49.123],[5.374,49.133],[5.354,49.123],[5.336,49.113],[5.357,49.134],[5.4,49.14]]]}},{"type":"Feature","properties":{"code":"55043","nom":"Belleville-sur-Meuse","departement":"55","region":"44","epci":"200049187"},"geometry":{"type":"Polygon","coordinates":[[[5.38,49.172],[5.349,49.182],[5.363,49.192],[5.403,49.189],[5.439,49.174],[5.38,49.172]]]}},{"type":"Feature","properties":{"code":"55044","nom":"Belrain","departement":"55","region":"44","epci":"200066140"},"geometry":{"type":"Polygon","coordinates":[[[5.286,48.865],[5.292,48.876],[5.326,48.876],[5.324,48.862],[5.307,48.842],[5.286,48.865]]]}},{"type":"Feature","properties":{"code":"55045","nom":"Belrupt-en-Verdunois","departement":"55","region":"44","epci":"200066165"},"geometry":{"type":"Polygon","coordinates":[[[5.431,49.165],[5.486,49.143],[5.475,49.138],[5.463,49.135],[5.41,49.144],[5.431,49.165]]]}},{"type":"Feature","properties":{"code":"55046","nom":"Beney-en-Woëvre","departement":"55","region":"44","epci":"200034874"},"geometry":{"type":"Polygon","coordinates":[[[5.817,48.943],[5.8,48.946],[5.755,48.962],[5.805,48.984],[5.818,48.98],[5.849,48.961],[5.847,48.952],[5.817,48.943]]]}},{"type":"Feature","properties":{"code":"55047","nom":"Béthelainville","departement":"55","region":"44","epci":"200049187"},"geometry":{"type":"Polygon","coordinates":[[[5.183,49.166],[5.189,49.171],[5.262,49.184],[5.256,49.157],[5.223,49.156],[5.183,49.166]]]}},{"type":"Feature","properties":{"code":"55048","nom":"Béthincourt","departement":"55","region":"44","epci":"200049187"},"geometry":{"type":"Polygon","coordinates":[[[5.25,49.236],[5.226,49.233],[5.211,49.228],[5.189,49.257],[5.214,49.268],[5.244,49.266],[5.25,49.236]]]}},{"type":"Feature","properties":{"code":"55049","nom":"Beurey-sur-Saulx","departement":"55","region":"44","epci":"200033025"},"geometry":{"type":"Polygon","coordinates":[[[4.981,48.746],[4.98,48.748],[5.025,48.766],[5.058,48.777],[5.063,48.774],[5.078,48.763],[5.044,48.747],[5.009,48.741],[4.981,48.746]]]}},{"type":"Feature","properties":{"code":"55050","nom":"Bezonvaux","departement":"55","region":"44","epci":"200049187"},"geometry":{"type":"Polygon","coordinates":[[[5.479,49.219],[5.448,49.217],[5.442,49.236],[5.481,49.245],[5.508,49.238],[5.479,49.219]]]}},{"type":"Feature","properties":{"code":"55051","nom":"Biencourt-sur-Orge","departement":"55","region":"44","epci":"200066108"},"geometry":{"type":"Polygon","coordinates":[[[5.351,48.587],[5.373,48.582],[5.375,48.566],[5.327,48.551],[5.312,48.563],[5.335,48.587],[5.351,48.587]]]}},{"type":"Feature","properties":{"code":"55053","nom":"Billy-sous-Mangiennes","departement":"55","region":"44","epci":"200066173"},"geometry":{"type":"Polygon","coordinates":[[[5.615,49.328],[5.602,49.314],[5.556,49.308],[5.547,49.292],[5.517,49.304],[5.515,49.314],[5.541,49.339],[5.578,49.351],[5.59,49.348],[5.591,49.348],[5.615,49.328]]]}},{"type":"Feature","properties":{"code":"55054","nom":"Bislée","departement":"55","region":"44","epci":"245500327"},"geometry":{"type":"Polygon","coordinates":[[[5.492,48.864],[5.499,48.878],[5.515,48.885],[5.525,48.87],[5.519,48.868],[5.492,48.864]]]}},{"type":"Feature","properties":{"code":"55055","nom":"Blanzée","departement":"55","region":"44","epci":"245501242"},"geometry":{"type":"Polygon","coordinates":[[[5.554,49.165],[5.55,49.156],[5.51,49.155],[5.53,49.168],[5.554,49.165]]]}},{"type":"Feature","properties":{"code":"55057","nom":"Boinville-en-Woëvre","departement":"55","region":"44","epci":"245501242"},"geometry":{"type":"Polygon","coordinates":[[[5.695,49.2],[5.7,49.194],[5.691,49.176],[5.657,49.187],[5.667,49.198],[5.695,49.2]]]}},{"type":"Feature","properties":{"code":"55058","nom":"Boncourt-sur-Meuse","departement":"55","region":"44","epci":"200066157"},"geometry":{"type":"Polygon","coordinates":[[[5.577,48.824],[5.597,48.835],[5.613,48.807],[5.615,48.796],[5.569,48.788],[5.553,48.801],[5.577,48.824]]]}},{"type":"Feature","properties":{"code":"55059","nom":"Bonnet","departement":"55","region":"44","epci":"200066108"},"geometry":{"type":"Polygon","coordinates":[[[5.368,48.535],[5.389,48.551],[5.413,48.55],[5.475,48.532],[5.473,48.524],[5.466,48.505],[5.455,48.503],[5.425,48.497],[5.368,48.535]]]}},{"type":"Feature","properties":{"code":"55060","nom":"Bonzée","departement":"55","region":"44","epci":"245501176"},"geometry":{"type":"Polygon","coordinates":[[[5.531,49.069],[5.525,49.095],[5.577,49.11],[5.612,49.1],[5.616,49.088],[5.594,49.079],[5.557,49.072],[5.531,49.069]]]}},{"type":"Feature","properties":{"code":"55061","nom":"Le Bouchon-sur-Saulx","departement":"55","region":"44","epci":"200066108"},"geometry":{"type":"Polygon","coordinates":[[[5.25,48.603],[5.198,48.597],[5.231,48.624],[5.253,48.616],[5.25,48.603]]]}},{"type":"Feature","properties":{"code":"55062","nom":"Bouconville-sur-Madt","departement":"55","region":"44","epci":"200034874"},"geometry":{"type":"Polygon","coordinates":[[[5.692,48.854],[5.733,48.85],[5.73,48.831],[5.673,48.839],[5.692,48.854]]]}},{"type":"Feature","properties":{"code":"55063","nom":"Bouligny","departement":"55","region":"44","epci":"200070290"},"geometry":{"type":"Polygon","coordinates":[[[5.75,49.31],[5.757,49.315],[5.763,49.314],[5.768,49.3],[5.761,49.28],[5.725,49.27],[5.716,49.291],[5.75,49.31]]]}},{"type":"Feature","properties":{"code":"55064","nom":"Bouquemont","departement":"55","region":"44","epci":"200066140"},"geometry":{"type":"Polygon","coordinates":[[[5.409,48.968],[5.39,48.972],[5.455,49],[5.461,48.988],[5.409,48.968]]]}},{"type":"Feature","properties":{"code":"55065","nom":"Boureuilles","departement":"55","region":"44","epci":"200066116"},"geometry":{"type":"Polygon","coordinates":[[[5.03,49.176],[5.01,49.197],[4.942,49.187],[4.991,49.211],[5.04,49.221],[5.054,49.206],[5.102,49.183],[5.03,49.176]]]}},{"type":"Feature","properties":{"code":"55066","nom":"Bovée-sur-Barboure","departement":"55","region":"44","epci":"200066157"},"geometry":{"type":"Polygon","coordinates":[[[5.526,48.618],[5.509,48.614],[5.488,48.611],[5.488,48.641],[5.493,48.651],[5.512,48.664],[5.538,48.647],[5.526,48.618]]]}},{"type":"Feature","properties":{"code":"55067","nom":"Boviolles","departement":"55","region":"44","epci":"200066157"},"geometry":{"type":"Polygon","coordinates":[[[5.42,48.627],[5.419,48.627],[5.389,48.637],[5.388,48.649],[5.418,48.659],[5.445,48.654],[5.444,48.653],[5.42,48.627]]]}},{"type":"Feature","properties":{"code":"55068","nom":"Brabant-en-Argonne","departement":"55","region":"44","epci":"200066116"},"geometry":{"type":"Polygon","coordinates":[[[5.141,49.102],[5.116,49.122],[5.14,49.137],[5.17,49.13],[5.185,49.124],[5.162,49.122],[5.141,49.102]]]}},{"type":"Feature","properties":{"code":"55069","nom":"Brabant-le-Roi","departement":"55","region":"44","epci":"245501184"},"geometry":{"type":"Polygon","coordinates":[[[5.011,48.847],[5.009,48.84],[4.977,48.84],[4.946,48.851],[4.96,48.859],[5.001,48.865],[5.011,48.847]]]}},{"type":"Feature","properties":{"code":"55070","nom":"Brabant-sur-Meuse","departement":"55","region":"44","epci":"200066116"},"geometry":{"type":"Polygon","coordinates":[[[5.339,49.271],[5.323,49.263],[5.315,49.266],[5.301,49.273],[5.35,49.296],[5.339,49.271]]]}},{"type":"Feature","properties":{"code":"55072","nom":"Braquis","departement":"55","region":"44","epci":"245501242"},"geometry":{"type":"Polygon","coordinates":[[[5.646,49.163],[5.639,49.144],[5.605,49.156],[5.631,49.168],[5.646,49.163]]]}},{"type":"Feature","properties":{"code":"55073","nom":"Bras-sur-Meuse","departement":"55","region":"44","epci":"200049187"},"geometry":{"type":"Polygon","coordinates":[[[5.42,49.207],[5.403,49.189],[5.363,49.192],[5.364,49.219],[5.391,49.23],[5.414,49.226],[5.42,49.207]]]}},{"type":"Feature","properties":{"code":"55075","nom":"Brauvilliers","departement":"55","region":"44","epci":"200066108"},"geometry":{"type":"Polygon","coordinates":[[[5.141,48.594],[5.174,48.586],[5.165,48.565],[5.144,48.563],[5.134,48.571],[5.127,48.58],[5.141,48.594]]]}},{"type":"Feature","properties":{"code":"55078","nom":"Brieulles-sur-Meuse","departement":"55","region":"44","epci":"200066132"},"geometry":{"type":"Polygon","coordinates":[[[5.159,49.299],[5.126,49.319],[5.133,49.343],[5.142,49.345],[5.181,49.357],[5.201,49.335],[5.192,49.311],[5.171,49.305],[5.159,49.299]]]}},{"type":"Feature","properties":{"code":"55079","nom":"Brillon-en-Barrois","departement":"55","region":"44","epci":"200066108"},"geometry":{"type":"Polygon","coordinates":[[[5.084,48.729],[5.093,48.734],[5.131,48.724],[5.14,48.716],[5.12,48.7],[5.084,48.704],[5.074,48.707],[5.084,48.729]]]}},{"type":"Feature","properties":{"code":"55080","nom":"Brixey-aux-Chanoines","departement":"55","region":"44","epci":"200066157"},"geometry":{"type":"Polygon","coordinates":[[[5.742,48.474],[5.74,48.466],[5.695,48.463],[5.69,48.468],[5.702,48.487],[5.742,48.474]]]}},{"type":"Feature","properties":{"code":"55081","nom":"Brizeaux","departement":"55","region":"44","epci":"200066140"},"geometry":{"type":"Polygon","coordinates":[[[5.066,49.02],[5.075,48.992],[5.032,49.001],[5.036,49.021],[5.066,49.02]]]}},{"type":"Feature","properties":{"code":"55082","nom":"Brocourt-en-Argonne","departement":"55","region":"44","epci":"200066116"},"geometry":{"type":"Polygon","coordinates":[[[5.197,49.11],[5.195,49.11],[5.141,49.102],[5.162,49.122],[5.185,49.124],[5.197,49.126],[5.202,49.123],[5.197,49.11]]]}},{"type":"Feature","properties":{"code":"55084","nom":"Broussey-en-Blois","departement":"55","region":"44","epci":"200066157"},"geometry":{"type":"Polygon","coordinates":[[[5.54,48.62],[5.526,48.618],[5.538,48.647],[5.576,48.651],[5.576,48.628],[5.54,48.62]]]}},{"type":"Feature","properties":{"code":"55085","nom":"Broussey-Raulecourt","departement":"55","region":"44","epci":"200034874"},"geometry":{"type":"Polygon","coordinates":[[[5.675,48.817],[5.668,48.821],[5.673,48.839],[5.73,48.831],[5.758,48.801],[5.763,48.794],[5.723,48.792],[5.675,48.817]]]}},{"type":"Feature","properties":{"code":"55087","nom":"Bure","departement":"55","region":"44","epci":"200066108"},"geometry":{"type":"Polygon","coordinates":[[[5.369,48.476],[5.35,48.482],[5.306,48.516],[5.324,48.536],[5.372,48.519],[5.369,48.477],[5.369,48.476]]]}},{"type":"Feature","properties":{"code":"55088","nom":"Burey-en-Vaux","departement":"55","region":"44","epci":"200066157"},"geometry":{"type":"Polygon","coordinates":[[[5.62,48.56],[5.615,48.565],[5.628,48.565],[5.677,48.567],[5.674,48.557],[5.653,48.541],[5.62,48.56]]]}},{"type":"Feature","properties":{"code":"55089","nom":"Burey-la-Côte","departement":"55","region":"44","epci":"200066157"},"geometry":{"type":"Polygon","coordinates":[[[5.668,48.502],[5.707,48.504],[5.701,48.496],[5.66,48.498],[5.668,48.502]]]}},{"type":"Feature","properties":{"code":"55093","nom":"Buxières-sous-les-Côtes","departement":"55","region":"44","epci":"200034874"},"geometry":{"type":"Polygon","coordinates":[[[5.733,48.912],[5.735,48.9],[5.704,48.888],[5.688,48.893],[5.634,48.881],[5.632,48.904],[5.658,48.932],[5.658,48.931],[5.728,48.922],[5.733,48.912]]]}},{"type":"Feature","properties":{"code":"55094","nom":"Buzy-Darmont","departement":"55","region":"44","epci":"245501242"},"geometry":{"type":"Polygon","coordinates":[[[5.723,49.199],[5.75,49.199],[5.717,49.165],[5.694,49.144],[5.676,49.146],[5.691,49.176],[5.7,49.194],[5.723,49.199]]]}},{"type":"Feature","properties":{"code":"55096","nom":"Chaillon","departement":"55","region":"44","epci":"200034874"},"geometry":{"type":"Polygon","coordinates":[[[5.696,48.954],[5.658,48.931],[5.658,48.932],[5.608,48.955],[5.642,48.968],[5.662,48.951],[5.696,48.954]]]}},{"type":"Feature","properties":{"code":"55097","nom":"Chalaines","departement":"55","region":"44","epci":"200066157"},"geometry":{"type":"Polygon","coordinates":[[[5.717,48.592],[5.713,48.577],[5.687,48.578],[5.685,48.582],[5.686,48.618],[5.7,48.608],[5.717,48.592]]]}},{"type":"Feature","properties":{"code":"55099","nom":"Champneuville","departement":"55","region":"44","epci":"200049187"},"geometry":{"type":"Polygon","coordinates":[[[5.375,49.254],[5.372,49.246],[5.341,49.225],[5.304,49.221],[5.297,49.223],[5.289,49.232],[5.303,49.243],[5.327,49.25],[5.376,49.255],[5.375,49.254]]]}},{"type":"Feature","properties":{"code":"55100","nom":"Champougny","departement":"55","region":"44","epci":"200066157"},"geometry":{"type":"Polygon","coordinates":[[[5.714,48.526],[5.707,48.527],[5.686,48.539],[5.674,48.551],[5.715,48.562],[5.729,48.554],[5.705,48.542],[5.714,48.526]]]}},{"type":"Feature","properties":{"code":"55101","nom":"Chardogne","departement":"55","region":"44","epci":"200033025"},"geometry":{"type":"Polygon","coordinates":[[[5.145,48.809],[5.137,48.81],[5.101,48.824],[5.104,48.838],[5.121,48.84],[5.168,48.832],[5.147,48.81],[5.145,48.809]]]}},{"type":"Feature","properties":{"code":"55102","nom":"Charny-sur-Meuse","departement":"55","region":"44","epci":"200049187"},"geometry":{"type":"Polygon","coordinates":[[[5.314,49.22],[5.364,49.219],[5.363,49.192],[5.349,49.182],[5.33,49.191],[5.314,49.22]]]}},{"type":"Feature","properties":{"code":"55103","nom":"Charpentry","departement":"55","region":"44","epci":"200066116"},"geometry":{"type":"Polygon","coordinates":[[[5.065,49.257],[5.05,49.251],[5.042,49.247],[5.025,49.25],[5.018,49.258],[5.051,49.267],[5.065,49.257]]]}},{"type":"Feature","properties":{"code":"55104","nom":"Chassey-Beaupré","departement":"55","region":"44","epci":"200066108"},"geometry":{"type":"Polygon","coordinates":[[[5.466,48.453],[5.465,48.425],[5.444,48.428],[5.408,48.448],[5.406,48.466],[5.466,48.453]]]}},{"type":"Feature","properties":{"code":"55105","nom":"Châtillon-sous-les-Côtes","departement":"55","region":"44","epci":"245501242"},"geometry":{"type":"Polygon","coordinates":[[[5.486,49.143],[5.51,49.155],[5.55,49.156],[5.549,49.153],[5.508,49.121],[5.496,49.121],[5.475,49.138],[5.486,49.143]]]}},{"type":"Feature","properties":{"code":"55106","nom":"Chattancourt","departement":"55","region":"44","epci":"200049187"},"geometry":{"type":"Polygon","coordinates":[[[5.297,49.223],[5.273,49.199],[5.242,49.206],[5.233,49.224],[5.289,49.232],[5.297,49.223]]]}},{"type":"Feature","properties":{"code":"55107","nom":"Chaumont-devant-Damvillers","departement":"55","region":"44","epci":"200066173"},"geometry":{"type":"Polygon","coordinates":[[[5.449,49.309],[5.446,49.302],[5.419,49.301],[5.407,49.317],[5.443,49.318],[5.449,49.309]]]}},{"type":"Feature","properties":{"code":"55108","nom":"Chaumont-sur-Aire","departement":"55","region":"44","epci":"200066140"},"geometry":{"type":"Polygon","coordinates":[[[5.308,48.928],[5.278,48.905],[5.235,48.924],[5.27,48.941],[5.308,48.928]]]}},{"type":"Feature","properties":{"code":"55111","nom":"Chauvoncourt","departement":"55","region":"44","epci":"245500327"},"geometry":{"type":"Polygon","coordinates":[[[5.499,48.878],[5.45,48.882],[5.486,48.9],[5.533,48.91],[5.54,48.902],[5.515,48.885],[5.499,48.878]]]}},{"type":"Feature","properties":{"code":"55113","nom":"Cheppy","departement":"55","region":"44","epci":"200066116"},"geometry":{"type":"Polygon","coordinates":[[[5.116,49.21],[5.101,49.203],[5.08,49.215],[5.054,49.206],[5.04,49.221],[5.042,49.247],[5.05,49.251],[5.084,49.239],[5.116,49.21]]]}},{"type":"Feature","properties":{"code":"55114","nom":"Chonville-Malaumont","departement":"55","region":"44","epci":"200066157"},"geometry":{"type":"Polygon","coordinates":[[[5.493,48.727],[5.489,48.73],[5.472,48.738],[5.454,48.756],[5.492,48.791],[5.509,48.787],[5.528,48.753],[5.493,48.727]]]}},{"type":"Feature","properties":{"code":"55115","nom":"Cierges-sous-Montfaucon","departement":"55","region":"44","epci":"200066116"},"geometry":{"type":"Polygon","coordinates":[[[5.059,49.29],[5.057,49.293],[5.087,49.311],[5.109,49.317],[5.117,49.315],[5.11,49.288],[5.059,49.29]]]}},{"type":"Feature","properties":{"code":"55116","nom":"Le Claon","departement":"55","region":"44","epci":"200066116"},"geometry":{"type":"Polygon","coordinates":[[[4.966,49.158],[5.02,49.144],[4.988,49.135],[4.975,49.133],[4.964,49.155],[4.966,49.158]]]}},{"type":"Feature","properties":{"code":"55117","nom":"Clermont-en-Argonne","departement":"55","region":"44","epci":"200066116"},"geometry":{"type":"Polygon","coordinates":[[[4.99,49.125],[4.988,49.135],[5.02,49.144],[5.031,49.138],[5.072,49.124],[5.096,49.125],[5.133,49.169],[5.152,49.175],[5.136,49.155],[5.14,49.137],[5.116,49.122],[5.141,49.102],[5.195,49.11],[5.197,49.093],[5.145,49.081],[5.111,49.091],[5.032,49.066],[5.023,49.072],[5.004,49.092],[5.033,49.106],[4.99,49.125]]]}},{"type":"Feature","properties":{"code":"55118","nom":"Cléry-le-Grand","departement":"55","region":"44","epci":"200066132"},"geometry":{"type":"Polygon","coordinates":[[[5.118,49.347],[5.117,49.347],[5.138,49.366],[5.133,49.381],[5.166,49.372],[5.142,49.345],[5.133,49.343],[5.118,49.347]]]}},{"type":"Feature","properties":{"code":"55119","nom":"Cléry-le-Petit","departement":"55","region":"44","epci":"200066132"},"geometry":{"type":"Polygon","coordinates":[[[5.19,49.372],[5.181,49.357],[5.142,49.345],[5.166,49.372],[5.183,49.384],[5.19,49.372]]]}},{"type":"Feature","properties":{"code":"55120","nom":"Combles-en-Barrois","departement":"55","region":"44","epci":"200033025"},"geometry":{"type":"Polygon","coordinates":[[[5.134,48.727],[5.131,48.724],[5.093,48.734],[5.087,48.76],[5.127,48.76],[5.134,48.727]]]}},{"type":"Feature","properties":{"code":"55121","nom":"Combres-sous-les-Côtes","departement":"55","region":"44","epci":"245501176"},"geometry":{"type":"Polygon","coordinates":[[[5.642,49.06],[5.618,49.05],[5.599,49.054],[5.615,49.07],[5.628,49.077],[5.642,49.06]]]}},{"type":"Feature","properties":{"code":"55122","nom":"Commercy","departement":"55","region":"44","epci":"200066157"},"geometry":{"type":"Polygon","coordinates":[[[5.588,48.725],[5.542,48.715],[5.505,48.714],[5.493,48.727],[5.528,48.753],[5.567,48.784],[5.616,48.76],[5.587,48.745],[5.588,48.725]]]}},{"type":"Feature","properties":{"code":"55123","nom":"Les Hauts-de-Chée","departement":"55","region":"44","epci":"200066140"},"geometry":{"type":"Polygon","coordinates":[[[5.206,48.841],[5.168,48.832],[5.121,48.84],[5.105,48.866],[5.124,48.891],[5.151,48.906],[5.18,48.885],[5.205,48.914],[5.206,48.908],[5.234,48.884],[5.223,48.868],[5.206,48.841]]]}},{"type":"Feature","properties":{"code":"55124","nom":"Consenvoye","departement":"55","region":"44","epci":"200066116"},"geometry":{"type":"Polygon","coordinates":[[[5.273,49.293],[5.273,49.297],[5.326,49.32],[5.328,49.319],[5.347,49.312],[5.353,49.305],[5.35,49.296],[5.35,49.296],[5.301,49.273],[5.274,49.284],[5.273,49.293]]]}},{"type":"Feature","properties":{"code":"55125","nom":"Contrisson","departement":"55","region":"44","epci":"245501184"},"geometry":{"type":"Polygon","coordinates":[[[4.998,48.809],[5,48.801],[4.972,48.788],[4.934,48.79],[4.925,48.792],[4.919,48.805],[4.941,48.818],[4.998,48.809]]]}},{"type":"Feature","properties":{"code":"55127","nom":"Courcelles-en-Barrois","departement":"55","region":"44","epci":"200066140"},"geometry":{"type":"Polygon","coordinates":[[[5.413,48.839],[5.458,48.835],[5.445,48.819],[5.426,48.812],[5.398,48.826],[5.413,48.839]]]}},{"type":"Feature","properties":{"code":"55128","nom":"Courcelles-sur-Aire","departement":"55","region":"44","epci":"200066140"},"geometry":{"type":"Polygon","coordinates":[[[5.275,48.944],[5.27,48.941],[5.235,48.924],[5.208,48.927],[5.192,48.937],[5.221,48.954],[5.265,48.952],[5.275,48.944]]]}},{"type":"Feature","properties":{"code":"55129","nom":"Courouvre","departement":"55","region":"44","epci":"200066140"},"geometry":{"type":"Polygon","coordinates":[[[5.341,48.96],[5.358,48.967],[5.382,48.935],[5.376,48.928],[5.352,48.925],[5.333,48.937],[5.341,48.96]]]}},{"type":"Feature","properties":{"code":"55132","nom":"Cousances-les-Forges","departement":"55","region":"44","epci":"200066108"},"geometry":{"type":"Polygon","coordinates":[[[5.119,48.596],[5.071,48.596],[5.057,48.632],[5.06,48.641],[5.095,48.64],[5.114,48.615],[5.119,48.596]]]}},{"type":"Feature","properties":{"code":"55133","nom":"Couvertpuis","departement":"55","region":"44","epci":"200066108"},"geometry":{"type":"Polygon","coordinates":[[[5.277,48.574],[5.287,48.591],[5.335,48.587],[5.312,48.563],[5.277,48.574]]]}},{"type":"Feature","properties":{"code":"55134","nom":"Couvonges","departement":"55","region":"44","epci":"245501184"},"geometry":{"type":"Polygon","coordinates":[[[5.058,48.777],[5.025,48.766],[5.026,48.789],[5.04,48.786],[5.058,48.777]]]}},{"type":"Feature","properties":{"code":"55137","nom":"Cuisy","departement":"55","region":"44","epci":"200066116"},"geometry":{"type":"Polygon","coordinates":[[[5.201,49.281],[5.214,49.268],[5.189,49.257],[5.163,49.259],[5.168,49.27],[5.201,49.281]]]}},{"type":"Feature","properties":{"code":"55138","nom":"Culey","departement":"55","region":"44","epci":"200033025"},"geometry":{"type":"Polygon","coordinates":[[[5.273,48.741],[5.259,48.742],[5.242,48.756],[5.255,48.788],[5.269,48.795],[5.275,48.792],[5.269,48.763],[5.301,48.748],[5.301,48.748],[5.273,48.741]]]}},{"type":"Feature","properties":{"code":"55139","nom":"Cumières-le-Mort-Homme","departement":"55","region":"44","epci":"200049187"},"geometry":{"type":"Polygon","coordinates":[[[5.226,49.233],[5.25,49.236],[5.3,49.248],[5.303,49.243],[5.289,49.232],[5.233,49.224],[5.226,49.233]]]}},{"type":"Feature","properties":{"code":"55140","nom":"Cunel","departement":"55","region":"44","epci":"200066132"},"geometry":{"type":"Polygon","coordinates":[[[5.126,49.319],[5.117,49.315],[5.109,49.317],[5.107,49.344],[5.118,49.347],[5.133,49.343],[5.126,49.319]]]}},{"type":"Feature","properties":{"code":"55141","nom":"Dagonville","departement":"55","region":"44","epci":"200066157"},"geometry":{"type":"Polygon","coordinates":[[[5.338,48.787],[5.36,48.799],[5.415,48.8],[5.429,48.789],[5.358,48.777],[5.338,48.787]]]}},{"type":"Feature","properties":{"code":"55142","nom":"Dainville-Bertheléville","departement":"55","region":"44","epci":"200066108"},"geometry":{"type":"Polygon","coordinates":[[[5.491,48.49],[5.502,48.478],[5.538,48.48],[5.566,48.461],[5.561,48.441],[5.516,48.431],[5.514,48.411],[5.47,48.421],[5.465,48.425],[5.466,48.453],[5.469,48.466],[5.491,48.49]]]}},{"type":"Feature","properties":{"code":"55143","nom":"Damloup","departement":"55","region":"44","epci":"245501242"},"geometry":{"type":"Polygon","coordinates":[[[5.483,49.188],[5.463,49.192],[5.491,49.207],[5.529,49.204],[5.508,49.197],[5.483,49.188]]]}},{"type":"Feature","properties":{"code":"55144","nom":"Dammarie-sur-Saulx","departement":"55","region":"44","epci":"200066108"},"geometry":{"type":"Polygon","coordinates":[[[5.187,48.594],[5.198,48.597],[5.25,48.603],[5.292,48.615],[5.302,48.611],[5.288,48.596],[5.205,48.583],[5.178,48.589],[5.187,48.594]]]}},{"type":"Feature","properties":{"code":"55145","nom":"Damvillers","departement":"55","region":"44","epci":"200066173"},"geometry":{"type":"Polygon","coordinates":[[[5.403,49.328],[5.387,49.331],[5.38,49.341],[5.383,49.355],[5.432,49.368],[5.436,49.361],[5.443,49.354],[5.45,49.35],[5.443,49.318],[5.407,49.317],[5.403,49.328]]]}},{"type":"Feature","properties":{"code":"55146","nom":"Dannevoux","departement":"55","region":"44","epci":"200066132"},"geometry":{"type":"Polygon","coordinates":[[[5.273,49.297],[5.273,49.293],[5.234,49.298],[5.201,49.29],[5.171,49.305],[5.192,49.311],[5.257,49.327],[5.273,49.297]]]}},{"type":"Feature","properties":{"code":"55148","nom":"Delouze-Rosières","departement":"55","region":"44","epci":"200066108"},"geometry":{"type":"Polygon","coordinates":[[[5.502,48.568],[5.512,48.586],[5.574,48.567],[5.536,48.55],[5.504,48.55],[5.502,48.568]]]}},{"type":"Feature","properties":{"code":"55150","nom":"Demange-Baudignécourt","departement":"55","region":"44","epci":"200066108"},"geometry":{"type":"Polygon","coordinates":[[[5.443,48.612],[5.488,48.611],[5.509,48.614],[5.512,48.586],[5.502,48.568],[5.479,48.561],[5.421,48.56],[5.413,48.568],[5.438,48.583],[5.443,48.612]]]}},{"type":"Feature","properties":{"code":"55153","nom":"Dieppe-sous-Douaumont","departement":"55","region":"44","epci":"245501242"},"geometry":{"type":"Polygon","coordinates":[[[5.491,49.207],[5.479,49.219],[5.508,49.238],[5.516,49.24],[5.545,49.23],[5.559,49.22],[5.562,49.214],[5.529,49.204],[5.491,49.207]]]}},{"type":"Feature","properties":{"code":"55154","nom":"Dieue-sur-Meuse","departement":"55","region":"44","epci":"200066165"},"geometry":{"type":"Polygon","coordinates":[[[5.405,49.094],[5.406,49.107],[5.436,49.106],[5.457,49.06],[5.424,49.049],[5.414,49.068],[5.405,49.094]]]}},{"type":"Feature","properties":{"code":"55155","nom":"Dombasle-en-Argonne","departement":"55","region":"44","epci":"200066116"},"geometry":{"type":"Polygon","coordinates":[[[5.223,49.156],[5.224,49.153],[5.197,49.126],[5.185,49.124],[5.17,49.13],[5.183,49.166],[5.223,49.156]]]}},{"type":"Feature","properties":{"code":"55157","nom":"Dommartin-la-Montagne","departement":"55","region":"44","epci":"245501176"},"geometry":{"type":"Polygon","coordinates":[[[5.582,49.023],[5.616,49.04],[5.626,49.032],[5.602,49.012],[5.576,49.013],[5.571,49.014],[5.582,49.023]]]}},{"type":"Feature","properties":{"code":"55158","nom":"Dommary-Baroncourt","departement":"55","region":"44","epci":"200066173"},"geometry":{"type":"Polygon","coordinates":[[[5.732,49.311],[5.75,49.31],[5.716,49.291],[5.725,49.27],[5.721,49.248],[5.713,49.247],[5.689,49.287],[5.696,49.307],[5.732,49.311]]]}},{"type":"Feature","properties":{"code":"55159","nom":"Dompcevrin","departement":"55","region":"44","epci":"245500327"},"geometry":{"type":"Polygon","coordinates":[[[5.5,48.922],[5.432,48.918],[5.432,48.918],[5.462,48.938],[5.498,48.944],[5.5,48.922]]]}},{"type":"Feature","properties":{"code":"55160","nom":"Dompierre-aux-Bois","departement":"55","region":"44","epci":"245500327"},"geometry":{"type":"Polygon","coordinates":[[[5.578,48.982],[5.567,49.002],[5.576,49.013],[5.602,49.012],[5.619,49.003],[5.578,48.982]]]}},{"type":"Feature","properties":{"code":"55162","nom":"Domremy-la-Canne","departement":"55","region":"44","epci":"200066173"},"geometry":{"type":"Polygon","coordinates":[[[5.684,49.307],[5.696,49.307],[5.689,49.287],[5.686,49.288],[5.684,49.307]]]}},{"type":"Feature","properties":{"code":"55163","nom":"Doncourt-aux-Templiers","departement":"55","region":"44","epci":"245501176"},"geometry":{"type":"Polygon","coordinates":[[[5.745,49.063],[5.745,49.06],[5.713,49.047],[5.695,49.052],[5.703,49.061],[5.737,49.073],[5.745,49.063]]]}},{"type":"Feature","properties":{"code":"55166","nom":"Dugny-sur-Meuse","departement":"55","region":"44","epci":"200066165"},"geometry":{"type":"Polygon","coordinates":[[[5.319,49.064],[5.355,49.101],[5.354,49.123],[5.374,49.133],[5.41,49.123],[5.406,49.107],[5.405,49.094],[5.36,49.081],[5.319,49.064]]]}},{"type":"Feature","properties":{"code":"55168","nom":"Duzey","departement":"55","region":"44","epci":"200066173"},"geometry":{"type":"Polygon","coordinates":[[[5.624,49.369],[5.642,49.371],[5.634,49.354],[5.591,49.348],[5.59,49.348],[5.624,49.369]]]}},{"type":"Feature","properties":{"code":"55170","nom":"Écurey-en-Verdunois","departement":"55","region":"44","epci":"200066173"},"geometry":{"type":"Polygon","coordinates":[[[5.309,49.354],[5.325,49.366],[5.375,49.365],[5.378,49.355],[5.31,49.347],[5.309,49.354]]]}},{"type":"Feature","properties":{"code":"55171","nom":"Eix","departement":"55","region":"44","epci":"245501242"},"geometry":{"type":"Polygon","coordinates":[[[5.428,49.165],[5.44,49.174],[5.483,49.188],[5.508,49.197],[5.519,49.185],[5.514,49.177],[5.477,49.166],[5.428,49.165]]]}},{"type":"Feature","properties":{"code":"55172","nom":"Les Éparges","departement":"55","region":"44","epci":"245501176"},"geometry":{"type":"Polygon","coordinates":[[[5.599,49.054],[5.57,49.048],[5.557,49.072],[5.594,49.079],[5.615,49.07],[5.599,49.054]]]}},{"type":"Feature","properties":{"code":"55173","nom":"Épiez-sur-Meuse","departement":"55","region":"44","epci":"200066157"},"geometry":{"type":"Polygon","coordinates":[[[5.653,48.541],[5.63,48.531],[5.606,48.529],[5.62,48.56],[5.653,48.541]]]}},{"type":"Feature","properties":{"code":"55174","nom":"Épinonville","departement":"55","region":"44","epci":"200066116"},"geometry":{"type":"Polygon","coordinates":[[[5.051,49.267],[5.051,49.274],[5.059,49.29],[5.11,49.288],[5.118,49.286],[5.104,49.26],[5.065,49.257],[5.051,49.267]]]}},{"type":"Feature","properties":{"code":"55175","nom":"Érize-la-Brûlée","departement":"55","region":"44","epci":"200066140"},"geometry":{"type":"Polygon","coordinates":[[[5.255,48.859],[5.286,48.865],[5.307,48.842],[5.31,48.832],[5.278,48.842],[5.246,48.828],[5.239,48.835],[5.255,48.859]]]}},{"type":"Feature","properties":{"code":"55177","nom":"Érize-la-Petite","departement":"55","region":"44","epci":"200066140"},"geometry":{"type":"Polygon","coordinates":[[[5.278,48.905],[5.273,48.899],[5.254,48.908],[5.206,48.908],[5.205,48.914],[5.208,48.927],[5.235,48.924],[5.278,48.905]]]}},{"type":"Feature","properties":{"code":"55178","nom":"Érize-Saint-Dizier","departement":"55","region":"44","epci":"200066140"},"geometry":{"type":"Polygon","coordinates":[[[5.307,48.83],[5.309,48.827],[5.305,48.798],[5.28,48.79],[5.275,48.792],[5.269,48.795],[5.25,48.814],[5.307,48.83]]]}},{"type":"Feature","properties":{"code":"55179","nom":"Erneville-aux-Bois","departement":"55","region":"44","epci":"200066157"},"geometry":{"type":"Polygon","coordinates":[[[5.344,48.735],[5.345,48.737],[5.361,48.75],[5.392,48.751],[5.444,48.768],[5.454,48.756],[5.472,48.738],[5.418,48.717],[5.365,48.729],[5.344,48.735]]]}},{"type":"Feature","properties":{"code":"55180","nom":"Esnes-en-Argonne","departement":"55","region":"44","epci":"200066116"},"geometry":{"type":"Polygon","coordinates":[[[5.211,49.228],[5.226,49.233],[5.233,49.224],[5.242,49.206],[5.185,49.186],[5.165,49.192],[5.175,49.215],[5.211,49.228]]]}},{"type":"Feature","properties":{"code":"55181","nom":"Étain","departement":"55","region":"44","epci":"245501242"},"geometry":{"type":"Polygon","coordinates":[[[5.622,49.196],[5.598,49.194],[5.607,49.213],[5.641,49.244],[5.669,49.235],[5.662,49.202],[5.622,49.196]]]}},{"type":"Feature","properties":{"code":"55182","nom":"Éton","departement":"55","region":"44","epci":"200066173"},"geometry":{"type":"Polygon","coordinates":[[[5.686,49.288],[5.689,49.287],[5.713,49.247],[5.687,49.242],[5.668,49.255],[5.664,49.28],[5.667,49.287],[5.686,49.288]]]}},{"type":"Feature","properties":{"code":"55183","nom":"Étraye","departement":"55","region":"44","epci":"200066173"},"geometry":{"type":"Polygon","coordinates":[[[5.38,49.341],[5.387,49.331],[5.347,49.312],[5.328,49.319],[5.343,49.337],[5.38,49.341]]]}},{"type":"Feature","properties":{"code":"55184","nom":"Euville","departement":"55","region":"44","epci":"200066157"},"geometry":{"type":"Polygon","coordinates":[[[5.616,48.76],[5.653,48.773],[5.719,48.748],[5.714,48.745],[5.681,48.728],[5.599,48.721],[5.588,48.725],[5.587,48.745],[5.616,48.76]]]}},{"type":"Feature","properties":{"code":"55185","nom":"Èvres","departement":"55","region":"44","epci":"200066140"},"geometry":{"type":"Polygon","coordinates":[[[5.098,48.989],[5.129,49.002],[5.163,48.979],[5.119,48.962],[5.111,48.964],[5.098,48.989]]]}},{"type":"Feature","properties":{"code":"55186","nom":"Fains-Véel","departement":"55","region":"44","epci":"200033025"},"geometry":{"type":"Polygon","coordinates":[[[5.137,48.81],[5.145,48.809],[5.157,48.798],[5.127,48.76],[5.087,48.76],[5.078,48.763],[5.063,48.774],[5.137,48.81]]]}},{"type":"Feature","properties":{"code":"55189","nom":"Fleury-devant-Douaumont","departement":"55","region":"44","epci":"200049187"},"geometry":{"type":"Polygon","coordinates":[[[5.463,49.192],[5.483,49.188],[5.44,49.174],[5.439,49.174],[5.403,49.189],[5.42,49.207],[5.447,49.214],[5.463,49.192]]]}},{"type":"Feature","properties":{"code":"55191","nom":"Foameix-Ornel","departement":"55","region":"44","epci":"245501242"},"geometry":{"type":"Polygon","coordinates":[[[5.598,49.218],[5.581,49.243],[5.583,49.256],[5.61,49.257],[5.641,49.244],[5.607,49.213],[5.598,49.218]]]}},{"type":"Feature","properties":{"code":"55193","nom":"Forges-sur-Meuse","departement":"55","region":"44","epci":"200066116"},"geometry":{"type":"Polygon","coordinates":[[[5.3,49.248],[5.25,49.236],[5.244,49.266],[5.274,49.284],[5.301,49.273],[5.315,49.266],[5.3,49.248]]]}},{"type":"Feature","properties":{"code":"55194","nom":"Foucaucourt-sur-Thabas","departement":"55","region":"44","epci":"200066140"},"geometry":{"type":"Polygon","coordinates":[[[5.129,49.002],[5.098,48.989],[5.075,48.992],[5.066,49.02],[5.078,49.025],[5.117,49.013],[5.128,49.01],[5.129,49.002]]]}},{"type":"Feature","properties":{"code":"55195","nom":"Fouchères-aux-Bois","departement":"55","region":"44","epci":"200066108"},"geometry":{"type":"Polygon","coordinates":[[[5.254,48.648],[5.258,48.649],[5.253,48.616],[5.231,48.624],[5.237,48.636],[5.254,48.648]]]}},{"type":"Feature","properties":{"code":"55196","nom":"Frémeréville-sous-les-Côtes","departement":"55","region":"44","epci":"200034874"},"geometry":{"type":"Polygon","coordinates":[[[5.659,48.819],[5.668,48.821],[5.675,48.817],[5.646,48.786],[5.634,48.791],[5.659,48.819]]]}},{"type":"Feature","properties":{"code":"55197","nom":"Fresnes-au-Mont","departement":"55","region":"44","epci":"200066140"},"geometry":{"type":"Polygon","coordinates":[[[5.432,48.918],[5.486,48.9],[5.45,48.882],[5.427,48.875],[5.4,48.905],[5.401,48.916],[5.407,48.921],[5.432,48.918],[5.432,48.918]]]}},{"type":"Feature","properties":{"code":"55198","nom":"Fresnes-en-Woëvre","departement":"55","region":"44","epci":"245501176"},"geometry":{"type":"Polygon","coordinates":[[[5.612,49.1],[5.616,49.119],[5.651,49.114],[5.658,49.105],[5.65,49.088],[5.632,49.085],[5.616,49.088],[5.612,49.1]]]}},{"type":"Feature","properties":{"code":"55199","nom":"Froidos","departement":"55","region":"44","epci":"200066116"},"geometry":{"type":"Polygon","coordinates":[[[5.16,49.065],[5.16,49.063],[5.102,49.049],[5.085,49.065],[5.142,49.073],[5.16,49.065]]]}},{"type":"Feature","properties":{"code":"55200","nom":"Fromeréville-les-Vallons","departement":"55","region":"44","epci":"200049187"},"geometry":{"type":"Polygon","coordinates":[[[5.262,49.184],[5.271,49.195],[5.317,49.19],[5.305,49.177],[5.329,49.153],[5.312,49.137],[5.286,49.143],[5.256,49.157],[5.262,49.184]]]}},{"type":"Feature","properties":{"code":"55201","nom":"Fromezey","departement":"55","region":"44","epci":"245501242"},"geometry":{"type":"Polygon","coordinates":[[[5.598,49.194],[5.587,49.196],[5.562,49.214],[5.559,49.22],[5.598,49.218],[5.607,49.213],[5.598,49.194]]]}},{"type":"Feature","properties":{"code":"55202","nom":"Futeau","departement":"55","region":"44","epci":"200066116"},"geometry":{"type":"Polygon","coordinates":[[[5.006,49.06],[5.004,49.066],[4.998,49.092],[5.004,49.092],[5.023,49.072],[5.006,49.06]]]}},{"type":"Feature","properties":{"code":"55204","nom":"Génicourt-sur-Meuse","departement":"55","region":"44","epci":"200066165"},"geometry":{"type":"Polygon","coordinates":[[[5.457,49.06],[5.459,49.058],[5.468,49.033],[5.426,49.03],[5.417,49.035],[5.424,49.049],[5.457,49.06]]]}},{"type":"Feature","properties":{"code":"55206","nom":"Gercourt-et-Drillancourt","departement":"55","region":"44","epci":"200066116"},"geometry":{"type":"Polygon","coordinates":[[[5.273,49.293],[5.274,49.284],[5.244,49.266],[5.214,49.268],[5.201,49.281],[5.201,49.29],[5.234,49.298],[5.273,49.293]]]}},{"type":"Feature","properties":{"code":"55207","nom":"Géry","departement":"55","region":"44","epci":"200066140"},"geometry":{"type":"Polygon","coordinates":[[[5.305,48.798],[5.328,48.792],[5.294,48.775],[5.28,48.79],[5.305,48.798]]]}},{"type":"Feature","properties":{"code":"55208","nom":"Gesnes-en-Argonne","departement":"55","region":"44","epci":"200066116"},"geometry":{"type":"Polygon","coordinates":[[[5.038,49.316],[5.087,49.311],[5.057,49.293],[5.038,49.316]]]}},{"type":"Feature","properties":{"code":"55210","nom":"Gimécourt","departement":"55","region":"44","epci":"200066140"},"geometry":{"type":"Polygon","coordinates":[[[5.366,48.83],[5.342,48.839],[5.377,48.865],[5.4,48.861],[5.415,48.852],[5.366,48.83]]]}},{"type":"Feature","properties":{"code":"55211","nom":"Gincrey","departement":"55","region":"44","epci":"245501242"},"geometry":{"type":"Polygon","coordinates":[[[5.564,49.286],[5.572,49.286],[5.583,49.256],[5.581,49.243],[5.553,49.236],[5.544,49.257],[5.544,49.268],[5.564,49.286]]]}},{"type":"Feature","properties":{"code":"55212","nom":"Girauvoisin","departement":"55","region":"44","epci":"200034874"},"geometry":{"type":"Polygon","coordinates":[[[5.613,48.807],[5.649,48.819],[5.659,48.819],[5.634,48.791],[5.615,48.796],[5.613,48.807]]]}},{"type":"Feature","properties":{"code":"55214","nom":"Givrauval","departement":"55","region":"44","epci":"200033025"},"geometry":{"type":"Polygon","coordinates":[[[5.29,48.641],[5.311,48.673],[5.347,48.675],[5.353,48.666],[5.338,48.657],[5.306,48.637],[5.29,48.641]]]}},{"type":"Feature","properties":{"code":"55215","nom":"Gondrecourt-le-Château","departement":"55","region":"44","epci":"200066108"},"geometry":{"type":"MultiPolygon","coordinates":[[[[5.406,48.466],[5.401,48.471],[5.425,48.497],[5.455,48.503],[5.452,48.482],[5.469,48.466],[5.466,48.453],[5.406,48.466]]],[[[5.566,48.461],[5.538,48.48],[5.502,48.478],[5.491,48.49],[5.466,48.505],[5.473,48.524],[5.496,48.52],[5.534,48.532],[5.565,48.511],[5.595,48.502],[5.575,48.491],[5.566,48.461]]]]}},{"type":"Feature","properties":{"code":"55216","nom":"Gouraincourt","departement":"55","region":"44","epci":"200066173"},"geometry":{"type":"Polygon","coordinates":[[[5.686,49.288],[5.667,49.287],[5.646,49.302],[5.662,49.307],[5.684,49.307],[5.686,49.288]]]}},{"type":"Feature","properties":{"code":"55217","nom":"Goussaincourt","departement":"55","region":"44","epci":"200066157"},"geometry":{"type":"Polygon","coordinates":[[[5.702,48.487],[5.69,48.468],[5.644,48.472],[5.642,48.485],[5.646,48.486],[5.66,48.498],[5.701,48.496],[5.702,48.487]]]}},{"type":"Feature","properties":{"code":"55218","nom":"Gremilly","departement":"55","region":"44","epci":"200066173"},"geometry":{"type":"Polygon","coordinates":[[[5.544,49.268],[5.541,49.268],[5.531,49.281],[5.462,49.262],[5.457,49.273],[5.517,49.304],[5.547,49.292],[5.564,49.286],[5.544,49.268]]]}},{"type":"Feature","properties":{"code":"55219","nom":"Grimaucourt-en-Woëvre","departement":"55","region":"44","epci":"245501242"},"geometry":{"type":"Polygon","coordinates":[[[5.583,49.166],[5.578,49.146],[5.574,49.144],[5.549,49.153],[5.55,49.156],[5.554,49.165],[5.567,49.18],[5.583,49.166]]]}},{"type":"Feature","properties":{"code":"55220","nom":"Grimaucourt-près-Sampigny","departement":"55","region":"44","epci":"200066157"},"geometry":{"type":"Polygon","coordinates":[[[5.453,48.798],[5.497,48.8],[5.492,48.791],[5.454,48.756],[5.444,48.768],[5.441,48.791],[5.453,48.798]]]}},{"type":"Feature","properties":{"code":"55221","nom":"Guerpont","departement":"55","region":"44","epci":"200033025"},"geometry":{"type":"Polygon","coordinates":[[[5.24,48.716],[5.259,48.742],[5.273,48.741],[5.243,48.697],[5.24,48.716]]]}},{"type":"Feature","properties":{"code":"55222","nom":"Gussainville","departement":"55","region":"44","epci":"245501242"},"geometry":{"type":"Polygon","coordinates":[[[5.646,49.163],[5.631,49.168],[5.64,49.179],[5.657,49.187],[5.691,49.176],[5.676,49.146],[5.646,49.163]]]}},{"type":"Feature","properties":{"code":"55224","nom":"Haironville","departement":"55","region":"44","epci":"200066108"},"geometry":{"type":"Polygon","coordinates":[[[5.12,48.7],[5.121,48.7],[5.089,48.668],[5.071,48.669],[5.062,48.677],[5.084,48.704],[5.12,48.7]]]}},{"type":"Feature","properties":{"code":"55228","nom":"Hannonville-sous-les-Côtes","departement":"55","region":"44","epci":"245501176"},"geometry":{"type":"Polygon","coordinates":[[[5.628,49.005],[5.619,49.003],[5.602,49.012],[5.626,49.032],[5.666,49.058],[5.703,49.061],[5.695,49.052],[5.681,49.035],[5.649,49.013],[5.628,49.005]]]}},{"type":"Feature","properties":{"code":"55229","nom":"Han-sur-Meuse","departement":"55","region":"44","epci":"245500327"},"geometry":{"type":"Polygon","coordinates":[[[5.519,48.868],[5.525,48.87],[5.548,48.875],[5.603,48.868],[5.574,48.846],[5.516,48.834],[5.51,48.843],[5.519,48.868]]]}},{"type":"Feature","properties":{"code":"55232","nom":"Harville","departement":"55","region":"44","epci":"245501176"},"geometry":{"type":"Polygon","coordinates":[[[5.739,49.076],[5.723,49.094],[5.699,49.091],[5.699,49.095],[5.718,49.113],[5.732,49.113],[5.732,49.112],[5.756,49.086],[5.739,49.076]]]}},{"type":"Feature","properties":{"code":"55236","nom":"Haudainville","departement":"55","region":"44","epci":"200049187"},"geometry":{"type":"Polygon","coordinates":[[[5.463,49.135],[5.436,49.106],[5.406,49.107],[5.41,49.123],[5.4,49.14],[5.41,49.144],[5.463,49.135]]]}},{"type":"Feature","properties":{"code":"55237","nom":"Haudiomont","departement":"55","region":"44","epci":"245501176"},"geometry":{"type":"Polygon","coordinates":[[[5.525,49.095],[5.521,49.094],[5.496,49.121],[5.508,49.121],[5.537,49.127],[5.579,49.132],[5.577,49.11],[5.525,49.095]]]}},{"type":"Feature","properties":{"code":"55239","nom":"Haumont-près-Samogneux","departement":"55","region":"44","epci":"200049187"},"geometry":{"type":"Polygon","coordinates":[[[5.38,49.256],[5.339,49.271],[5.35,49.296],[5.35,49.296],[5.406,49.276],[5.38,49.256]]]}},{"type":"Feature","properties":{"code":"55241","nom":"Heippes","departement":"55","region":"44","epci":"200066165"},"geometry":{"type":"Polygon","coordinates":[[[5.25,48.983],[5.251,48.991],[5.257,49.016],[5.301,49.01],[5.305,48.987],[5.266,48.992],[5.25,48.983]]]}},{"type":"Feature","properties":{"code":"55242","nom":"Hennemont","departement":"55","region":"44","epci":"245501176"},"geometry":{"type":"Polygon","coordinates":[[[5.694,49.144],[5.706,49.142],[5.684,49.126],[5.653,49.123],[5.639,49.144],[5.646,49.163],[5.676,49.146],[5.694,49.144]]]}},{"type":"Feature","properties":{"code":"55243","nom":"Herbeuville","departement":"55","region":"44","epci":"245501176"},"geometry":{"type":"Polygon","coordinates":[[[5.618,49.05],[5.642,49.06],[5.663,49.063],[5.666,49.058],[5.626,49.032],[5.616,49.04],[5.618,49.05]]]}},{"type":"Feature","properties":{"code":"55244","nom":"Herméville-en-Woëvre","departement":"55","region":"44","epci":"245501242"},"geometry":{"type":"Polygon","coordinates":[[[5.605,49.156],[5.583,49.166],[5.567,49.18],[5.569,49.187],[5.587,49.196],[5.598,49.194],[5.622,49.196],[5.64,49.179],[5.631,49.168],[5.605,49.156]]]}},{"type":"Feature","properties":{"code":"55245","nom":"Heudicourt-sous-les-Côtes","departement":"55","region":"44","epci":"200034874"},"geometry":{"type":"Polygon","coordinates":[[[5.696,48.954],[5.731,48.951],[5.728,48.922],[5.658,48.931],[5.696,48.954]]]}},{"type":"Feature","properties":{"code":"55246","nom":"Hévilliers","departement":"55","region":"44","epci":"200066108"},"geometry":{"type":"Polygon","coordinates":[[[5.287,48.591],[5.288,48.596],[5.302,48.611],[5.325,48.612],[5.35,48.619],[5.364,48.61],[5.351,48.587],[5.335,48.587],[5.287,48.591]]]}},{"type":"Feature","properties":{"code":"55247","nom":"Horville-en-Ornois","departement":"55","region":"44","epci":"200066108"},"geometry":{"type":"Polygon","coordinates":[[[5.466,48.505],[5.491,48.49],[5.469,48.466],[5.452,48.482],[5.455,48.503],[5.466,48.505]]]}},{"type":"Feature","properties":{"code":"55248","nom":"Houdelaincourt","departement":"55","region":"44","epci":"200066108"},"geometry":{"type":"Polygon","coordinates":[[[5.475,48.532],[5.413,48.55],[5.413,48.568],[5.421,48.56],[5.479,48.561],[5.502,48.568],[5.504,48.55],[5.475,48.532]]]}},{"type":"Feature","properties":{"code":"55251","nom":"Ippécourt","departement":"55","region":"44","epci":"200066140"},"geometry":{"type":"Polygon","coordinates":[[[5.184,49.044],[5.184,49.045],[5.218,49.059],[5.231,49.06],[5.232,49.058],[5.233,49.028],[5.232,49.028],[5.21,49.017],[5.185,49.035],[5.184,49.044]]]}},{"type":"Feature","properties":{"code":"55253","nom":"Les Islettes","departement":"55","region":"44","epci":"200066116"},"geometry":{"type":"Polygon","coordinates":[[[4.99,49.125],[5.033,49.106],[5.004,49.092],[4.998,49.092],[4.985,49.122],[4.99,49.125]]]}},{"type":"Feature","properties":{"code":"55254","nom":"Les Trois-Domaines","departement":"55","region":"44","epci":"200066140"},"geometry":{"type":"Polygon","coordinates":[[[5.25,48.983],[5.266,48.992],[5.305,48.987],[5.335,48.97],[5.288,48.958],[5.275,48.944],[5.265,48.952],[5.25,48.983]]]}},{"type":"Feature","properties":{"code":"55256","nom":"Jonville-en-Woëvre","departement":"55","region":"44","epci":"200034874"},"geometry":{"type":"Polygon","coordinates":[[[5.808,49.076],[5.806,49.064],[5.778,49.052],[5.745,49.06],[5.745,49.063],[5.776,49.084],[5.808,49.076]]]}},{"type":"Feature","properties":{"code":"55257","nom":"Jouy-en-Argonne","departement":"55","region":"44","epci":"200066116"},"geometry":{"type":"Polygon","coordinates":[[[5.245,49.129],[5.202,49.123],[5.197,49.126],[5.224,49.153],[5.245,49.129]]]}},{"type":"Feature","properties":{"code":"55258","nom":"Geville","departement":"55","region":"44","epci":"200034874"},"geometry":{"type":"Polygon","coordinates":[[[5.763,48.794],[5.778,48.8],[5.776,48.79],[5.737,48.771],[5.719,48.748],[5.653,48.773],[5.646,48.786],[5.675,48.817],[5.723,48.792],[5.763,48.794]]]}},{"type":"Feature","properties":{"code":"55260","nom":"Julvécourt","departement":"55","region":"44","epci":"200066165"},"geometry":{"type":"Polygon","coordinates":[[[5.16,49.063],[5.16,49.065],[5.213,49.069],[5.218,49.059],[5.184,49.045],[5.16,49.063]]]}},{"type":"Feature","properties":{"code":"55261","nom":"Juvigny-en-Perthois","departement":"55","region":"44","epci":"200066108"},"geometry":{"type":"Polygon","coordinates":[[[5.178,48.589],[5.174,48.586],[5.141,48.594],[5.158,48.61],[5.177,48.604],[5.187,48.594],[5.178,48.589]]]}},{"type":"Feature","properties":{"code":"55263","nom":"Kœur-la-Grande","departement":"55","region":"44","epci":"245500327"},"geometry":{"type":"Polygon","coordinates":[[[5.45,48.882],[5.499,48.878],[5.492,48.864],[5.456,48.864],[5.427,48.875],[5.45,48.882]]]}},{"type":"Feature","properties":{"code":"55264","nom":"Kœur-la-Petite","departement":"55","region":"44","epci":"245500327"},"geometry":{"type":"Polygon","coordinates":[[[5.458,48.835],[5.413,48.839],[5.415,48.852],[5.4,48.861],[5.415,48.869],[5.427,48.875],[5.456,48.864],[5.492,48.864],[5.519,48.868],[5.51,48.843],[5.458,48.835]]]}},{"type":"Feature","properties":{"code":"55265","nom":"Labeuville","departement":"55","region":"44","epci":"245501176"},"geometry":{"type":"Polygon","coordinates":[[[5.772,49.105],[5.777,49.112],[5.808,49.111],[5.776,49.084],[5.745,49.063],[5.737,49.073],[5.739,49.076],[5.756,49.086],[5.772,49.105]]]}},{"type":"Feature","properties":{"code":"55266","nom":"Lachalade","departement":"55","region":"44","epci":"200066116"},"geometry":{"type":"Polygon","coordinates":[[[4.942,49.187],[5.01,49.197],[5.03,49.176],[5.008,49.157],[4.966,49.158],[4.964,49.155],[4.954,49.171],[4.942,49.187]]]}},{"type":"Feature","properties":{"code":"55267","nom":"Lachaussée","departement":"55","region":"44","epci":"200034874"},"geometry":{"type":"Polygon","coordinates":[[[5.836,49.066],[5.854,49.041],[5.829,49.027],[5.813,49.005],[5.794,49.018],[5.749,49.009],[5.744,49.021],[5.778,49.052],[5.806,49.064],[5.836,49.066]]]}},{"type":"Feature","properties":{"code":"55268","nom":"Lacroix-sur-Meuse","departement":"55","region":"44","epci":"245500327"},"geometry":{"type":"Polygon","coordinates":[[[5.512,48.955],[5.493,48.974],[5.476,48.981],[5.531,49.005],[5.571,49.014],[5.576,49.013],[5.567,49.002],[5.561,48.975],[5.55,48.961],[5.512,48.955]]]}},{"type":"Feature","properties":{"code":"55269","nom":"Lahaymeix","departement":"55","region":"44","epci":"200066140"},"geometry":{"type":"Polygon","coordinates":[[[5.451,48.945],[5.462,48.938],[5.432,48.918],[5.407,48.921],[5.376,48.928],[5.382,48.935],[5.417,48.952],[5.451,48.945]]]}},{"type":"Feature","properties":{"code":"55270","nom":"Lahayville","departement":"55","region":"44","epci":"200034874"},"geometry":{"type":"Polygon","coordinates":[[[5.787,48.878],[5.778,48.876],[5.749,48.901],[5.753,48.913],[5.757,48.913],[5.757,48.91],[5.787,48.878]]]}},{"type":"Feature","properties":{"code":"55271","nom":"Laheycourt","departement":"55","region":"44","epci":"245501184"},"geometry":{"type":"Polygon","coordinates":[[[5.017,48.921],[5.042,48.93],[5.076,48.903],[5.041,48.903],[5.045,48.884],[5.037,48.872],[5.02,48.875],[5.003,48.907],[5.017,48.921]]]}},{"type":"Feature","properties":{"code":"55272","nom":"Laimont","departement":"55","region":"44","epci":"245501184"},"geometry":{"type":"Polygon","coordinates":[[[5.046,48.857],[5.071,48.85],[5.073,48.844],[5.048,48.826],[5.016,48.833],[5.009,48.84],[5.011,48.847],[5.046,48.857]]]}},{"type":"Feature","properties":{"code":"55274","nom":"Lamorville","departement":"55","region":"44","epci":"200034874"},"geometry":{"type":"Polygon","coordinates":[[[5.619,49.003],[5.628,49.005],[5.642,48.992],[5.642,48.968],[5.608,48.955],[5.583,48.932],[5.551,48.923],[5.533,48.941],[5.55,48.961],[5.561,48.975],[5.578,48.982],[5.619,49.003]]]}},{"type":"Feature","properties":{"code":"55276","nom":"Landrecourt-Lempire","departement":"55","region":"44","epci":"200066165"},"geometry":{"type":"Polygon","coordinates":[[[5.318,49.119],[5.336,49.113],[5.354,49.123],[5.355,49.101],[5.319,49.064],[5.313,49.063],[5.292,49.086],[5.298,49.095],[5.318,49.119]]]}},{"type":"Feature","properties":{"code":"55278","nom":"Laneuville-au-Rupt","departement":"55","region":"44","epci":"200066157"},"geometry":{"type":"Polygon","coordinates":[[[5.542,48.715],[5.588,48.725],[5.599,48.721],[5.611,48.708],[5.579,48.687],[5.542,48.715]]]}},{"type":"Feature","properties":{"code":"55280","nom":"Lanhères","departement":"55","region":"44","epci":"245501242"},"geometry":{"type":"Polygon","coordinates":[[[5.729,49.225],[5.723,49.199],[5.7,49.194],[5.695,49.2],[5.729,49.225]]]}},{"type":"Feature","properties":{"code":"55281","nom":"Latour-en-Woëvre","departement":"55","region":"44","epci":"245501176"},"geometry":{"type":"Polygon","coordinates":[[[5.808,49.111],[5.818,49.111],[5.819,49.086],[5.808,49.076],[5.776,49.084],[5.808,49.111]]]}},{"type":"Feature","properties":{"code":"55282","nom":"Lavallée","departement":"55","region":"44","epci":"200066140"},"geometry":{"type":"Polygon","coordinates":[[[5.36,48.799],[5.338,48.787],[5.335,48.786],[5.328,48.792],[5.305,48.798],[5.309,48.827],[5.367,48.816],[5.36,48.799]]]}},{"type":"Feature","properties":{"code":"55284","nom":"Lavincourt","departement":"55","region":"44","epci":"200066108"},"geometry":{"type":"Polygon","coordinates":[[[5.158,48.669],[5.169,48.663],[5.148,48.644],[5.121,48.652],[5.125,48.657],[5.158,48.669]]]}},{"type":"Feature","properties":{"code":"55285","nom":"Lavoye","departement":"55","region":"44","epci":"200066140"},"geometry":{"type":"Polygon","coordinates":[[[5.184,49.045],[5.184,49.044],[5.123,49.044],[5.101,49.036],[5.094,49.036],[5.102,49.049],[5.16,49.063],[5.184,49.045]]]}},{"type":"Feature","properties":{"code":"55286","nom":"Lemmes","departement":"55","region":"44","epci":"200066165"},"geometry":{"type":"Polygon","coordinates":[[[5.284,49.081],[5.292,49.086],[5.313,49.063],[5.308,49.054],[5.276,49.05],[5.262,49.057],[5.284,49.081]]]}},{"type":"Feature","properties":{"code":"55288","nom":"Lérouville","departement":"55","region":"44","epci":"200066157"},"geometry":{"type":"Polygon","coordinates":[[[5.537,48.799],[5.553,48.801],[5.569,48.788],[5.567,48.784],[5.528,48.753],[5.509,48.787],[5.537,48.799]]]}},{"type":"Feature","properties":{"code":"55289","nom":"Levoncourt","departement":"55","region":"44","epci":"200066140"},"geometry":{"type":"Polygon","coordinates":[[[5.309,48.827],[5.307,48.83],[5.31,48.832],[5.342,48.839],[5.366,48.83],[5.396,48.826],[5.367,48.816],[5.309,48.827]]]}},{"type":"Feature","properties":{"code":"55290","nom":"Lignières-sur-Aire","departement":"55","region":"44","epci":"200066140"},"geometry":{"type":"Polygon","coordinates":[[[5.426,48.812],[5.415,48.8],[5.36,48.799],[5.367,48.816],[5.396,48.826],[5.398,48.826],[5.426,48.812]]]}},{"type":"Feature","properties":{"code":"55291","nom":"Ligny-en-Barrois","departement":"55","region":"44","epci":"200033025"},"geometry":{"type":"Polygon","coordinates":[[[5.347,48.675],[5.311,48.673],[5.29,48.641],[5.292,48.615],[5.25,48.603],[5.253,48.616],[5.258,48.649],[5.265,48.683],[5.267,48.683],[5.307,48.687],[5.338,48.707],[5.362,48.696],[5.347,48.675]]]}},{"type":"Feature","properties":{"code":"55292","nom":"Liny-devant-Dun","departement":"55","region":"44","epci":"200066132"},"geometry":{"type":"Polygon","coordinates":[[[5.19,49.372],[5.216,49.369],[5.234,49.357],[5.201,49.335],[5.181,49.357],[5.19,49.372]]]}},{"type":"Feature","properties":{"code":"55295","nom":"Lisle-en-Barrois","departement":"55","region":"44","epci":"200066140"},"geometry":{"type":"Polygon","coordinates":[[[5.076,48.903],[5.042,48.93],[5.017,48.921],[5.013,48.937],[5.014,48.946],[5.031,48.954],[5.048,48.944],[5.117,48.921],[5.151,48.925],[5.151,48.906],[5.124,48.891],[5.12,48.896],[5.076,48.903]]]}},{"type":"Feature","properties":{"code":"55296","nom":"L'Isle-en-Rigault","departement":"55","region":"44","epci":"200066108"},"geometry":{"type":"Polygon","coordinates":[[[5.022,48.69],[5.006,48.699],[5.016,48.71],[5.044,48.731],[5.061,48.724],[5.063,48.711],[5.03,48.693],[5.022,48.69]]]}},{"type":"Feature","properties":{"code":"55298","nom":"Loisey","departement":"55","region":"44","epci":"200033025"},"geometry":{"type":"Polygon","coordinates":[[[5.328,48.792],[5.335,48.786],[5.301,48.748],[5.269,48.763],[5.275,48.792],[5.28,48.79],[5.294,48.775],[5.328,48.792]]]}},{"type":"Feature","properties":{"code":"55299","nom":"Loison","departement":"55","region":"44","epci":"200066173"},"geometry":{"type":"Polygon","coordinates":[[[5.547,49.292],[5.556,49.308],[5.602,49.314],[5.615,49.328],[5.627,49.325],[5.633,49.306],[5.601,49.302],[5.572,49.286],[5.564,49.286],[5.547,49.292]]]}},{"type":"Feature","properties":{"code":"55300","nom":"Longeaux","departement":"55","region":"44","epci":"200033025"},"geometry":{"type":"Polygon","coordinates":[[[5.306,48.637],[5.338,48.657],[5.348,48.645],[5.317,48.624],[5.306,48.637]]]}},{"type":"Feature","properties":{"code":"55301","nom":"Longchamps-sur-Aire","departement":"55","region":"44","epci":"200066140"},"geometry":{"type":"Polygon","coordinates":[[[5.273,48.899],[5.278,48.905],[5.308,48.928],[5.333,48.937],[5.352,48.925],[5.284,48.886],[5.273,48.899]]]}},{"type":"Feature","properties":{"code":"55302","nom":"Longeville-en-Barrois","departement":"55","region":"44","epci":"200033025"},"geometry":{"type":"Polygon","coordinates":[[[5.242,48.748],[5.191,48.714],[5.167,48.731],[5.193,48.755],[5.206,48.763],[5.242,48.756],[5.242,48.748]]]}},{"type":"Feature","properties":{"code":"55303","nom":"Loupmont","departement":"55","region":"44","epci":"200034874"},"geometry":{"type":"Polygon","coordinates":[[[5.704,48.888],[5.707,48.88],[5.692,48.854],[5.673,48.839],[5.65,48.861],[5.684,48.877],[5.688,48.893],[5.704,48.888]]]}},{"type":"Feature","properties":{"code":"55304","nom":"Louppy-le-Château","departement":"55","region":"44","epci":"200066140"},"geometry":{"type":"Polygon","coordinates":[[[5.071,48.85],[5.046,48.857],[5.037,48.872],[5.045,48.884],[5.092,48.876],[5.12,48.896],[5.124,48.891],[5.105,48.866],[5.121,48.84],[5.104,48.838],[5.071,48.85]]]}},{"type":"Feature","properties":{"code":"55307","nom":"Louvemont-Côte-du-Poivre","departement":"55","region":"44","epci":"200049187"},"geometry":{"type":"Polygon","coordinates":[[[5.372,49.246],[5.375,49.254],[5.426,49.25],[5.422,49.234],[5.414,49.226],[5.391,49.23],[5.372,49.246]]]}},{"type":"Feature","properties":{"code":"55311","nom":"Maizeray","departement":"55","region":"44","epci":"245501176"},"geometry":{"type":"Polygon","coordinates":[[[5.685,49.102],[5.684,49.105],[5.688,49.113],[5.718,49.113],[5.699,49.095],[5.685,49.102]]]}},{"type":"Feature","properties":{"code":"55312","nom":"Maizey","departement":"55","region":"44","epci":"245500327"},"geometry":{"type":"Polygon","coordinates":[[[5.498,48.944],[5.499,48.946],[5.533,48.941],[5.551,48.923],[5.583,48.932],[5.59,48.921],[5.54,48.902],[5.533,48.91],[5.5,48.922],[5.498,48.944]]]}},{"type":"Feature","properties":{"code":"55313","nom":"Malancourt","departement":"55","region":"44","epci":"200066116"},"geometry":{"type":"Polygon","coordinates":[[[5.189,49.257],[5.211,49.228],[5.175,49.215],[5.141,49.221],[5.163,49.259],[5.189,49.257]]]}},{"type":"Feature","properties":{"code":"55315","nom":"Mandres-en-Barrois","departement":"55","region":"44","epci":"200066108"},"geometry":{"type":"Polygon","coordinates":[[[5.372,48.519],[5.368,48.535],[5.425,48.497],[5.401,48.471],[5.369,48.477],[5.372,48.519]]]}},{"type":"Feature","properties":{"code":"55316","nom":"Mangiennes","departement":"55","region":"44","epci":"200066173"},"geometry":{"type":"Polygon","coordinates":[[[5.499,49.314],[5.498,49.332],[5.531,49.376],[5.545,49.376],[5.578,49.351],[5.541,49.339],[5.515,49.314],[5.499,49.314]]]}},{"type":"Feature","properties":{"code":"55317","nom":"Manheulles","departement":"55","region":"44","epci":"245501176"},"geometry":{"type":"Polygon","coordinates":[[[5.616,49.119],[5.612,49.1],[5.577,49.11],[5.579,49.132],[5.573,49.14],[5.574,49.144],[5.578,49.146],[5.616,49.119]]]}},{"type":"Feature","properties":{"code":"55320","nom":"Marchéville-en-Woëvre","departement":"55","region":"44","epci":"245501176"},"geometry":{"type":"Polygon","coordinates":[[[5.699,49.095],[5.699,49.091],[5.682,49.077],[5.657,49.084],[5.685,49.102],[5.699,49.095]]]}},{"type":"Feature","properties":{"code":"55321","nom":"Marre","departement":"55","region":"44","epci":"200049187"},"geometry":{"type":"Polygon","coordinates":[[[5.273,49.199],[5.297,49.223],[5.304,49.221],[5.314,49.22],[5.33,49.191],[5.317,49.19],[5.271,49.195],[5.273,49.199]]]}},{"type":"Feature","properties":{"code":"55322","nom":"Marson-sur-Barboure","departement":"55","region":"44","epci":"200066157"},"geometry":{"type":"Polygon","coordinates":[[[5.443,48.614],[5.42,48.627],[5.444,48.653],[5.469,48.642],[5.443,48.614],[5.443,48.614]]]}},{"type":"Feature","properties":{"code":"55325","nom":"Maucourt-sur-Orne","departement":"55","region":"44","epci":"245501242"},"geometry":{"type":"Polygon","coordinates":[[[5.541,49.268],[5.544,49.268],[5.544,49.257],[5.516,49.24],[5.508,49.238],[5.481,49.245],[5.541,49.268]]]}},{"type":"Feature","properties":{"code":"55326","nom":"Maulan","departement":"55","region":"44","epci":"200066108"},"geometry":{"type":"Polygon","coordinates":[[[5.258,48.649],[5.254,48.648],[5.238,48.664],[5.265,48.683],[5.258,48.649]]]}},{"type":"Feature","properties":{"code":"55327","nom":"Mauvages","departement":"55","region":"44","epci":"200066108"},"geometry":{"type":"Polygon","coordinates":[[[5.526,48.618],[5.54,48.62],[5.586,48.607],[5.592,48.592],[5.574,48.567],[5.512,48.586],[5.509,48.614],[5.526,48.618]]]}},{"type":"Feature","properties":{"code":"55328","nom":"Maxey-sur-Vaise","departement":"55","region":"44","epci":"200066157"},"geometry":{"type":"Polygon","coordinates":[[[5.629,48.512],[5.63,48.531],[5.653,48.541],[5.674,48.557],[5.674,48.551],[5.686,48.539],[5.645,48.508],[5.629,48.512]]]}},{"type":"Feature","properties":{"code":"55329","nom":"Mécrin","departement":"55","region":"44","epci":"200066157"},"geometry":{"type":"Polygon","coordinates":[[[5.528,48.814],[5.516,48.834],[5.574,48.846],[5.577,48.824],[5.532,48.808],[5.528,48.814]]]}},{"type":"Feature","properties":{"code":"55330","nom":"Méligny-le-Grand","departement":"55","region":"44","epci":"200066157"},"geometry":{"type":"Polygon","coordinates":[[[5.518,48.68],[5.512,48.664],[5.493,48.651],[5.468,48.674],[5.466,48.694],[5.499,48.697],[5.518,48.68]]]}},{"type":"Feature","properties":{"code":"55331","nom":"Méligny-le-Petit","departement":"55","region":"44","epci":"200066157"},"geometry":{"type":"Polygon","coordinates":[[[5.488,48.641],[5.469,48.642],[5.444,48.653],[5.445,48.654],[5.468,48.674],[5.493,48.651],[5.488,48.641]]]}},{"type":"Feature","properties":{"code":"55332","nom":"Menaucourt","departement":"55","region":"44","epci":"200033025"},"geometry":{"type":"Polygon","coordinates":[[[5.338,48.657],[5.353,48.666],[5.384,48.653],[5.359,48.642],[5.348,48.645],[5.338,48.657]]]}},{"type":"Feature","properties":{"code":"55333","nom":"Ménil-aux-Bois","departement":"55","region":"44","epci":"245500327"},"geometry":{"type":"Polygon","coordinates":[[[5.415,48.8],[5.426,48.812],[5.445,48.819],[5.453,48.798],[5.441,48.791],[5.429,48.789],[5.415,48.8]]]}},{"type":"Feature","properties":{"code":"55334","nom":"Ménil-la-Horgne","departement":"55","region":"44","epci":"200066157"},"geometry":{"type":"Polygon","coordinates":[[[5.505,48.714],[5.542,48.715],[5.579,48.687],[5.577,48.685],[5.518,48.68],[5.499,48.697],[5.505,48.714]]]}},{"type":"Feature","properties":{"code":"55335","nom":"Ménil-sur-Saulx","departement":"55","region":"44","epci":"200066108"},"geometry":{"type":"Polygon","coordinates":[[[5.198,48.597],[5.187,48.594],[5.177,48.604],[5.185,48.629],[5.21,48.641],[5.237,48.636],[5.231,48.624],[5.198,48.597]]]}},{"type":"Feature","properties":{"code":"55336","nom":"Merles-sur-Loison","departement":"55","region":"44","epci":"200066173"},"geometry":{"type":"Polygon","coordinates":[[[5.45,49.35],[5.443,49.354],[5.474,49.389],[5.485,49.383],[5.5,49.375],[5.473,49.342],[5.45,49.35]]]}},{"type":"Feature","properties":{"code":"55339","nom":"Mogeville","departement":"55","region":"44","epci":"245501242"},"geometry":{"type":"Polygon","coordinates":[[[5.553,49.236],[5.545,49.23],[5.516,49.24],[5.544,49.257],[5.553,49.236]]]}},{"type":"Feature","properties":{"code":"55340","nom":"Mognéville","departement":"55","region":"44","epci":"245501184"},"geometry":{"type":"Polygon","coordinates":[[[4.953,48.768],[4.949,48.77],[4.972,48.788],[5,48.801],[5.026,48.789],[5.025,48.766],[4.98,48.748],[4.953,48.768]]]}},{"type":"Feature","properties":{"code":"55341","nom":"Moirey-Flabas-Crépion","departement":"55","region":"44","epci":"200066173"},"geometry":{"type":"Polygon","coordinates":[[[5.413,49.281],[5.406,49.276],[5.35,49.296],[5.353,49.305],[5.403,49.328],[5.407,49.317],[5.419,49.301],[5.413,49.281]]]}},{"type":"Feature","properties":{"code":"55343","nom":"Montblainville","departement":"55","region":"44","epci":"200066116"},"geometry":{"type":"Polygon","coordinates":[[[4.951,49.237],[5,49.261],[5.018,49.258],[5.025,49.25],[5.021,49.234],[4.978,49.22],[4.951,49.237],[4.951,49.237]]]}},{"type":"Feature","properties":{"code":"55344","nom":"Montbras","departement":"55","region":"44","epci":"200066157"},"geometry":{"type":"Polygon","coordinates":[[[5.714,48.526],[5.719,48.523],[5.707,48.504],[5.668,48.502],[5.707,48.527],[5.714,48.526]]]}},{"type":"Feature","properties":{"code":"55346","nom":"Montfaucon-d'Argonne","departement":"55","region":"44","epci":"200066116"},"geometry":{"type":"Polygon","coordinates":[[[5.163,49.259],[5.141,49.221],[5.127,49.221],[5.104,49.26],[5.118,49.286],[5.151,49.29],[5.168,49.27],[5.163,49.259]]]}},{"type":"Feature","properties":{"code":"55347","nom":"Les Monthairons","departement":"55","region":"44","epci":"200066165"},"geometry":{"type":"Polygon","coordinates":[[[5.369,49.023],[5.361,49.023],[5.35,49.034],[5.414,49.068],[5.424,49.049],[5.417,49.035],[5.369,49.023]]]}},{"type":"Feature","properties":{"code":"55348","nom":"Montiers-sur-Saulx","departement":"55","region":"44","epci":"200066108"},"geometry":{"type":"Polygon","coordinates":[[[5.296,48.508],[5.289,48.511],[5.222,48.526],[5.212,48.529],[5.197,48.547],[5.216,48.558],[5.277,48.574],[5.312,48.563],[5.327,48.551],[5.324,48.536],[5.306,48.516],[5.296,48.508]]]}},{"type":"Feature","properties":{"code":"55350","nom":"Montigny-lès-Vaucouleurs","departement":"55","region":"44","epci":"200066157"},"geometry":{"type":"Polygon","coordinates":[[[5.574,48.567],[5.592,48.592],[5.631,48.581],[5.628,48.565],[5.615,48.565],[5.574,48.567]]]}},{"type":"Feature","properties":{"code":"55352","nom":"Montplonne","departement":"55","region":"44","epci":"200066108"},"geometry":{"type":"Polygon","coordinates":[[[5.131,48.724],[5.134,48.727],[5.165,48.732],[5.167,48.731],[5.191,48.714],[5.208,48.69],[5.198,48.679],[5.169,48.663],[5.158,48.669],[5.14,48.716],[5.131,48.724]]]}},{"type":"Feature","properties":{"code":"55353","nom":"Montsec","departement":"55","region":"44","epci":"200034874"},"geometry":{"type":"Polygon","coordinates":[[[5.707,48.88],[5.704,48.888],[5.735,48.9],[5.731,48.881],[5.707,48.88]]]}},{"type":"Feature","properties":{"code":"55355","nom":"Montzéville","departement":"55","region":"44","epci":"200049187"},"geometry":{"type":"Polygon","coordinates":[[[5.151,49.186],[5.165,49.192],[5.185,49.186],[5.242,49.206],[5.273,49.199],[5.271,49.195],[5.262,49.184],[5.189,49.171],[5.16,49.178],[5.151,49.186]]]}},{"type":"Feature","properties":{"code":"55356","nom":"Moranville","departement":"55","region":"44","epci":"245501242"},"geometry":{"type":"Polygon","coordinates":[[[5.53,49.168],[5.514,49.177],[5.519,49.185],[5.569,49.187],[5.567,49.18],[5.554,49.165],[5.53,49.168]]]}},{"type":"Feature","properties":{"code":"55357","nom":"Morgemoulin","departement":"55","region":"44","epci":"245501242"},"geometry":{"type":"Polygon","coordinates":[[[5.581,49.243],[5.598,49.218],[5.559,49.22],[5.545,49.23],[5.553,49.236],[5.581,49.243]]]}},{"type":"Feature","properties":{"code":"55358","nom":"Chanteraine","departement":"55","region":"44","epci":"200033025"},"geometry":{"type":"Polygon","coordinates":[[[5.388,48.649],[5.384,48.653],[5.353,48.666],[5.347,48.675],[5.362,48.696],[5.372,48.698],[5.411,48.701],[5.43,48.691],[5.418,48.659],[5.388,48.649]]]}},{"type":"Feature","properties":{"code":"55359","nom":"Morley","departement":"55","region":"44","epci":"200066108"},"geometry":{"type":"Polygon","coordinates":[[[5.288,48.596],[5.287,48.591],[5.277,48.574],[5.216,48.558],[5.197,48.547],[5.165,48.565],[5.174,48.586],[5.178,48.589],[5.205,48.583],[5.288,48.596]]]}},{"type":"Feature","properties":{"code":"55360","nom":"Mouilly","departement":"55","region":"44","epci":"245501176"},"geometry":{"type":"Polygon","coordinates":[[[5.556,49.041],[5.536,49.041],[5.508,49.042],[5.531,49.069],[5.557,49.072],[5.57,49.048],[5.556,49.041]]]}},{"type":"Feature","properties":{"code":"55361","nom":"Moulainville","departement":"55","region":"44","epci":"245501242"},"geometry":{"type":"Polygon","coordinates":[[[5.51,49.155],[5.486,49.143],[5.431,49.165],[5.428,49.165],[5.477,49.166],[5.514,49.177],[5.53,49.168],[5.51,49.155]]]}},{"type":"Feature","properties":{"code":"55363","nom":"Moulotte","departement":"55","region":"44","epci":"245501176"},"geometry":{"type":"Polygon","coordinates":[[[5.732,49.112],[5.755,49.114],[5.772,49.105],[5.756,49.086],[5.732,49.112]]]}},{"type":"Feature","properties":{"code":"55366","nom":"Val-d'Ornain","departement":"55","region":"44","epci":"200033025"},"geometry":{"type":"Polygon","coordinates":[[[5.04,48.786],[5.054,48.803],[5.077,48.809],[5.073,48.844],[5.071,48.85],[5.104,48.838],[5.101,48.824],[5.137,48.81],[5.063,48.774],[5.058,48.777],[5.04,48.786]]]}},{"type":"Feature","properties":{"code":"55367","nom":"Muzeray","departement":"55","region":"44","epci":"200066173"},"geometry":{"type":"Polygon","coordinates":[[[5.654,49.333],[5.627,49.325],[5.615,49.328],[5.591,49.348],[5.634,49.354],[5.646,49.337],[5.654,49.333]]]}},{"type":"Feature","properties":{"code":"55368","nom":"Naives-en-Blois","departement":"55","region":"44","epci":"200066157"},"geometry":{"type":"Polygon","coordinates":[[[5.577,48.652],[5.576,48.651],[5.538,48.647],[5.512,48.664],[5.518,48.68],[5.577,48.685],[5.577,48.652]]]}},{"type":"Feature","properties":{"code":"55369","nom":"Naives-Rosières","departement":"55","region":"44","epci":"200033025"},"geometry":{"type":"Polygon","coordinates":[[[5.211,48.781],[5.197,48.785],[5.193,48.808],[5.246,48.826],[5.25,48.814],[5.269,48.795],[5.255,48.788],[5.211,48.781]]]}},{"type":"Feature","properties":{"code":"55370","nom":"Naix-aux-Forges","departement":"55","region":"44","epci":"200033025"},"geometry":{"type":"Polygon","coordinates":[[[5.384,48.653],[5.388,48.649],[5.389,48.637],[5.367,48.614],[5.364,48.61],[5.35,48.619],[5.359,48.642],[5.384,48.653]]]}},{"type":"Feature","properties":{"code":"55371","nom":"Nançois-le-Grand","departement":"55","region":"44","epci":"200066157"},"geometry":{"type":"Polygon","coordinates":[[[5.372,48.698],[5.365,48.729],[5.418,48.717],[5.411,48.701],[5.372,48.698]]]}},{"type":"Feature","properties":{"code":"55372","nom":"Nançois-sur-Ornain","departement":"55","region":"44","epci":"200033025"},"geometry":{"type":"Polygon","coordinates":[[[5.345,48.737],[5.344,48.735],[5.336,48.712],[5.288,48.711],[5.312,48.731],[5.345,48.737]]]}},{"type":"Feature","properties":{"code":"55373","nom":"Nant-le-Grand","departement":"55","region":"44","epci":"200033025"},"geometry":{"type":"Polygon","coordinates":[[[5.206,48.668],[5.198,48.679],[5.208,48.69],[5.243,48.697],[5.261,48.69],[5.267,48.683],[5.265,48.683],[5.238,48.664],[5.206,48.668]]]}},{"type":"Feature","properties":{"code":"55374","nom":"Nant-le-Petit","departement":"55","region":"44","epci":"200066108"},"geometry":{"type":"Polygon","coordinates":[[[5.21,48.641],[5.206,48.668],[5.238,48.664],[5.254,48.648],[5.237,48.636],[5.21,48.641]]]}},{"type":"Feature","properties":{"code":"55375","nom":"Nantillois","departement":"55","region":"44","epci":"200066132"},"geometry":{"type":"Polygon","coordinates":[[[5.117,49.315],[5.126,49.319],[5.159,49.299],[5.151,49.29],[5.118,49.286],[5.11,49.288],[5.117,49.315]]]}},{"type":"Feature","properties":{"code":"55376","nom":"Nantois","departement":"55","region":"44","epci":"200033025"},"geometry":{"type":"Polygon","coordinates":[[[5.35,48.619],[5.325,48.612],[5.317,48.624],[5.348,48.645],[5.359,48.642],[5.35,48.619]]]}},{"type":"Feature","properties":{"code":"55378","nom":"Nettancourt","departement":"55","region":"44","epci":"245501184"},"geometry":{"type":"Polygon","coordinates":[[[4.92,48.895],[4.916,48.9],[4.948,48.892],[4.96,48.859],[4.946,48.851],[4.937,48.848],[4.913,48.873],[4.92,48.895]]]}},{"type":"Feature","properties":{"code":"55379","nom":"Le Neufour","departement":"55","region":"44","epci":"200066116"},"geometry":{"type":"Polygon","coordinates":[[[4.988,49.135],[4.99,49.125],[4.985,49.122],[4.979,49.129],[4.975,49.133],[4.988,49.135]]]}},{"type":"Feature","properties":{"code":"55380","nom":"Neuville-en-Verdunois","departement":"55","region":"44","epci":"200066140"},"geometry":{"type":"Polygon","coordinates":[[[5.335,48.97],[5.341,48.96],[5.333,48.937],[5.308,48.928],[5.27,48.941],[5.275,48.944],[5.288,48.958],[5.335,48.97]]]}},{"type":"Feature","properties":{"code":"55381","nom":"Neuville-lès-Vaucouleurs","departement":"55","region":"44","epci":"200066157"},"geometry":{"type":"Polygon","coordinates":[[[5.631,48.581],[5.67,48.591],[5.685,48.582],[5.687,48.578],[5.677,48.567],[5.628,48.565],[5.631,48.581]]]}},{"type":"Feature","properties":{"code":"55382","nom":"Neuville-sur-Ornain","departement":"55","region":"44","epci":"245501184"},"geometry":{"type":"Polygon","coordinates":[[[5.016,48.833],[5.048,48.826],[5.073,48.844],[5.077,48.809],[5.054,48.803],[5.015,48.814],[5.016,48.833]]]}},{"type":"Feature","properties":{"code":"55383","nom":"Neuvilly-en-Argonne","departement":"55","region":"44","epci":"200066116"},"geometry":{"type":"Polygon","coordinates":[[[5.031,49.138],[5.02,49.144],[4.966,49.158],[5.008,49.157],[5.03,49.176],[5.102,49.183],[5.087,49.16],[5.036,49.148],[5.031,49.138]]]}},{"type":"Feature","properties":{"code":"55384","nom":"Nicey-sur-Aire","departement":"55","region":"44","epci":"200066140"},"geometry":{"type":"Polygon","coordinates":[[[5.292,48.876],[5.289,48.881],[5.356,48.896],[5.401,48.916],[5.4,48.905],[5.387,48.893],[5.326,48.876],[5.292,48.876]]]}},{"type":"Feature","properties":{"code":"55385","nom":"Nixéville-Blercourt","departement":"55","region":"44","epci":"200066165"},"geometry":{"type":"Polygon","coordinates":[[[5.202,49.123],[5.245,49.129],[5.287,49.124],[5.318,49.119],[5.298,49.095],[5.263,49.094],[5.197,49.11],[5.202,49.123]]]}},{"type":"Feature","properties":{"code":"55386","nom":"Nonsard-Lamarche","departement":"55","region":"44","epci":"200034874"},"geometry":{"type":"Polygon","coordinates":[[[5.728,48.922],[5.731,48.951],[5.755,48.962],[5.8,48.946],[5.779,48.925],[5.747,48.916],[5.733,48.912],[5.728,48.922]]]}},{"type":"Feature","properties":{"code":"55387","nom":"Nouillonpont","departement":"55","region":"44","epci":"200066173"},"geometry":{"type":"Polygon","coordinates":[[[5.642,49.371],[5.656,49.377],[5.694,49.357],[5.646,49.337],[5.634,49.354],[5.642,49.371]]]}},{"type":"Feature","properties":{"code":"55388","nom":"Noyers-Auzécourt","departement":"55","region":"44","epci":"245501184"},"geometry":{"type":"Polygon","coordinates":[[[5.003,48.907],[5.02,48.875],[5.001,48.865],[4.96,48.859],[4.948,48.892],[4.97,48.91],[5.003,48.907]]]}},{"type":"Feature","properties":{"code":"55389","nom":"Nubécourt","departement":"55","region":"44","epci":"200066140"},"geometry":{"type":"Polygon","coordinates":[[[5.21,49.017],[5.223,48.992],[5.167,48.978],[5.163,48.979],[5.129,49.002],[5.128,49.01],[5.14,49.024],[5.185,49.035],[5.21,49.017]]]}},{"type":"Feature","properties":{"code":"55394","nom":"Ornes","departement":"55","region":"44","epci":"200049187"},"geometry":{"type":"Polygon","coordinates":[[[5.431,49.262],[5.457,49.273],[5.462,49.262],[5.531,49.281],[5.541,49.268],[5.481,49.245],[5.442,49.236],[5.422,49.234],[5.426,49.25],[5.431,49.262]]]}},{"type":"Feature","properties":{"code":"55395","nom":"Osches","departement":"55","region":"44","epci":"200066165"},"geometry":{"type":"Polygon","coordinates":[[[5.233,49.028],[5.232,49.058],[5.262,49.057],[5.276,49.05],[5.263,49.031],[5.233,49.028]]]}},{"type":"Feature","properties":{"code":"55396","nom":"Ourches-sur-Meuse","departement":"55","region":"44","epci":"200066157"},"geometry":{"type":"Polygon","coordinates":[[[5.683,48.649],[5.664,48.654],[5.67,48.669],[5.7,48.685],[5.716,48.658],[5.683,48.649]]]}},{"type":"Feature","properties":{"code":"55397","nom":"Pagny-la-Blanche-Côte","departement":"55","region":"44","epci":"200066157"},"geometry":{"type":"Polygon","coordinates":[[[5.719,48.523],[5.714,48.526],[5.705,48.542],[5.729,48.554],[5.763,48.546],[5.777,48.541],[5.761,48.522],[5.719,48.523]]]}},{"type":"Feature","properties":{"code":"55398","nom":"Pagny-sur-Meuse","departement":"55","region":"44","epci":"200066157"},"geometry":{"type":"Polygon","coordinates":[[[5.765,48.701],[5.756,48.692],[5.749,48.667],[5.745,48.657],[5.716,48.658],[5.7,48.685],[5.733,48.724],[5.765,48.701]]]}},{"type":"Feature","properties":{"code":"55399","nom":"Pareid","departement":"55","region":"44","epci":"245501176"},"geometry":{"type":"Polygon","coordinates":[[[5.688,49.113],[5.684,49.126],[5.706,49.142],[5.719,49.133],[5.732,49.113],[5.718,49.113],[5.688,49.113]]]}},{"type":"Feature","properties":{"code":"55400","nom":"Parfondrupt","departement":"55","region":"44","epci":"245501242"},"geometry":{"type":"Polygon","coordinates":[[[5.717,49.165],[5.754,49.139],[5.719,49.133],[5.706,49.142],[5.694,49.144],[5.717,49.165]]]}},{"type":"Feature","properties":{"code":"55401","nom":"Les Paroches","departement":"55","region":"44","epci":"245500327"},"geometry":{"type":"Polygon","coordinates":[[[5.486,48.9],[5.432,48.918],[5.5,48.922],[5.533,48.91],[5.486,48.9]]]}},{"type":"Feature","properties":{"code":"55404","nom":"Pierrefitte-sur-Aire","departement":"55","region":"44","epci":"200066140"},"geometry":{"type":"Polygon","coordinates":[[[5.289,48.881],[5.284,48.886],[5.352,48.925],[5.376,48.928],[5.407,48.921],[5.401,48.916],[5.356,48.896],[5.289,48.881]]]}},{"type":"Feature","properties":{"code":"55405","nom":"Pillon","departement":"55","region":"44","epci":"200066173"},"geometry":{"type":"Polygon","coordinates":[[[5.59,49.348],[5.578,49.351],[5.545,49.376],[5.558,49.394],[5.6,49.384],[5.624,49.369],[5.59,49.348]]]}},{"type":"Feature","properties":{"code":"55406","nom":"Pintheville","departement":"55","region":"44","epci":"245501176"},"geometry":{"type":"Polygon","coordinates":[[[5.651,49.114],[5.653,49.123],[5.684,49.126],[5.688,49.113],[5.684,49.105],[5.658,49.105],[5.651,49.114]]]}},{"type":"Feature","properties":{"code":"55407","nom":"Pont-sur-Meuse","departement":"55","region":"44","epci":"200066157"},"geometry":{"type":"Polygon","coordinates":[[[5.553,48.801],[5.537,48.799],[5.532,48.808],[5.577,48.824],[5.553,48.801]]]}},{"type":"Feature","properties":{"code":"55409","nom":"Pretz-en-Argonne","departement":"55","region":"44","epci":"200066140"},"geometry":{"type":"Polygon","coordinates":[[[5.171,48.956],[5.152,48.937],[5.119,48.962],[5.163,48.979],[5.167,48.978],[5.171,48.956]]]}},{"type":"Feature","properties":{"code":"55411","nom":"Rambluzin-et-Benoite-Vaux","departement":"55","region":"44","epci":"200066165"},"geometry":{"type":"Polygon","coordinates":[[[5.341,48.96],[5.335,48.97],[5.305,48.987],[5.301,49.01],[5.343,49.011],[5.364,48.972],[5.366,48.97],[5.358,48.967],[5.341,48.96]]]}},{"type":"Feature","properties":{"code":"55412","nom":"Rambucourt","departement":"55","region":"44","epci":"200034874"},"geometry":{"type":"Polygon","coordinates":[[[5.776,48.856],[5.781,48.835],[5.758,48.801],[5.73,48.831],[5.733,48.85],[5.769,48.86],[5.776,48.856]]]}},{"type":"Feature","properties":{"code":"55414","nom":"Rancourt-sur-Ornain","departement":"55","region":"44","epci":"245501184"},"geometry":{"type":"Polygon","coordinates":[[[4.941,48.818],[4.919,48.805],[4.893,48.798],[4.889,48.817],[4.903,48.828],[4.935,48.841],[4.941,48.818]]]}},{"type":"Feature","properties":{"code":"55415","nom":"Ranzières","departement":"55","region":"44","epci":"245500327"},"geometry":{"type":"Polygon","coordinates":[[[5.508,49.042],[5.536,49.041],[5.52,49.014],[5.488,49.005],[5.473,49.017],[5.469,49.033],[5.508,49.042]]]}},{"type":"Feature","properties":{"code":"55416","nom":"Rarécourt","departement":"55","region":"44","epci":"200066116"},"geometry":{"type":"Polygon","coordinates":[[[5.085,49.065],[5.032,49.066],[5.111,49.091],[5.145,49.081],[5.142,49.073],[5.085,49.065]]]}},{"type":"Feature","properties":{"code":"55419","nom":"Récicourt","departement":"55","region":"44","epci":"200066116"},"geometry":{"type":"Polygon","coordinates":[[[5.189,49.171],[5.183,49.166],[5.17,49.13],[5.14,49.137],[5.136,49.155],[5.152,49.175],[5.16,49.178],[5.189,49.171]]]}},{"type":"Feature","properties":{"code":"55420","nom":"Récourt-le-Creux","departement":"55","region":"44","epci":"200066165"},"geometry":{"type":"Polygon","coordinates":[[[5.369,49.023],[5.41,49.01],[5.388,48.982],[5.364,48.972],[5.343,49.011],[5.361,49.023],[5.369,49.023]]]}},{"type":"Feature","properties":{"code":"55421","nom":"Reffroy","departement":"55","region":"44","epci":"200066157"},"geometry":{"type":"Polygon","coordinates":[[[5.443,48.612],[5.443,48.614],[5.469,48.642],[5.488,48.641],[5.488,48.611],[5.443,48.612]]]}},{"type":"Feature","properties":{"code":"55422","nom":"Regnéville-sur-Meuse","departement":"55","region":"44","epci":"200066116"},"geometry":{"type":"Polygon","coordinates":[[[5.327,49.25],[5.303,49.243],[5.3,49.248],[5.315,49.266],[5.323,49.263],[5.327,49.25]]]}},{"type":"Feature","properties":{"code":"55423","nom":"Rembercourt-Sommaisne","departement":"55","region":"44","epci":"200066140"},"geometry":{"type":"Polygon","coordinates":[[[5.152,48.937],[5.171,48.956],[5.192,48.937],[5.208,48.927],[5.205,48.914],[5.18,48.885],[5.151,48.906],[5.151,48.925],[5.152,48.937]]]}},{"type":"Feature","properties":{"code":"55424","nom":"Remennecourt","departement":"55","region":"44","epci":"245501184"},"geometry":{"type":"Polygon","coordinates":[[[4.893,48.797],[4.893,48.798],[4.919,48.805],[4.925,48.792],[4.893,48.797]]]}},{"type":"Feature","properties":{"code":"55426","nom":"Resson","departement":"55","region":"44","epci":"200033025"},"geometry":{"type":"Polygon","coordinates":[[[5.255,48.788],[5.242,48.756],[5.206,48.763],[5.211,48.781],[5.255,48.788]]]}},{"type":"Feature","properties":{"code":"55427","nom":"Revigny-sur-Ornain","departement":"55","region":"44","epci":"245501184"},"geometry":{"type":"Polygon","coordinates":[[[5.009,48.84],[5.016,48.833],[5.015,48.814],[4.998,48.809],[4.941,48.818],[4.935,48.841],[4.937,48.848],[4.946,48.851],[4.977,48.84],[5.009,48.84]]]}},{"type":"Feature","properties":{"code":"55428","nom":"Réville-aux-Bois","departement":"55","region":"44","epci":"200066173"},"geometry":{"type":"Polygon","coordinates":[[[5.328,49.319],[5.326,49.32],[5.303,49.347],[5.31,49.347],[5.378,49.355],[5.383,49.355],[5.38,49.341],[5.343,49.337],[5.328,49.319]]]}},{"type":"Feature","properties":{"code":"55429","nom":"Riaville","departement":"55","region":"44","epci":"245501176"},"geometry":{"type":"Polygon","coordinates":[[[5.684,49.105],[5.685,49.102],[5.657,49.084],[5.65,49.088],[5.658,49.105],[5.684,49.105]]]}},{"type":"Feature","properties":{"code":"55430","nom":"Ribeaucourt","departement":"55","region":"44","epci":"200066108"},"geometry":{"type":"Polygon","coordinates":[[[5.368,48.535],[5.372,48.519],[5.324,48.536],[5.327,48.551],[5.375,48.566],[5.389,48.551],[5.368,48.535]]]}},{"type":"Feature","properties":{"code":"55431","nom":"Richecourt","departement":"55","region":"44","epci":"200034874"},"geometry":{"type":"Polygon","coordinates":[[[5.735,48.9],[5.733,48.912],[5.747,48.916],[5.753,48.913],[5.749,48.901],[5.778,48.876],[5.765,48.873],[5.731,48.881],[5.735,48.9]]]}},{"type":"Feature","properties":{"code":"55433","nom":"Rigny-la-Salle","departement":"55","region":"44","epci":"200066157"},"geometry":{"type":"Polygon","coordinates":[[[5.756,48.637],[5.759,48.621],[5.732,48.625],[5.7,48.608],[5.686,48.618],[5.684,48.627],[5.707,48.642],[5.752,48.642],[5.756,48.637]]]}},{"type":"Feature","properties":{"code":"55434","nom":"Rigny-Saint-Martin","departement":"55","region":"44","epci":"200066157"},"geometry":{"type":"Polygon","coordinates":[[[5.76,48.621],[5.804,48.625],[5.798,48.613],[5.79,48.607],[5.764,48.608],[5.717,48.592],[5.7,48.608],[5.732,48.625],[5.759,48.621],[5.76,48.621]]]}},{"type":"Feature","properties":{"code":"55435","nom":"Robert-Espagne","departement":"55","region":"44","epci":"200033025"},"geometry":{"type":"Polygon","coordinates":[[[5.016,48.71],[5.009,48.741],[5.044,48.747],[5.044,48.731],[5.016,48.71]]]}},{"type":"Feature","properties":{"code":"55436","nom":"Les Roises","departement":"55","region":"44","epci":"200066108"},"geometry":{"type":"Polygon","coordinates":[[[5.642,48.472],[5.649,48.455],[5.627,48.449],[5.615,48.441],[5.62,48.457],[5.642,48.472]]]}},{"type":"Feature","properties":{"code":"55437","nom":"Romagne-sous-les-Côtes","departement":"55","region":"44","epci":"200066173"},"geometry":{"type":"Polygon","coordinates":[[[5.498,49.332],[5.499,49.314],[5.449,49.309],[5.443,49.318],[5.45,49.35],[5.473,49.342],[5.498,49.332]]]}},{"type":"Feature","properties":{"code":"55438","nom":"Romagne-sous-Montfaucon","departement":"55","region":"44","epci":"200066116"},"geometry":{"type":"Polygon","coordinates":[[[5.087,49.311],[5.038,49.316],[5.03,49.326],[5.028,49.332],[5.107,49.344],[5.109,49.317],[5.087,49.311]]]}},{"type":"Feature","properties":{"code":"55439","nom":"Ronvaux","departement":"55","region":"44","epci":"245501176"},"geometry":{"type":"Polygon","coordinates":[[[5.573,49.14],[5.579,49.132],[5.537,49.127],[5.573,49.14]]]}},{"type":"Feature","properties":{"code":"55442","nom":"Raival","departement":"55","region":"44","epci":"200066140"},"geometry":{"type":"Polygon","coordinates":[[[5.284,48.886],[5.289,48.881],[5.292,48.876],[5.286,48.865],[5.255,48.859],[5.223,48.868],[5.234,48.884],[5.206,48.908],[5.254,48.908],[5.273,48.899],[5.284,48.886]]]}},{"type":"Feature","properties":{"code":"55443","nom":"Rouvres-en-Woëvre","departement":"55","region":"44","epci":"245501242"},"geometry":{"type":"Polygon","coordinates":[[[5.741,49.23],[5.729,49.225],[5.695,49.2],[5.667,49.198],[5.662,49.202],[5.669,49.235],[5.687,49.242],[5.713,49.247],[5.721,49.248],[5.725,49.245],[5.741,49.23]]]}},{"type":"Feature","properties":{"code":"55444","nom":"Rouvrois-sur-Meuse","departement":"55","region":"44","epci":"245500327"},"geometry":{"type":"Polygon","coordinates":[[[5.499,48.946],[5.512,48.955],[5.55,48.961],[5.533,48.941],[5.499,48.946]]]}},{"type":"Feature","properties":{"code":"55446","nom":"Rumont","departement":"55","region":"44","epci":"200033025"},"geometry":{"type":"Polygon","coordinates":[[[5.246,48.826],[5.246,48.828],[5.278,48.842],[5.31,48.832],[5.307,48.83],[5.25,48.814],[5.246,48.826]]]}},{"type":"Feature","properties":{"code":"55447","nom":"Rupt-aux-Nonains","departement":"55","region":"44","epci":"200066108"},"geometry":{"type":"Polygon","coordinates":[[[5.095,48.64],[5.06,48.641],[5.043,48.66],[5.071,48.669],[5.089,48.668],[5.121,48.7],[5.135,48.686],[5.125,48.657],[5.121,48.652],[5.095,48.64]]]}},{"type":"Feature","properties":{"code":"55448","nom":"Rupt-devant-Saint-Mihiel","departement":"55","region":"44","epci":"200066140"},"geometry":{"type":"Polygon","coordinates":[[[5.427,48.875],[5.415,48.869],[5.374,48.876],[5.387,48.893],[5.4,48.905],[5.427,48.875]]]}},{"type":"Feature","properties":{"code":"55449","nom":"Rupt-en-Woëvre","departement":"55","region":"44","epci":"200066165"},"geometry":{"type":"Polygon","coordinates":[[[5.521,49.094],[5.525,49.095],[5.531,49.069],[5.508,49.042],[5.469,49.033],[5.468,49.033],[5.459,49.058],[5.521,49.094]]]}},{"type":"Feature","properties":{"code":"55452","nom":"Saint-Amand-sur-Ornain","departement":"55","region":"44","epci":"200033025"},"geometry":{"type":"Polygon","coordinates":[[[5.389,48.637],[5.419,48.627],[5.367,48.614],[5.389,48.637]]]}},{"type":"Feature","properties":{"code":"55453","nom":"Saint-André-en-Barrois","departement":"55","region":"44","epci":"200066165"},"geometry":{"type":"Polygon","coordinates":[[[5.21,49.017],[5.232,49.028],[5.257,49.016],[5.251,48.991],[5.223,48.992],[5.21,49.017]]]}},{"type":"Feature","properties":{"code":"55454","nom":"Saint-Aubin-sur-Aire","departement":"55","region":"44","epci":"200066157"},"geometry":{"type":"Polygon","coordinates":[[[5.43,48.691],[5.411,48.701],[5.418,48.717],[5.472,48.738],[5.489,48.73],[5.43,48.691]]]}},{"type":"Feature","properties":{"code":"55456","nom":"Saint-Germain-sur-Meuse","departement":"55","region":"44","epci":"200066157"},"geometry":{"type":"Polygon","coordinates":[[[5.745,48.657],[5.752,48.642],[5.707,48.642],[5.682,48.648],[5.683,48.649],[5.716,48.658],[5.745,48.657]]]}},{"type":"Feature","properties":{"code":"55457","nom":"Saint-Hilaire-en-Woëvre","departement":"55","region":"44","epci":"245501176"},"geometry":{"type":"Polygon","coordinates":[[[5.699,49.091],[5.723,49.094],[5.739,49.076],[5.737,49.073],[5.703,49.061],[5.666,49.058],[5.663,49.063],[5.682,49.077],[5.699,49.091]]]}},{"type":"Feature","properties":{"code":"55458","nom":"Saint-Jean-lès-Buzy","departement":"55","region":"44","epci":"245501242"},"geometry":{"type":"Polygon","coordinates":[[[5.754,49.139],[5.717,49.165],[5.75,49.199],[5.757,49.201],[5.766,49.198],[5.746,49.157],[5.759,49.149],[5.756,49.143],[5.754,49.139]]]}},{"type":"Feature","properties":{"code":"55459","nom":"Saint-Joire","departement":"55","region":"44","epci":"200066108"},"geometry":{"type":"Polygon","coordinates":[[[5.443,48.614],[5.443,48.612],[5.438,48.583],[5.413,48.568],[5.413,48.55],[5.389,48.551],[5.375,48.566],[5.373,48.582],[5.443,48.614],[5.443,48.614]]]}},{"type":"Feature","properties":{"code":"55460","nom":"Saint-Julien-sous-les-Côtes","departement":"55","region":"44","epci":"200034874"},"geometry":{"type":"Polygon","coordinates":[[[5.649,48.819],[5.613,48.807],[5.597,48.835],[5.627,48.818],[5.649,48.819]]]}},{"type":"Feature","properties":{"code":"55462","nom":"Saint-Maurice-sous-les-Côtes","departement":"55","region":"44","epci":"200034874"},"geometry":{"type":"Polygon","coordinates":[[[5.684,49.033],[5.708,49.018],[5.642,48.992],[5.628,49.005],[5.649,49.013],[5.684,49.033]]]}},{"type":"Feature","properties":{"code":"55463","nom":"Saint-Mihiel","departement":"55","region":"44","epci":"245500327"},"geometry":{"type":"Polygon","coordinates":[[[5.54,48.902],[5.59,48.921],[5.632,48.904],[5.634,48.881],[5.629,48.875],[5.603,48.868],[5.548,48.875],[5.525,48.87],[5.515,48.885],[5.54,48.902]]]}},{"type":"Feature","properties":{"code":"55465","nom":"Saint-Remy-la-Calonne","departement":"55","region":"44","epci":"245501176"},"geometry":{"type":"Polygon","coordinates":[[[5.582,49.023],[5.556,49.041],[5.57,49.048],[5.599,49.054],[5.618,49.05],[5.616,49.04],[5.582,49.023]]]}},{"type":"Feature","properties":{"code":"55466","nom":"Salmagne","departement":"55","region":"44","epci":"200033025"},"geometry":{"type":"Polygon","coordinates":[[[5.361,48.75],[5.345,48.737],[5.312,48.731],[5.301,48.748],[5.301,48.748],[5.335,48.786],[5.338,48.787],[5.358,48.777],[5.361,48.75]]]}},{"type":"Feature","properties":{"code":"55467","nom":"Sampigny","departement":"55","region":"44","epci":"245500327"},"geometry":{"type":"Polygon","coordinates":[[[5.453,48.798],[5.445,48.819],[5.458,48.835],[5.51,48.843],[5.516,48.834],[5.528,48.814],[5.497,48.8],[5.453,48.798]]]}},{"type":"Feature","properties":{"code":"55468","nom":"Samogneux","departement":"55","region":"44","epci":"200049187"},"geometry":{"type":"Polygon","coordinates":[[[5.323,49.263],[5.339,49.271],[5.38,49.256],[5.376,49.255],[5.327,49.25],[5.323,49.263]]]}},{"type":"Feature","properties":{"code":"55470","nom":"Saudrupt","departement":"55","region":"44","epci":"200066108"},"geometry":{"type":"Polygon","coordinates":[[[5.074,48.707],[5.084,48.704],[5.062,48.677],[5.03,48.693],[5.063,48.711],[5.074,48.707]]]}},{"type":"Feature","properties":{"code":"55472","nom":"Saulvaux","departement":"55","region":"44","epci":"200066157"},"geometry":{"type":"Polygon","coordinates":[[[5.489,48.73],[5.493,48.727],[5.505,48.714],[5.499,48.697],[5.466,48.694],[5.468,48.674],[5.445,48.654],[5.418,48.659],[5.43,48.691],[5.489,48.73]]]}},{"type":"Feature","properties":{"code":"55473","nom":"Saulx-lès-Champlon","departement":"55","region":"44","epci":"245501176"},"geometry":{"type":"Polygon","coordinates":[[[5.682,49.077],[5.663,49.063],[5.642,49.06],[5.628,49.077],[5.632,49.085],[5.65,49.088],[5.657,49.084],[5.682,49.077]]]}},{"type":"Feature","properties":{"code":"55474","nom":"Sauvigny","departement":"55","region":"44","epci":"200066157"},"geometry":{"type":"Polygon","coordinates":[[[5.746,48.476],[5.742,48.474],[5.702,48.487],[5.701,48.496],[5.707,48.504],[5.719,48.523],[5.761,48.522],[5.764,48.516],[5.765,48.497],[5.746,48.476]]]}},{"type":"Feature","properties":{"code":"55475","nom":"Sauvoy","departement":"55","region":"44","epci":"200066157"},"geometry":{"type":"Polygon","coordinates":[[[5.637,48.649],[5.595,48.625],[5.576,48.628],[5.576,48.651],[5.577,48.652],[5.637,48.649]]]}},{"type":"Feature","properties":{"code":"55476","nom":"Savonnières-devant-Bar","departement":"55","region":"44","epci":"200033025"},"geometry":{"type":"Polygon","coordinates":[[[5.165,48.732],[5.193,48.755],[5.167,48.731],[5.165,48.732]]]}},{"type":"Feature","properties":{"code":"55477","nom":"Savonnières-en-Perthois","departement":"55","region":"44","epci":"200066108"},"geometry":{"type":"Polygon","coordinates":[[[5.127,48.58],[5.119,48.596],[5.114,48.615],[5.148,48.621],[5.158,48.61],[5.141,48.594],[5.127,48.58]]]}},{"type":"Feature","properties":{"code":"55479","nom":"Seigneulles","departement":"55","region":"44","epci":"200066140"},"geometry":{"type":"Polygon","coordinates":[[[5.255,48.859],[5.239,48.835],[5.206,48.841],[5.223,48.868],[5.255,48.859]]]}},{"type":"Feature","properties":{"code":"55481","nom":"Senon","departement":"55","region":"44","epci":"200066173"},"geometry":{"type":"Polygon","coordinates":[[[5.583,49.256],[5.572,49.286],[5.601,49.302],[5.633,49.306],[5.646,49.302],[5.667,49.287],[5.664,49.28],[5.61,49.257],[5.583,49.256]]]}},{"type":"Feature","properties":{"code":"55482","nom":"Senoncourt-les-Maujouy","departement":"55","region":"44","epci":"200066165"},"geometry":{"type":"Polygon","coordinates":[[[5.319,49.064],[5.36,49.081],[5.376,49.056],[5.346,49.034],[5.308,49.054],[5.313,49.063],[5.319,49.064]]]}},{"type":"Feature","properties":{"code":"55484","nom":"Septsarges","departement":"55","region":"44","epci":"200066116"},"geometry":{"type":"Polygon","coordinates":[[[5.159,49.299],[5.171,49.305],[5.201,49.29],[5.201,49.281],[5.168,49.27],[5.151,49.29],[5.159,49.299]]]}},{"type":"Feature","properties":{"code":"55485","nom":"Sepvigny","departement":"55","region":"44","epci":"200066157"},"geometry":{"type":"Polygon","coordinates":[[[5.714,48.573],[5.715,48.562],[5.674,48.551],[5.674,48.557],[5.677,48.567],[5.687,48.578],[5.713,48.577],[5.714,48.573]]]}},{"type":"Feature","properties":{"code":"55487","nom":"Seuzey","departement":"55","region":"44","epci":"245500327"},"geometry":{"type":"Polygon","coordinates":[[[5.567,49.002],[5.578,48.982],[5.561,48.975],[5.567,49.002]]]}},{"type":"Feature","properties":{"code":"55488","nom":"Silmont","departement":"55","region":"44","epci":"200033025"},"geometry":{"type":"Polygon","coordinates":[[[5.259,48.742],[5.24,48.716],[5.242,48.748],[5.242,48.756],[5.259,48.742]]]}},{"type":"Feature","properties":{"code":"55489","nom":"Sivry-la-Perche","departement":"55","region":"44","epci":"200049187"},"geometry":{"type":"Polygon","coordinates":[[[5.224,49.153],[5.223,49.156],[5.256,49.157],[5.286,49.143],[5.287,49.124],[5.245,49.129],[5.224,49.153]]]}},{"type":"Feature","properties":{"code":"55490","nom":"Sivry-sur-Meuse","departement":"55","region":"44","epci":"200066132"},"geometry":{"type":"Polygon","coordinates":[[[5.246,49.356],[5.274,49.363],[5.303,49.347],[5.326,49.32],[5.273,49.297],[5.257,49.327],[5.246,49.356]]]}},{"type":"Feature","properties":{"code":"55492","nom":"Sommedieue","departement":"55","region":"44","epci":"200066165"},"geometry":{"type":"Polygon","coordinates":[[[5.475,49.138],[5.496,49.121],[5.521,49.094],[5.459,49.058],[5.457,49.06],[5.436,49.106],[5.463,49.135],[5.475,49.138]]]}},{"type":"Feature","properties":{"code":"55493","nom":"Sommeilles","departement":"55","region":"44","epci":"245501184"},"geometry":{"type":"Polygon","coordinates":[[[4.916,48.9],[4.937,48.921],[4.954,48.931],[5.013,48.937],[5.017,48.921],[5.003,48.907],[4.97,48.91],[4.948,48.892],[4.916,48.9]]]}},{"type":"Feature","properties":{"code":"55494","nom":"Sommelonne","departement":"55","region":"44","epci":"200066108"},"geometry":{"type":"Polygon","coordinates":[[[5.062,48.677],[5.071,48.669],[5.043,48.66],[5.011,48.668],[5.007,48.68],[5.022,48.69],[5.03,48.693],[5.062,48.677]]]}},{"type":"Feature","properties":{"code":"55496","nom":"Sorcy-Saint-Martin","departement":"55","region":"44","epci":"200066157"},"geometry":{"type":"Polygon","coordinates":[[[5.662,48.698],[5.631,48.695],[5.611,48.708],[5.599,48.721],[5.681,48.728],[5.714,48.745],[5.719,48.733],[5.662,48.698]]]}},{"type":"Feature","properties":{"code":"55497","nom":"Les Souhesmes-Rampont","departement":"55","region":"44","epci":"200066165"},"geometry":{"type":"Polygon","coordinates":[[[5.195,49.11],[5.197,49.11],[5.263,49.094],[5.298,49.095],[5.292,49.086],[5.284,49.081],[5.248,49.074],[5.231,49.06],[5.218,49.059],[5.213,49.069],[5.197,49.093],[5.195,49.11]]]}},{"type":"Feature","properties":{"code":"55498","nom":"Souilly","departement":"55","region":"44","epci":"200066165"},"geometry":{"type":"Polygon","coordinates":[[[5.232,49.028],[5.233,49.028],[5.263,49.031],[5.276,49.05],[5.308,49.054],[5.346,49.034],[5.35,49.034],[5.361,49.023],[5.343,49.011],[5.301,49.01],[5.257,49.016],[5.232,49.028]]]}},{"type":"Feature","properties":{"code":"55500","nom":"Spincourt","departement":"55","region":"44","epci":"200066173"},"geometry":{"type":"Polygon","coordinates":[[[5.739,49.346],[5.737,49.339],[5.732,49.311],[5.696,49.307],[5.684,49.307],[5.662,49.307],[5.654,49.333],[5.646,49.337],[5.694,49.357],[5.712,49.363],[5.732,49.361],[5.739,49.346]]]}},{"type":"Feature","properties":{"code":"55501","nom":"Stainville","departement":"55","region":"44","epci":"200066108"},"geometry":{"type":"Polygon","coordinates":[[[5.198,48.679],[5.206,48.668],[5.21,48.641],[5.185,48.629],[5.177,48.604],[5.158,48.61],[5.148,48.621],[5.148,48.644],[5.169,48.663],[5.198,48.679]]]}},{"type":"Feature","properties":{"code":"55503","nom":"Taillancourt","departement":"55","region":"44","epci":"200066157"},"geometry":{"type":"Polygon","coordinates":[[[5.619,48.501],[5.629,48.512],[5.645,48.508],[5.686,48.539],[5.707,48.527],[5.668,48.502],[5.66,48.498],[5.646,48.486],[5.619,48.501]]]}},{"type":"Feature","properties":{"code":"55504","nom":"Tannois","departement":"55","region":"44","epci":"200033025"},"geometry":{"type":"Polygon","coordinates":[[[5.242,48.748],[5.24,48.716],[5.243,48.697],[5.208,48.69],[5.191,48.714],[5.242,48.748]]]}},{"type":"Feature","properties":{"code":"55505","nom":"Thierville-sur-Meuse","departement":"55","region":"44","epci":"200049187"},"geometry":{"type":"Polygon","coordinates":[[[5.317,49.19],[5.33,49.191],[5.349,49.182],[5.38,49.172],[5.329,49.153],[5.305,49.177],[5.317,49.19]]]}},{"type":"Feature","properties":{"code":"55506","nom":"Thillombois","departement":"55","region":"44","epci":"200066140"},"geometry":{"type":"Polygon","coordinates":[[[5.39,48.972],[5.409,48.968],[5.417,48.952],[5.382,48.935],[5.358,48.967],[5.366,48.97],[5.39,48.972]]]}},{"type":"Feature","properties":{"code":"55507","nom":"Thillot","departement":"55","region":"44","epci":"245501176"},"geometry":{"type":"Polygon","coordinates":[[[5.684,49.033],[5.649,49.013],[5.681,49.035],[5.684,49.033]]]}},{"type":"Feature","properties":{"code":"55512","nom":"Tilly-sur-Meuse","departement":"55","region":"44","epci":"200066165"},"geometry":{"type":"Polygon","coordinates":[[[5.445,49.012],[5.455,49],[5.39,48.972],[5.366,48.97],[5.364,48.972],[5.388,48.982],[5.41,49.01],[5.426,49.019],[5.445,49.012]]]}},{"type":"Feature","properties":{"code":"55514","nom":"Trémont-sur-Saulx","departement":"55","region":"44","epci":"200033025"},"geometry":{"type":"Polygon","coordinates":[[[5.093,48.734],[5.084,48.729],[5.061,48.724],[5.044,48.731],[5.044,48.747],[5.078,48.763],[5.087,48.76],[5.093,48.734]]]}},{"type":"Feature","properties":{"code":"55515","nom":"Trésauvaux","departement":"55","region":"44","epci":"245501176"},"geometry":{"type":"Polygon","coordinates":[[[5.615,49.07],[5.594,49.079],[5.616,49.088],[5.632,49.085],[5.628,49.077],[5.615,49.07]]]}},{"type":"Feature","properties":{"code":"55516","nom":"Tréveray","departement":"55","region":"44","epci":"200066108"},"geometry":{"type":"Polygon","coordinates":[[[5.419,48.627],[5.42,48.627],[5.443,48.614],[5.373,48.582],[5.351,48.587],[5.364,48.61],[5.367,48.614],[5.419,48.627]]]}},{"type":"Feature","properties":{"code":"55517","nom":"Seuil-d'Argonne","departement":"55","region":"44","epci":"200066140"},"geometry":{"type":"Polygon","coordinates":[[[5.048,48.944],[5.031,48.954],[5.039,48.974],[4.996,48.983],[5.032,49.001],[5.075,48.992],[5.098,48.989],[5.111,48.964],[5.093,48.969],[5.063,48.94],[5.048,48.944]]]}},{"type":"Feature","properties":{"code":"55518","nom":"Cousances-lès-Triconville","departement":"55","region":"44","epci":"200066157"},"geometry":{"type":"Polygon","coordinates":[[[5.361,48.75],[5.358,48.777],[5.429,48.789],[5.441,48.791],[5.444,48.768],[5.392,48.751],[5.361,48.75]]]}},{"type":"Feature","properties":{"code":"55519","nom":"Tronville-en-Barrois","departement":"55","region":"44","epci":"200033025"},"geometry":{"type":"Polygon","coordinates":[[[5.288,48.711],[5.261,48.69],[5.243,48.697],[5.273,48.741],[5.301,48.748],[5.312,48.731],[5.288,48.711]]]}},{"type":"Feature","properties":{"code":"55520","nom":"Troussey","departement":"55","region":"44","epci":"200066157"},"geometry":{"type":"Polygon","coordinates":[[[5.732,48.725],[5.733,48.724],[5.7,48.685],[5.67,48.669],[5.662,48.698],[5.719,48.733],[5.732,48.725]]]}},{"type":"Feature","properties":{"code":"55521","nom":"Troyon","departement":"55","region":"44","epci":"245500327"},"geometry":{"type":"Polygon","coordinates":[[[5.455,49],[5.445,49.012],[5.473,49.017],[5.488,49.005],[5.52,49.014],[5.531,49.005],[5.476,48.981],[5.461,48.988],[5.455,49]]]}},{"type":"Feature","properties":{"code":"55522","nom":"Ugny-sur-Meuse","departement":"55","region":"44","epci":"200066157"},"geometry":{"type":"Polygon","coordinates":[[[5.684,48.627],[5.682,48.648],[5.707,48.642],[5.684,48.627]]]}},{"type":"Feature","properties":{"code":"55523","nom":"Vacherauville","departement":"55","region":"44","epci":"200049187"},"geometry":{"type":"Polygon","coordinates":[[[5.372,49.246],[5.391,49.23],[5.364,49.219],[5.314,49.22],[5.304,49.221],[5.341,49.225],[5.372,49.246]]]}},{"type":"Feature","properties":{"code":"55525","nom":"Vadelaincourt","departement":"55","region":"44","epci":"200066165"},"geometry":{"type":"Polygon","coordinates":[[[5.232,49.058],[5.231,49.06],[5.248,49.074],[5.284,49.081],[5.262,49.057],[5.232,49.058]]]}},{"type":"Feature","properties":{"code":"55526","nom":"Vadonville","departement":"55","region":"44","epci":"200066157"},"geometry":{"type":"Polygon","coordinates":[[[5.497,48.8],[5.528,48.814],[5.532,48.808],[5.537,48.799],[5.509,48.787],[5.492,48.791],[5.497,48.8]]]}},{"type":"Feature","properties":{"code":"55527","nom":"Varennes-en-Argonne","departement":"55","region":"44","epci":"200066116"},"geometry":{"type":"Polygon","coordinates":[[[5.025,49.25],[5.042,49.247],[5.04,49.221],[4.991,49.211],[4.978,49.22],[5.021,49.234],[5.025,49.25]]]}},{"type":"Feature","properties":{"code":"55528","nom":"Varnéville","departement":"55","region":"44","epci":"200034874"},"geometry":{"type":"Polygon","coordinates":[[[5.65,48.861],[5.629,48.875],[5.634,48.881],[5.688,48.893],[5.684,48.877],[5.65,48.861]]]}},{"type":"Feature","properties":{"code":"55530","nom":"Valbois","departement":"55","region":"44","epci":"200034874"},"geometry":{"type":"Polygon","coordinates":[[[5.583,48.932],[5.608,48.955],[5.658,48.932],[5.632,48.904],[5.59,48.921],[5.583,48.932]]]}},{"type":"Feature","properties":{"code":"55531","nom":"Vassincourt","departement":"55","region":"44","epci":"245501184"},"geometry":{"type":"Polygon","coordinates":[[[5,48.801],[4.998,48.809],[5.015,48.814],[5.054,48.803],[5.04,48.786],[5.026,48.789],[5,48.801]]]}},{"type":"Feature","properties":{"code":"55532","nom":"Vaubecourt","departement":"55","region":"44","epci":"200066140"},"geometry":{"type":"Polygon","coordinates":[[[5.119,48.962],[5.152,48.937],[5.151,48.925],[5.117,48.921],[5.048,48.944],[5.063,48.94],[5.093,48.969],[5.111,48.964],[5.119,48.962]]]}},{"type":"Feature","properties":{"code":"55533","nom":"Vaucouleurs","departement":"55","region":"44","epci":"200066157"},"geometry":{"type":"Polygon","coordinates":[[[5.586,48.607],[5.595,48.625],[5.637,48.649],[5.664,48.654],[5.683,48.649],[5.682,48.648],[5.684,48.627],[5.686,48.618],[5.685,48.582],[5.67,48.591],[5.631,48.581],[5.592,48.592],[5.586,48.607]]]}},{"type":"Feature","properties":{"code":"55534","nom":"Vaudeville-le-Haut","departement":"55","region":"44","epci":"200066108"},"geometry":{"type":"Polygon","coordinates":[[[5.577,48.432],[5.567,48.434],[5.561,48.441],[5.566,48.461],[5.62,48.457],[5.615,48.441],[5.577,48.432]]]}},{"type":"Feature","properties":{"code":"55535","nom":"Vaudoncourt","departement":"55","region":"44","epci":"200066173"},"geometry":{"type":"Polygon","coordinates":[[[5.627,49.325],[5.654,49.333],[5.662,49.307],[5.646,49.302],[5.633,49.306],[5.627,49.325]]]}},{"type":"Feature","properties":{"code":"55536","nom":"Vauquois","departement":"55","region":"44","epci":"200066116"},"geometry":{"type":"Polygon","coordinates":[[[5.101,49.203],[5.116,49.196],[5.102,49.183],[5.054,49.206],[5.08,49.215],[5.101,49.203]]]}},{"type":"Feature","properties":{"code":"55537","nom":"Douaumont-Vaux","departement":"55","region":"44","epci":"200049187"},"geometry":{"type":"Polygon","coordinates":[[[5.479,49.219],[5.491,49.207],[5.463,49.192],[5.447,49.214],[5.42,49.207],[5.414,49.226],[5.422,49.234],[5.442,49.236],[5.448,49.217],[5.479,49.219]]]}},{"type":"Feature","properties":{"code":"55540","nom":"Vaux-lès-Palameix","departement":"55","region":"44","epci":"245500327"},"geometry":{"type":"Polygon","coordinates":[[[5.556,49.041],[5.582,49.023],[5.571,49.014],[5.531,49.005],[5.52,49.014],[5.536,49.041],[5.556,49.041]]]}},{"type":"Feature","properties":{"code":"55541","nom":"Vavincourt","departement":"55","region":"44","epci":"200033025"},"geometry":{"type":"Polygon","coordinates":[[[5.246,48.828],[5.246,48.826],[5.193,48.808],[5.147,48.81],[5.168,48.832],[5.206,48.841],[5.239,48.835],[5.246,48.828]]]}},{"type":"Feature","properties":{"code":"55543","nom":"Velaines","departement":"55","region":"44","epci":"200033025"},"geometry":{"type":"Polygon","coordinates":[[[5.336,48.712],[5.338,48.707],[5.307,48.687],[5.267,48.683],[5.261,48.69],[5.288,48.711],[5.336,48.712]]]}},{"type":"Feature","properties":{"code":"55545","nom":"Verdun","departement":"55","region":"44","epci":"200049187"},"geometry":{"type":"Polygon","coordinates":[[[5.44,49.174],[5.428,49.165],[5.431,49.165],[5.41,49.144],[5.4,49.14],[5.357,49.134],[5.336,49.113],[5.318,49.119],[5.287,49.124],[5.286,49.143],[5.312,49.137],[5.329,49.153],[5.38,49.172],[5.439,49.174],[5.44,49.174]]]}},{"type":"Feature","properties":{"code":"55549","nom":"Véry","departement":"55","region":"44","epci":"200066116"},"geometry":{"type":"Polygon","coordinates":[[[5.05,49.251],[5.065,49.257],[5.104,49.26],[5.127,49.221],[5.116,49.21],[5.084,49.239],[5.05,49.251]]]}},{"type":"Feature","properties":{"code":"55551","nom":"Vigneulles-lès-Hattonchâtel","departement":"55","region":"44","epci":"200034874"},"geometry":{"type":"Polygon","coordinates":[[[5.813,49.005],[5.805,48.984],[5.755,48.962],[5.731,48.951],[5.696,48.954],[5.662,48.951],[5.642,48.968],[5.642,48.992],[5.708,49.018],[5.723,49.021],[5.744,49.021],[5.749,49.009],[5.794,49.018],[5.813,49.005]]]}},{"type":"Feature","properties":{"code":"55553","nom":"Vignot","departement":"55","region":"44","epci":"200066157"},"geometry":{"type":"Polygon","coordinates":[[[5.616,48.76],[5.567,48.784],[5.569,48.788],[5.615,48.796],[5.634,48.791],[5.646,48.786],[5.653,48.773],[5.616,48.76]]]}},{"type":"Feature","properties":{"code":"55555","nom":"Ville-devant-Belrain","departement":"55","region":"44","epci":"200066140"},"geometry":{"type":"Polygon","coordinates":[[[5.324,48.862],[5.326,48.876],[5.387,48.893],[5.374,48.876],[5.324,48.862]]]}},{"type":"Feature","properties":{"code":"55556","nom":"Ville-devant-Chaumont","departement":"55","region":"44","epci":"200066173"},"geometry":{"type":"Polygon","coordinates":[[[5.425,49.276],[5.413,49.281],[5.419,49.301],[5.446,49.302],[5.425,49.276]]]}},{"type":"Feature","properties":{"code":"55557","nom":"Ville-en-Woëvre","departement":"55","region":"44","epci":"245501176"},"geometry":{"type":"Polygon","coordinates":[[[5.653,49.123],[5.651,49.114],[5.616,49.119],[5.578,49.146],[5.583,49.166],[5.605,49.156],[5.639,49.144],[5.653,49.123]]]}},{"type":"Feature","properties":{"code":"55559","nom":"Villeroy-sur-Méholle","departement":"55","region":"44","epci":"200066157"},"geometry":{"type":"Polygon","coordinates":[[[5.595,48.625],[5.586,48.607],[5.54,48.62],[5.576,48.628],[5.595,48.625]]]}},{"type":"Feature","properties":{"code":"55560","nom":"Villers-aux-Vents","departement":"55","region":"44","epci":"245501184"},"geometry":{"type":"Polygon","coordinates":[[[5.046,48.857],[5.011,48.847],[5.001,48.865],[5.02,48.875],[5.037,48.872],[5.046,48.857]]]}},{"type":"Feature","properties":{"code":"55562","nom":"Villers-le-Sec","departement":"55","region":"44","epci":"200066108"},"geometry":{"type":"Polygon","coordinates":[[[5.302,48.611],[5.292,48.615],[5.29,48.641],[5.306,48.637],[5.317,48.624],[5.325,48.612],[5.302,48.611]]]}},{"type":"Feature","properties":{"code":"55563","nom":"Villers-lès-Mangiennes","departement":"55","region":"44","epci":"200066173"},"geometry":{"type":"Polygon","coordinates":[[[5.473,49.342],[5.5,49.375],[5.531,49.376],[5.498,49.332],[5.473,49.342]]]}},{"type":"Feature","properties":{"code":"55565","nom":"Villers-sous-Pareid","departement":"55","region":"44","epci":"245501176"},"geometry":{"type":"Polygon","coordinates":[[[5.755,49.114],[5.732,49.112],[5.732,49.113],[5.719,49.133],[5.754,49.139],[5.756,49.143],[5.772,49.14],[5.755,49.114]]]}},{"type":"Feature","properties":{"code":"55566","nom":"Villers-sur-Meuse","departement":"55","region":"44","epci":"200066165"},"geometry":{"type":"Polygon","coordinates":[[[5.41,49.01],[5.369,49.023],[5.417,49.035],[5.426,49.03],[5.426,49.019],[5.41,49.01]]]}},{"type":"Feature","properties":{"code":"55567","nom":"Ville-sur-Cousances","departement":"55","region":"44","epci":"200066165"},"geometry":{"type":"Polygon","coordinates":[[[5.16,49.065],[5.142,49.073],[5.145,49.081],[5.197,49.093],[5.213,49.069],[5.16,49.065]]]}},{"type":"Feature","properties":{"code":"55568","nom":"Ville-sur-Saulx","departement":"55","region":"44","epci":"200066108"},"geometry":{"type":"Polygon","coordinates":[[[5.084,48.729],[5.074,48.707],[5.063,48.711],[5.061,48.724],[5.084,48.729]]]}},{"type":"Feature","properties":{"code":"55569","nom":"Villotte-devant-Louppy","departement":"55","region":"44","epci":"200066140"},"geometry":{"type":"Polygon","coordinates":[[[5.045,48.884],[5.041,48.903],[5.076,48.903],[5.12,48.896],[5.092,48.876],[5.045,48.884]]]}},{"type":"Feature","properties":{"code":"55570","nom":"Villotte-sur-Aire","departement":"55","region":"44","epci":"200066140"},"geometry":{"type":"Polygon","coordinates":[[[5.342,48.839],[5.31,48.832],[5.307,48.842],[5.324,48.862],[5.374,48.876],[5.415,48.869],[5.4,48.861],[5.377,48.865],[5.342,48.839]]]}},{"type":"Feature","properties":{"code":"55571","nom":"Vilosnes-Haraumont","departement":"55","region":"44","epci":"200066132"},"geometry":{"type":"MultiPolygon","coordinates":[[[[5.192,49.311],[5.201,49.335],[5.234,49.357],[5.246,49.356],[5.257,49.327],[5.192,49.311]]],[[[5.309,49.354],[5.31,49.347],[5.303,49.347],[5.274,49.363],[5.309,49.354]]]]}},{"type":"Feature","properties":{"code":"55573","nom":"Void-Vacon","departement":"55","region":"44","epci":"200066157"},"geometry":{"type":"Polygon","coordinates":[[[5.611,48.708],[5.631,48.695],[5.662,48.698],[5.67,48.669],[5.664,48.654],[5.637,48.649],[5.577,48.652],[5.577,48.685],[5.579,48.687],[5.611,48.708]]]}},{"type":"Feature","properties":{"code":"55574","nom":"Vouthon-Bas","departement":"55","region":"44","epci":"200066108"},"geometry":{"type":"Polygon","coordinates":[[[5.646,48.486],[5.642,48.485],[5.587,48.48],[5.599,48.502],[5.619,48.501],[5.646,48.486]]]}},{"type":"Feature","properties":{"code":"55575","nom":"Vouthon-Haut","departement":"55","region":"44","epci":"200066108"},"geometry":{"type":"Polygon","coordinates":[[[5.644,48.472],[5.642,48.472],[5.62,48.457],[5.566,48.461],[5.575,48.491],[5.595,48.502],[5.599,48.502],[5.587,48.48],[5.642,48.485],[5.644,48.472]]]}},{"type":"Feature","properties":{"code":"55577","nom":"Waly","departement":"55","region":"44","epci":"200066140"},"geometry":{"type":"Polygon","coordinates":[[[5.094,49.036],[5.101,49.036],[5.117,49.013],[5.078,49.025],[5.094,49.036]]]}},{"type":"Feature","properties":{"code":"55578","nom":"Warcq","departement":"55","region":"44","epci":"245501242"},"geometry":{"type":"Polygon","coordinates":[[[5.667,49.198],[5.657,49.187],[5.64,49.179],[5.622,49.196],[5.662,49.202],[5.667,49.198]]]}},{"type":"Feature","properties":{"code":"55579","nom":"Watronville","departement":"55","region":"44","epci":"245501176"},"geometry":{"type":"Polygon","coordinates":[[[5.574,49.144],[5.573,49.14],[5.537,49.127],[5.508,49.121],[5.549,49.153],[5.574,49.144]]]}},{"type":"Feature","properties":{"code":"55580","nom":"Wavrille","departement":"55","region":"44","epci":"200066173"},"geometry":{"type":"Polygon","coordinates":[[[5.387,49.331],[5.403,49.328],[5.353,49.305],[5.347,49.312],[5.387,49.331]]]}},{"type":"Feature","properties":{"code":"55581","nom":"Willeroncourt","departement":"55","region":"44","epci":"200066157"},"geometry":{"type":"Polygon","coordinates":[[[5.338,48.707],[5.336,48.712],[5.344,48.735],[5.365,48.729],[5.372,48.698],[5.362,48.696],[5.338,48.707]]]}},{"type":"Feature","properties":{"code":"55583","nom":"Woël","departement":"55","region":"44","epci":"245501176"},"geometry":{"type":"Polygon","coordinates":[[[5.745,49.06],[5.778,49.052],[5.744,49.021],[5.723,49.021],[5.713,49.047],[5.745,49.06]]]}},{"type":"Feature","properties":{"code":"55584","nom":"Woimbey","departement":"55","region":"44","epci":"200066140"},"geometry":{"type":"Polygon","coordinates":[[[5.476,48.981],[5.493,48.974],[5.451,48.945],[5.417,48.952],[5.409,48.968],[5.461,48.988],[5.476,48.981]]]}},{"type":"Feature","properties":{"code":"55586","nom":"Xivray-et-Marvoisin","departement":"55","region":"44","epci":"200034874"},"geometry":{"type":"Polygon","coordinates":[[[5.765,48.873],[5.769,48.86],[5.733,48.85],[5.692,48.854],[5.707,48.88],[5.731,48.881],[5.765,48.873]]]}},{"type":"Feature","properties":{"code":"57001","nom":"Aboncourt","departement":"57","region":"44","epci":"245701354"},"geometry":{"type":"Polygon","coordinates":[[[6.337,49.264],[6.337,49.265],[6.368,49.267],[6.38,49.258],[6.34,49.24],[6.337,49.264]]]}},{"type":"Feature","properties":{"code":"57002","nom":"Aboncourt-sur-Seille","departement":"57","region":"44","epci":"245701206"},"geometry":{"type":"Polygon","coordinates":[[[6.357,48.811],[6.339,48.811],[6.334,48.82],[6.375,48.827],[6.382,48.821],[6.383,48.82],[6.357,48.811]]]}},{"type":"Feature","properties":{"code":"57003","nom":"Abreschviller","departement":"57","region":"44","epci":"200068146"},"geometry":{"type":"Polygon","coordinates":[[[7.123,48.645],[7.136,48.649],[7.183,48.609],[7.22,48.556],[7.201,48.553],[7.128,48.591],[7.128,48.614],[7.086,48.637],[7.07,48.639],[7.07,48.64],[7.104,48.652],[7.123,48.645]]]}},{"type":"Feature","properties":{"code":"57004","nom":"Achain","departement":"57","region":"44","epci":"245701206"},"geometry":{"type":"Polygon","coordinates":[[[6.586,48.93],[6.596,48.932],[6.601,48.923],[6.605,48.913],[6.608,48.908],[6.592,48.902],[6.571,48.912],[6.586,48.93]]]}},{"type":"Feature","properties":{"code":"57006","nom":"Achen","departement":"57","region":"44","epci":"200069441"},"geometry":{"type":"Polygon","coordinates":[[[7.151,49.048],[7.166,49.057],[7.188,49.066],[7.193,49.068],[7.217,49.036],[7.217,49.032],[7.172,49.039],[7.161,49.03],[7.151,49.048]]]}},{"type":"Feature","properties":{"code":"57007","nom":"Adaincourt","departement":"57","region":"44","epci":"245700133"},"geometry":{"type":"Polygon","coordinates":[[[6.433,48.996],[6.432,49.008],[6.458,49.001],[6.452,48.999],[6.433,48.996]]]}},{"type":"Feature","properties":{"code":"57008","nom":"Adelange","departement":"57","region":"44","epci":"245700133"},"geometry":{"type":"Polygon","coordinates":[[[6.63,49.012],[6.611,48.994],[6.59,48.997],[6.611,49.02],[6.63,49.012]]]}},{"type":"Feature","properties":{"code":"57009","nom":"Ajoncourt","departement":"57","region":"44","epci":"245701206"},"geometry":{"type":"Polygon","coordinates":[[[6.285,48.849],[6.3,48.853],[6.309,48.856],[6.316,48.837],[6.285,48.849]]]}},{"type":"Feature","properties":{"code":"57010","nom":"Alaincourt-la-Côte","departement":"57","region":"44","epci":"245701206"},"geometry":{"type":"Polygon","coordinates":[[[6.328,48.905],[6.33,48.906],[6.359,48.912],[6.364,48.907],[6.346,48.888],[6.326,48.896],[6.328,48.905]]]}},{"type":"Feature","properties":{"code":"57011","nom":"Albestroff","departement":"57","region":"44","epci":"245701206"},"geometry":{"type":"Polygon","coordinates":[[[6.821,48.928],[6.828,48.931],[6.833,48.936],[6.864,48.947],[6.905,48.938],[6.924,48.917],[6.923,48.916],[6.89,48.92],[6.867,48.909],[6.831,48.916],[6.821,48.928]]]}},{"type":"Feature","properties":{"code":"57012","nom":"Algrange","departement":"57","region":"44","epci":"245701222"},"geometry":{"type":"Polygon","coordinates":[[[6.035,49.347],[6.032,49.369],[6.058,49.384],[6.058,49.359],[6.035,49.347]]]}},{"type":"Feature","properties":{"code":"57013","nom":"Alsting","departement":"57","region":"44","epci":"245700372"},"geometry":{"type":"Polygon","coordinates":[[[6.998,49.167],[6.993,49.165],[6.985,49.177],[6.981,49.18],[6.999,49.194],[7.016,49.191],[6.998,49.167]]]}},{"type":"Feature","properties":{"code":"57014","nom":"Altrippe","departement":"57","region":"44","epci":"200067502"},"geometry":{"type":"Polygon","coordinates":[[[6.828,49.043],[6.831,49.043],[6.82,49.014],[6.807,49.012],[6.802,49.026],[6.8,49.032],[6.828,49.043]]]}},{"type":"Feature","properties":{"code":"57015","nom":"Altviller","departement":"57","region":"44","epci":"200067502"},"geometry":{"type":"Polygon","coordinates":[[[6.724,49.08],[6.752,49.062],[6.721,49.06],[6.708,49.061],[6.724,49.08]]]}},{"type":"Feature","properties":{"code":"57016","nom":"Alzing","departement":"57","region":"44","epci":"200067486"},"geometry":{"type":"Polygon","coordinates":[[[6.542,49.281],[6.568,49.288],[6.564,49.271],[6.539,49.259],[6.542,49.281]]]}},{"type":"Feature","properties":{"code":"57017","nom":"Amanvillers","departement":"57","region":"44","epci":"200039865"},"geometry":{"type":"Polygon","coordinates":[[[6.073,49.155],[6.075,49.15],[6.022,49.149],[6.011,49.153],[6.031,49.168],[6.039,49.174],[6.058,49.176],[6.068,49.175],[6.073,49.155]]]}},{"type":"Feature","properties":{"code":"57018","nom":"Amelécourt","departement":"57","region":"44","epci":"245701206"},"geometry":{"type":"Polygon","coordinates":[[[6.458,48.848],[6.469,48.852],[6.489,48.857],[6.52,48.83],[6.473,48.837],[6.458,48.848]]]}},{"type":"Feature","properties":{"code":"57019","nom":"Amnéville","departement":"57","region":"44","epci":"245701271"},"geometry":{"type":"MultiPolygon","coordinates":[[[[6.052,49.227],[6.052,49.231],[6.08,49.225],[6.069,49.215],[6.067,49.21],[6.04,49.211],[6.052,49.227]]],[[[6.137,49.241],[6.124,49.242],[6.112,49.263],[6.124,49.264],[6.154,49.27],[6.158,49.266],[6.152,49.256],[6.137,49.241]]]]}},{"type":"Feature","properties":{"code":"57020","nom":"Ancerville","departement":"57","region":"44","epci":"200039907"},"geometry":{"type":"Polygon","coordinates":[[[6.42,49.042],[6.421,49.038],[6.4,49.023],[6.386,49.021],[6.377,49.038],[6.397,49.041],[6.42,49.042]]]}},{"type":"Feature","properties":{"code":"57021","nom":"Ancy-Dornot","departement":"57","region":"44","epci":"200070738"},"geometry":{"type":"Polygon","coordinates":[[[6.02,49.08],[6.048,49.079],[6.077,49.064],[6.065,49.052],[6.057,49.04],[6.023,49.068],[6.02,49.08]]]}},{"type":"Feature","properties":{"code":"57024","nom":"Antilly","departement":"57","region":"44","epci":"200039949"},"geometry":{"type":"Polygon","coordinates":[[[6.225,49.203],[6.273,49.202],[6.271,49.197],[6.253,49.188],[6.234,49.189],[6.225,49.203]]]}},{"type":"Feature","properties":{"code":"57025","nom":"Anzeling","departement":"57","region":"44","epci":"200067486"},"geometry":{"type":"Polygon","coordinates":[[[6.487,49.261],[6.483,49.256],[6.458,49.257],[6.439,49.28],[6.456,49.285],[6.487,49.261]]]}},{"type":"Feature","properties":{"code":"57027","nom":"Arraincourt","departement":"57","region":"44","epci":"245700133"},"geometry":{"type":"Polygon","coordinates":[[[6.537,48.99],[6.545,48.975],[6.534,48.959],[6.519,48.97],[6.518,48.986],[6.537,48.99]]]}},{"type":"Feature","properties":{"code":"57028","nom":"Argancy","departement":"57","region":"44","epci":"200039949"},"geometry":{"type":"Polygon","coordinates":[[[6.18,49.185],[6.203,49.218],[6.249,49.22],[6.225,49.203],[6.234,49.189],[6.228,49.185],[6.202,49.178],[6.187,49.178],[6.18,49.185]]]}},{"type":"Feature","properties":{"code":"57029","nom":"Arriance","departement":"57","region":"44","epci":"245700133"},"geometry":{"type":"Polygon","coordinates":[[[6.522,49.015],[6.502,49.001],[6.488,49.032],[6.522,49.031],[6.522,49.015]]]}},{"type":"Feature","properties":{"code":"57030","nom":"Arry","departement":"57","region":"44","epci":"200070738"},"geometry":{"type":"Polygon","coordinates":[[[6.081,49.009],[6.079,49.004],[6.065,48.981],[6.043,48.977],[6.043,49.002],[6.045,49.009],[6.07,49.009],[6.081,49.009]]]}},{"type":"Feature","properties":{"code":"57031","nom":"Ars-Laquenexy","departement":"57","region":"44","epci":"200039865"},"geometry":{"type":"Polygon","coordinates":[[[6.246,49.078],[6.239,49.087],[6.254,49.093],[6.288,49.097],[6.296,49.091],[6.29,49.074],[6.271,49.079],[6.246,49.078]]]}},{"type":"Feature","properties":{"code":"57032","nom":"Ars-sur-Moselle","departement":"57","region":"44","epci":"200039865"},"geometry":{"type":"Polygon","coordinates":[[[6.091,49.087],[6.077,49.064],[6.048,49.079],[6.02,49.08],[6.005,49.085],[6.009,49.102],[6.048,49.109],[6.044,49.087],[6.091,49.087]]]}},{"type":"Feature","properties":{"code":"57033","nom":"Arzviller","departement":"57","region":"44","epci":"245700950"},"geometry":{"type":"Polygon","coordinates":[[[7.175,48.735],[7.187,48.731],[7.187,48.725],[7.173,48.709],[7.14,48.726],[7.175,48.735]]]}},{"type":"Feature","properties":{"code":"57034","nom":"Aspach","departement":"57","region":"44","epci":"200068146"},"geometry":{"type":"Polygon","coordinates":[[[6.979,48.661],[6.986,48.652],[6.977,48.645],[6.951,48.649],[6.951,48.66],[6.979,48.661]]]}},{"type":"Feature","properties":{"code":"57035","nom":"Assenoncourt","departement":"57","region":"44","epci":"200068146"},"geometry":{"type":"Polygon","coordinates":[[[6.763,48.766],[6.784,48.788],[6.829,48.782],[6.835,48.768],[6.831,48.755],[6.773,48.746],[6.763,48.766]]]}},{"type":"Feature","properties":{"code":"57036","nom":"Attilloncourt","departement":"57","region":"44","epci":"245701206"},"geometry":{"type":"MultiPolygon","coordinates":[[[[6.387,48.781],[6.371,48.785],[6.393,48.805],[6.394,48.791],[6.387,48.781]]],[[[6.382,48.821],[6.392,48.823],[6.394,48.806],[6.383,48.82],[6.382,48.821]]]]}},{"type":"Feature","properties":{"code":"57037","nom":"Aube","departement":"57","region":"44","epci":"200039907"},"geometry":{"type":"Polygon","coordinates":[[[6.338,49.012],[6.33,49.014],[6.315,49.023],[6.334,49.038],[6.347,49.039],[6.354,49.028],[6.338,49.012]]]}},{"type":"Feature","properties":{"code":"57039","nom":"Augny","departement":"57","region":"44","epci":"200039865"},"geometry":{"type":"Polygon","coordinates":[[[6.084,49.041],[6.079,49.046],[6.104,49.079],[6.127,49.081],[6.138,49.047],[6.137,49.034],[6.118,49.028],[6.084,49.041]]]}},{"type":"Feature","properties":{"code":"57040","nom":"Aulnois-sur-Seille","departement":"57","region":"44","epci":"245701206"},"geometry":{"type":"MultiPolygon","coordinates":[[[[6.37,48.862],[6.374,48.857],[6.353,48.854],[6.345,48.863],[6.37,48.862]]],[[[6.297,48.867],[6.308,48.875],[6.339,48.863],[6.309,48.856],[6.3,48.853],[6.297,48.867]]]]}},{"type":"Feature","properties":{"code":"57042","nom":"Avricourt","departement":"57","region":"44","epci":"200068146"},"geometry":{"type":"Polygon","coordinates":[[[6.843,48.643],[6.839,48.638],[6.81,48.647],[6.783,48.643],[6.774,48.648],[6.764,48.652],[6.763,48.655],[6.802,48.677],[6.843,48.643]]]}},{"type":"Feature","properties":{"code":"57043","nom":"Ay-sur-Moselle","departement":"57","region":"44","epci":"200039949"},"geometry":{"type":"Polygon","coordinates":[[[6.194,49.261],[6.207,49.259],[6.211,49.249],[6.21,49.235],[6.189,49.239],[6.174,49.248],[6.186,49.257],[6.194,49.261]]]}},{"type":"Feature","properties":{"code":"57044","nom":"Azoudange","departement":"57","region":"44","epci":"200068146"},"geometry":{"type":"Polygon","coordinates":[[[6.773,48.746],[6.773,48.746],[6.831,48.755],[6.837,48.741],[6.861,48.717],[6.855,48.709],[6.829,48.706],[6.83,48.716],[6.773,48.746]]]}},{"type":"Feature","properties":{"code":"57045","nom":"Bacourt","departement":"57","region":"44","epci":"245701206"},"geometry":{"type":"Polygon","coordinates":[[[6.385,48.925],[6.409,48.944],[6.424,48.939],[6.416,48.922],[6.385,48.925]]]}},{"type":"Feature","properties":{"code":"57046","nom":"Baerenthal","departement":"57","region":"44","epci":"200069441"},"geometry":{"type":"Polygon","coordinates":[[[7.557,48.936],[7.513,48.943],[7.487,48.95],[7.452,48.968],[7.502,49],[7.503,49.001],[7.562,48.988],[7.58,48.962],[7.557,48.936]]]}},{"type":"Feature","properties":{"code":"57047","nom":"Bambiderstroff","departement":"57","region":"44","epci":"245700133"},"geometry":{"type":"Polygon","coordinates":[[[6.628,49.093],[6.601,49.086],[6.587,49.082],[6.578,49.089],[6.582,49.116],[6.603,49.122],[6.63,49.097],[6.628,49.093]]]}},{"type":"Feature","properties":{"code":"57048","nom":"Bannay","departement":"57","region":"44","epci":"200067650"},"geometry":{"type":"Polygon","coordinates":[[[6.491,49.134],[6.493,49.128],[6.452,49.108],[6.46,49.129],[6.491,49.134]]]}},{"type":"Feature","properties":{"code":"57049","nom":"Le Ban-Saint-Martin","departement":"57","region":"44","epci":"200039865"},"geometry":{"type":"Polygon","coordinates":[[[6.128,49.123],[6.137,49.129],[6.149,49.119],[6.132,49.121],[6.128,49.123]]]}},{"type":"Feature","properties":{"code":"57050","nom":"Barchain","departement":"57","region":"44","epci":"200068146"},"geometry":{"type":"Polygon","coordinates":[[[6.957,48.699],[6.949,48.704],[6.95,48.713],[6.958,48.716],[6.969,48.71],[6.957,48.699]]]}},{"type":"Feature","properties":{"code":"57051","nom":"Baronville","departement":"57","region":"44","epci":"200067502"},"geometry":{"type":"Polygon","coordinates":[[[6.626,48.951],[6.637,48.948],[6.601,48.923],[6.596,48.932],[6.602,48.951],[6.626,48.951]]]}},{"type":"Feature","properties":{"code":"57052","nom":"Barst","departement":"57","region":"44","epci":"245700398"},"geometry":{"type":"MultiPolygon","coordinates":[[[[6.803,49.06],[6.818,49.069],[6.844,49.062],[6.83,49.057],[6.803,49.06]]],[[[6.813,49.079],[6.812,49.08],[6.803,49.092],[6.827,49.093],[6.828,49.086],[6.813,49.079]]]]}},{"type":"Feature","properties":{"code":"57053","nom":"Bassing","departement":"57","region":"44","epci":"245701206"},"geometry":{"type":"Polygon","coordinates":[[[6.821,48.878],[6.823,48.876],[6.798,48.857],[6.783,48.86],[6.782,48.873],[6.806,48.891],[6.807,48.891],[6.821,48.878]]]}},{"type":"Feature","properties":{"code":"57054","nom":"Baudrecourt","departement":"57","region":"44","epci":"245701206"},"geometry":{"type":"Polygon","coordinates":[[[6.451,48.973],[6.475,48.966],[6.477,48.953],[6.45,48.951],[6.439,48.961],[6.451,48.973]]]}},{"type":"Feature","properties":{"code":"57055","nom":"Bazoncourt","departement":"57","region":"44","epci":"200067957"},"geometry":{"type":"Polygon","coordinates":[[[6.401,49.076],[6.417,49.066],[6.397,49.041],[6.377,49.038],[6.348,49.047],[6.365,49.061],[6.401,49.076]]]}},{"type":"Feature","properties":{"code":"57056","nom":"Bébing","departement":"57","region":"44","epci":"200068146"},"geometry":{"type":"Polygon","coordinates":[[[7.018,48.731],[7.006,48.702],[6.988,48.703],[6.969,48.71],[6.958,48.716],[6.988,48.741],[7.01,48.736],[7.018,48.731]]]}},{"type":"Feature","properties":{"code":"57057","nom":"Béchy","departement":"57","region":"44","epci":"200039907"},"geometry":{"type":"Polygon","coordinates":[[[6.365,48.967],[6.363,49.001],[6.419,48.983],[6.393,48.966],[6.365,48.967]]]}},{"type":"Feature","properties":{"code":"57058","nom":"Behren-lès-Forbach","departement":"57","region":"44","epci":"245700372"},"geometry":{"type":"Polygon","coordinates":[[[6.93,49.186],[6.931,49.186],[6.955,49.172],[6.967,49.148],[6.937,49.156],[6.923,49.167],[6.93,49.186]]]}},{"type":"Feature","properties":{"code":"57059","nom":"Bellange","departement":"57","region":"44","epci":"245701206"},"geometry":{"type":"Polygon","coordinates":[[[6.562,48.908],[6.571,48.912],[6.592,48.902],[6.586,48.891],[6.557,48.9],[6.562,48.908]]]}},{"type":"Feature","properties":{"code":"57060","nom":"Bénestroff","departement":"57","region":"44","epci":"245701206"},"geometry":{"type":"Polygon","coordinates":[[[6.74,48.885],[6.736,48.905],[6.742,48.928],[6.768,48.929],[6.778,48.895],[6.77,48.891],[6.741,48.885],[6.74,48.885]]]}},{"type":"Feature","properties":{"code":"57061","nom":"Béning-lès-Saint-Avold","departement":"57","region":"44","epci":"245700398"},"geometry":{"type":"Polygon","coordinates":[[[6.824,49.143],[6.851,49.127],[6.846,49.122],[6.828,49.129],[6.824,49.143]]]}},{"type":"Feature","properties":{"code":"57063","nom":"Bérig-Vintrange","departement":"57","region":"44","epci":"200067502"},"geometry":{"type":"Polygon","coordinates":[[[6.676,48.965],[6.678,48.991],[6.711,48.98],[6.708,48.955],[6.676,48.965]]]}},{"type":"Feature","properties":{"code":"57064","nom":"Berling","departement":"57","region":"44","epci":"245700950"},"geometry":{"type":"Polygon","coordinates":[[[7.225,48.802],[7.246,48.81],[7.261,48.797],[7.239,48.789],[7.225,48.802]]]}},{"type":"Feature","properties":{"code":"57065","nom":"Bermering","departement":"57","region":"44","epci":"245701206"},"geometry":{"type":"Polygon","coordinates":[[[6.72,48.944],[6.734,48.925],[6.703,48.921],[6.692,48.938],[6.713,48.947],[6.72,48.944]]]}},{"type":"Feature","properties":{"code":"57066","nom":"Berthelming","departement":"57","region":"44","epci":"200068146"},"geometry":{"type":"Polygon","coordinates":[[[7.008,48.808],[7.005,48.807],[6.977,48.808],[6.935,48.832],[6.968,48.835],[7.021,48.821],[7.008,48.808]]]}},{"type":"Feature","properties":{"code":"57067","nom":"Bertrange","departement":"57","region":"44","epci":"245701354"},"geometry":{"type":"Polygon","coordinates":[[[6.165,49.302],[6.174,49.318],[6.212,49.329],[6.217,49.33],[6.224,49.315],[6.22,49.308],[6.165,49.302]]]}},{"type":"Feature","properties":{"code":"57069","nom":"Berviller-en-Moselle","departement":"57","region":"44","epci":"200067650"},"geometry":{"type":"Polygon","coordinates":[[[6.646,49.254],[6.633,49.274],[6.654,49.281],[6.662,49.257],[6.646,49.254]]]}},{"type":"Feature","properties":{"code":"57070","nom":"Bettange","departement":"57","region":"44","epci":"200067650"},"geometry":{"type":"Polygon","coordinates":[[[6.5,49.246],[6.505,49.237],[6.503,49.228],[6.486,49.232],[6.482,49.251],[6.5,49.246]]]}},{"type":"Feature","properties":{"code":"57071","nom":"Bettborn","departement":"57","region":"44","epci":"200068146"},"geometry":{"type":"Polygon","coordinates":[[[7.047,48.821],[7.052,48.815],[7.049,48.804],[7.008,48.791],[7.008,48.808],[7.021,48.821],[7.047,48.821]]]}},{"type":"Feature","properties":{"code":"57072","nom":"Bettelainville","departement":"57","region":"44","epci":"245701354"},"geometry":{"type":"Polygon","coordinates":[[[6.324,49.225],[6.29,49.229],[6.285,49.258],[6.337,49.264],[6.34,49.24],[6.324,49.225]]]}},{"type":"Feature","properties":{"code":"57073","nom":"Betting","departement":"57","region":"44","epci":"245700398"},"geometry":{"type":"Polygon","coordinates":[[[6.824,49.143],[6.824,49.143],[6.828,49.129],[6.811,49.116],[6.801,49.122],[6.796,49.139],[6.824,49.143]]]}},{"type":"Feature","properties":{"code":"57074","nom":"Bettviller","departement":"57","region":"44","epci":"200069441"},"geometry":{"type":"Polygon","coordinates":[[[7.245,49.075],[7.303,49.099],[7.345,49.085],[7.322,49.069],[7.285,49.057],[7.247,49.057],[7.245,49.075]]]}},{"type":"Feature","properties":{"code":"57075","nom":"Beux","departement":"57","region":"44","epci":"200039907"},"geometry":{"type":"Polygon","coordinates":[[[6.303,48.988],[6.294,48.992],[6.287,48.998],[6.33,49.014],[6.338,49.012],[6.332,49.004],[6.303,48.988]]]}},{"type":"Feature","properties":{"code":"57077","nom":"Bezange-la-Petite","departement":"57","region":"44","epci":"245701206"},"geometry":{"type":"Polygon","coordinates":[[[6.617,48.715],[6.599,48.716],[6.59,48.732],[6.609,48.75],[6.634,48.737],[6.617,48.715]]]}},{"type":"Feature","properties":{"code":"57079","nom":"Bibiche","departement":"57","region":"44","epci":"200067486"},"geometry":{"type":"Polygon","coordinates":[[[6.514,49.348],[6.514,49.336],[6.477,49.315],[6.45,49.319],[6.442,49.331],[6.473,49.349],[6.507,49.347],[6.514,49.348]]]}},{"type":"Feature","properties":{"code":"57080","nom":"Bickenholtz","departement":"57","region":"44","epci":"200068146"},"geometry":{"type":"Polygon","coordinates":[[[7.159,48.809],[7.18,48.81],[7.183,48.806],[7.159,48.809]]]}},{"type":"Feature","properties":{"code":"57081","nom":"Bidestroff","departement":"57","region":"44","epci":"245701206"},"geometry":{"type":"Polygon","coordinates":[[[6.817,48.845],[6.81,48.841],[6.777,48.825],[6.772,48.854],[6.783,48.86],[6.798,48.857],[6.817,48.845]]]}},{"type":"Feature","properties":{"code":"57082","nom":"Biding","departement":"57","region":"44","epci":"200067502"},"geometry":{"type":"Polygon","coordinates":[[[6.818,49.069],[6.803,49.06],[6.779,49.048],[6.773,49.046],[6.765,49.062],[6.782,49.071],[6.812,49.08],[6.813,49.079],[6.818,49.069]]]}},{"type":"Feature","properties":{"code":"57083","nom":"Bining","departement":"57","region":"44","epci":"200069441"},"geometry":{"type":"Polygon","coordinates":[[[7.292,49.013],[7.267,49.007],[7.208,49.02],[7.217,49.032],[7.217,49.036],[7.232,49.048],[7.256,49.043],[7.292,49.017],[7.292,49.013]]]}},{"type":"Feature","properties":{"code":"57084","nom":"Bioncourt","departement":"57","region":"44","epci":"245701206"},"geometry":{"type":"Polygon","coordinates":[[[6.371,48.785],[6.356,48.792],[6.357,48.811],[6.383,48.82],[6.394,48.806],[6.393,48.805],[6.371,48.785]]]}},{"type":"Feature","properties":{"code":"57085","nom":"Bionville-sur-Nied","departement":"57","region":"44","epci":"200067650"},"geometry":{"type":"Polygon","coordinates":[[[6.496,49.104],[6.448,49.1],[6.452,49.108],[6.493,49.128],[6.504,49.115],[6.505,49.111],[6.496,49.104]]]}},{"type":"Feature","properties":{"code":"57086","nom":"Belles-Forêts","departement":"57","region":"44","epci":"200068146"},"geometry":{"type":"Polygon","coordinates":[[[6.862,48.819],[6.86,48.822],[6.913,48.836],[6.932,48.831],[6.93,48.808],[6.946,48.792],[6.936,48.787],[6.871,48.788],[6.846,48.8],[6.862,48.819]]]}},{"type":"Feature","properties":{"code":"57087","nom":"Bisten-en-Lorraine","departement":"57","region":"44","epci":"245701164"},"geometry":{"type":"Polygon","coordinates":[[[6.599,49.152],[6.583,49.164],[6.585,49.175],[6.595,49.176],[6.625,49.167],[6.599,49.152]]]}},{"type":"Feature","properties":{"code":"57088","nom":"Bistroff","departement":"57","region":"44","epci":"200067502"},"geometry":{"type":"Polygon","coordinates":[[[6.725,49.025],[6.737,48.982],[6.711,48.98],[6.678,48.991],[6.671,48.992],[6.664,49.002],[6.699,49.027],[6.717,49.033],[6.725,49.025]]]}},{"type":"Feature","properties":{"code":"57089","nom":"Bitche","departement":"57","region":"44","epci":"200069441"},"geometry":{"type":"Polygon","coordinates":[[[7.464,49.081],[7.467,49.063],[7.499,49.051],[7.554,49.055],[7.555,49.055],[7.552,49.039],[7.512,49.041],[7.479,49.026],[7.425,49.016],[7.414,49.021],[7.417,49.037],[7.39,49.061],[7.391,49.061],[7.44,49.079],[7.464,49.081]]]}},{"type":"Feature","properties":{"code":"57090","nom":"Blanche-Église","departement":"57","region":"44","epci":"245701206"},"geometry":{"type":"Polygon","coordinates":[[[6.698,48.802],[6.698,48.788],[6.679,48.776],[6.656,48.782],[6.65,48.79],[6.688,48.807],[6.698,48.802]]]}},{"type":"Feature","properties":{"code":"57091","nom":"Bliesbruck","departement":"57","region":"44","epci":"200070746"},"geometry":{"type":"Polygon","coordinates":[[[7.209,49.096],[7.202,49.096],[7.157,49.101],[7.15,49.099],[7.159,49.12],[7.198,49.115],[7.209,49.096]]]}},{"type":"Feature","properties":{"code":"57092","nom":"Blies-Ébersing","departement":"57","region":"44","epci":"200070746"},"geometry":{"type":"Polygon","coordinates":[[[7.13,49.128],[7.131,49.132],[7.159,49.12],[7.15,49.099],[7.144,49.097],[7.129,49.103],[7.13,49.128]]]}},{"type":"Feature","properties":{"code":"57093","nom":"Blies-Guersviller","departement":"57","region":"44","epci":"200070746"},"geometry":{"type":"Polygon","coordinates":[[[7.097,49.132],[7.09,49.132],[7.104,49.139],[7.097,49.132]]]}},{"type":"Feature","properties":{"code":"57095","nom":"Boucheporn","departement":"57","region":"44","epci":"245700133"},"geometry":{"type":"Polygon","coordinates":[[[6.625,49.167],[6.631,49.165],[6.637,49.163],[6.652,49.145],[6.642,49.141],[6.61,49.135],[6.585,49.143],[6.599,49.152],[6.625,49.167]]]}},{"type":"Feature","properties":{"code":"57097","nom":"Boulay-Moselle","departement":"57","region":"44","epci":"200067650"},"geometry":{"type":"Polygon","coordinates":[[[6.472,49.171],[6.469,49.198],[6.486,49.204],[6.517,49.198],[6.528,49.172],[6.511,49.146],[6.472,49.171]]]}},{"type":"Feature","properties":{"code":"57098","nom":"Bourgaltroff","departement":"57","region":"44","epci":"245701206"},"geometry":{"type":"Polygon","coordinates":[[[6.782,48.873],[6.783,48.86],[6.772,48.854],[6.755,48.851],[6.741,48.885],[6.77,48.891],[6.782,48.873]]]}},{"type":"Feature","properties":{"code":"57099","nom":"Bourdonnay","departement":"57","region":"44","epci":"245701206"},"geometry":{"type":"Polygon","coordinates":[[[6.727,48.707],[6.694,48.732],[6.723,48.745],[6.763,48.746],[6.746,48.694],[6.727,48.707]]]}},{"type":"Feature","properties":{"code":"57100","nom":"Bourscheid","departement":"57","region":"44","epci":"245700950"},"geometry":{"type":"Polygon","coordinates":[[[7.18,48.772],[7.189,48.78],[7.197,48.779],[7.214,48.774],[7.213,48.763],[7.185,48.767],[7.18,48.772]]]}},{"type":"Feature","properties":{"code":"57101","nom":"Bousbach","departement":"57","region":"44","epci":"245700372"},"geometry":{"type":"Polygon","coordinates":[[[6.967,49.148],[6.972,49.147],[6.954,49.134],[6.916,49.133],[6.937,49.156],[6.967,49.148]]]}},{"type":"Feature","properties":{"code":"57102","nom":"Bousse","departement":"57","region":"44","epci":"245701354"},"geometry":{"type":"Polygon","coordinates":[[[6.207,49.259],[6.194,49.261],[6.181,49.273],[6.184,49.286],[6.22,49.285],[6.207,49.259]]]}},{"type":"Feature","properties":{"code":"57103","nom":"Bousseviller","departement":"57","region":"44","epci":"200069441"},"geometry":{"type":"Polygon","coordinates":[[[7.44,49.12],[7.444,49.129],[7.479,49.133],[7.481,49.115],[7.464,49.111],[7.44,49.12]]]}},{"type":"Feature","properties":{"code":"57105","nom":"Boustroff","departement":"57","region":"44","epci":"200067502"},"geometry":{"type":"Polygon","coordinates":[[[6.611,48.994],[6.63,49.012],[6.649,49.003],[6.623,48.994],[6.611,48.994]]]}},{"type":"Feature","properties":{"code":"57106","nom":"Bouzonville","departement":"57","region":"44","epci":"200067486"},"geometry":{"type":"Polygon","coordinates":[[[6.576,49.291],[6.568,49.288],[6.542,49.281],[6.517,49.287],[6.495,49.312],[6.556,49.312],[6.57,49.311],[6.585,49.298],[6.585,49.296],[6.576,49.291]]]}},{"type":"Feature","properties":{"code":"57107","nom":"Bréhain","departement":"57","region":"44","epci":"245701206"},"geometry":{"type":"Polygon","coordinates":[[[6.557,48.9],[6.544,48.896],[6.525,48.912],[6.528,48.913],[6.545,48.918],[6.562,48.908],[6.557,48.9]]]}},{"type":"Feature","properties":{"code":"57108","nom":"Breidenbach","departement":"57","region":"44","epci":"200069441"},"geometry":{"type":"Polygon","coordinates":[[[7.444,49.129],[7.44,49.12],[7.423,49.118],[7.39,49.113],[7.397,49.136],[7.408,49.147],[7.429,49.153],[7.437,49.149],[7.444,49.129]]]}},{"type":"Feature","properties":{"code":"57110","nom":"Brettnach","departement":"57","region":"44","epci":"200067486"},"geometry":{"type":"Polygon","coordinates":[[[6.535,49.259],[6.539,49.259],[6.564,49.271],[6.584,49.261],[6.571,49.246],[6.563,49.246],[6.539,49.252],[6.535,49.259]]]}},{"type":"Feature","properties":{"code":"57111","nom":"Bronvaux","departement":"57","region":"44","epci":"245701271"},"geometry":{"type":"Polygon","coordinates":[[[6.085,49.2],[6.099,49.196],[6.068,49.185],[6.085,49.2]]]}},{"type":"Feature","properties":{"code":"57112","nom":"Brouck","departement":"57","region":"44","epci":"200067650"},"geometry":{"type":"Polygon","coordinates":[[[6.526,49.136],[6.504,49.115],[6.493,49.128],[6.491,49.134],[6.509,49.139],[6.513,49.139],[6.521,49.14],[6.526,49.136]]]}},{"type":"Feature","properties":{"code":"57113","nom":"Brouderdorff","departement":"57","region":"44","epci":"200068146"},"geometry":{"type":"Polygon","coordinates":[[[7.109,48.683],[7.104,48.683],[7.089,48.679],[7.087,48.681],[7.087,48.709],[7.087,48.711],[7.133,48.692],[7.109,48.683]]]}},{"type":"Feature","properties":{"code":"57114","nom":"Brouviller","departement":"57","region":"44","epci":"245700950"},"geometry":{"type":"Polygon","coordinates":[[[7.187,48.731],[7.175,48.735],[7.161,48.75],[7.131,48.757],[7.133,48.76],[7.143,48.768],[7.157,48.78],[7.18,48.772],[7.185,48.767],[7.185,48.752],[7.194,48.742],[7.187,48.731]]]}},{"type":"Feature","properties":{"code":"57115","nom":"Brulange","departement":"57","region":"44","epci":"200067502"},"geometry":{"type":"Polygon","coordinates":[[[6.561,48.953],[6.537,48.94],[6.534,48.959],[6.545,48.975],[6.551,48.979],[6.565,48.971],[6.566,48.954],[6.561,48.953]]]}},{"type":"Feature","properties":{"code":"57116","nom":"Buchy","departement":"57","region":"44","epci":"200039907"},"geometry":{"type":"Polygon","coordinates":[[[6.294,48.992],[6.303,48.988],[6.307,48.984],[6.273,48.966],[6.267,48.981],[6.272,48.984],[6.294,48.992]]]}},{"type":"Feature","properties":{"code":"57117","nom":"Buding","departement":"57","region":"44","epci":"245701354"},"geometry":{"type":"Polygon","coordinates":[[[6.32,49.31],[6.319,49.313],[6.306,49.332],[6.316,49.343],[6.341,49.336],[6.347,49.317],[6.347,49.316],[6.32,49.31]]]}},{"type":"Feature","properties":{"code":"57118","nom":"Budling","departement":"57","region":"44","epci":"245701354"},"geometry":{"type":"Polygon","coordinates":[[[6.341,49.336],[6.316,49.343],[6.325,49.351],[6.372,49.349],[6.341,49.336]]]}},{"type":"Feature","properties":{"code":"57119","nom":"Buhl-Lorraine","departement":"57","region":"44","epci":"200068146"},"geometry":{"type":"Polygon","coordinates":[[[7.087,48.709],[7.075,48.688],[7.045,48.708],[7.053,48.725],[7.085,48.741],[7.109,48.729],[7.087,48.711],[7.087,48.709]]]}},{"type":"Feature","properties":{"code":"57120","nom":"Burlioncourt","departement":"57","region":"44","epci":"245701206"},"geometry":{"type":"Polygon","coordinates":[[[6.611,48.865],[6.611,48.861],[6.582,48.843],[6.57,48.844],[6.559,48.863],[6.564,48.876],[6.584,48.88],[6.611,48.865]]]}},{"type":"Feature","properties":{"code":"57121","nom":"Burtoncourt","departement":"57","region":"44","epci":"200067957"},"geometry":{"type":"Polygon","coordinates":[[[6.399,49.232],[6.419,49.234],[6.414,49.214],[6.409,49.214],[6.383,49.222],[6.399,49.232]]]}},{"type":"Feature","properties":{"code":"57122","nom":"Cappel","departement":"57","region":"44","epci":"245700398"},"geometry":{"type":"Polygon","coordinates":[[[6.881,49.074],[6.881,49.073],[6.844,49.062],[6.818,49.069],[6.813,49.079],[6.828,49.086],[6.849,49.089],[6.881,49.074]]]}},{"type":"Feature","properties":{"code":"57123","nom":"Carling","departement":"57","region":"44","epci":"200067502"},"geometry":{"type":"Polygon","coordinates":[[[6.712,49.156],[6.709,49.155],[6.714,49.179],[6.72,49.176],[6.729,49.169],[6.712,49.156]]]}},{"type":"Feature","properties":{"code":"57125","nom":"Chailly-lès-Ennery","departement":"57","region":"44","epci":"200039949"},"geometry":{"type":"Polygon","coordinates":[[[6.273,49.202],[6.225,49.203],[6.249,49.22],[6.263,49.229],[6.28,49.22],[6.273,49.202]]]}},{"type":"Feature","properties":{"code":"57126","nom":"Chambrey","departement":"57","region":"44","epci":"245701206"},"geometry":{"type":"Polygon","coordinates":[[[6.455,48.819],[6.458,48.817],[6.471,48.811],[6.475,48.785],[6.461,48.768],[6.453,48.766],[6.433,48.789],[6.424,48.803],[6.455,48.819]]]}},{"type":"Feature","properties":{"code":"57127","nom":"Chanville","departement":"57","region":"44","epci":"200039907"},"geometry":{"type":"Polygon","coordinates":[[[6.421,49.038],[6.42,49.042],[6.449,49.053],[6.453,49.033],[6.448,49.029],[6.421,49.038]]]}},{"type":"Feature","properties":{"code":"57128","nom":"Charleville-sous-Bois","departement":"57","region":"44","epci":"200067957"},"geometry":{"type":"Polygon","coordinates":[[[6.378,49.22],[6.383,49.222],[6.409,49.214],[6.433,49.198],[6.419,49.182],[6.406,49.164],[6.397,49.18],[6.378,49.22]]]}},{"type":"Feature","properties":{"code":"57129","nom":"Charly-Oradour","departement":"57","region":"44","epci":"200039949"},"geometry":{"type":"Polygon","coordinates":[[[6.224,49.167],[6.228,49.185],[6.234,49.189],[6.253,49.188],[6.272,49.173],[6.248,49.164],[6.233,49.159],[6.224,49.167]]]}},{"type":"Feature","properties":{"code":"57130","nom":"Château-Bréhain","departement":"57","region":"44","epci":"245701206"},"geometry":{"type":"Polygon","coordinates":[[[6.544,48.896],[6.543,48.889],[6.5,48.894],[6.499,48.906],[6.525,48.912],[6.544,48.896]]]}},{"type":"Feature","properties":{"code":"57131","nom":"Château-Rouge","departement":"57","region":"44","epci":"200067650"},"geometry":{"type":"Polygon","coordinates":[[[6.615,49.279],[6.606,49.274],[6.576,49.291],[6.585,49.296],[6.621,49.285],[6.615,49.279]]]}},{"type":"Feature","properties":{"code":"57132","nom":"Château-Salins","departement":"57","region":"44","epci":"245701206"},"geometry":{"type":"Polygon","coordinates":[[[6.52,48.83],[6.521,48.83],[6.527,48.826],[6.529,48.809],[6.471,48.811],[6.458,48.817],[6.473,48.837],[6.52,48.83]]]}},{"type":"Feature","properties":{"code":"57133","nom":"Château-Voué","departement":"57","region":"44","epci":"245701206"},"geometry":{"type":"Polygon","coordinates":[[[6.611,48.865],[6.618,48.868],[6.657,48.87],[6.663,48.871],[6.63,48.848],[6.646,48.836],[6.62,48.824],[6.615,48.829],[6.612,48.846],[6.611,48.861],[6.611,48.865]]]}},{"type":"Feature","properties":{"code":"57134","nom":"Châtel-Saint-Germain","departement":"57","region":"44","epci":"200039865"},"geometry":{"type":"Polygon","coordinates":[[[6.1,49.109],[6.099,49.11],[6.059,49.117],[6.034,49.138],[6.022,49.149],[6.075,49.15],[6.088,49.139],[6.1,49.114],[6.106,49.109],[6.1,49.109]]]}},{"type":"Feature","properties":{"code":"57136","nom":"Chémery-les-Deux","departement":"57","region":"44","epci":"200067486"},"geometry":{"type":"Polygon","coordinates":[[[6.418,49.301],[6.426,49.306],[6.45,49.319],[6.477,49.315],[6.477,49.314],[6.456,49.285],[6.439,49.28],[6.433,49.28],[6.418,49.301]]]}},{"type":"Feature","properties":{"code":"57137","nom":"Cheminot","departement":"57","region":"44","epci":"200039907"},"geometry":{"type":"Polygon","coordinates":[[[6.1,48.969],[6.13,48.981],[6.151,48.968],[6.165,48.942],[6.15,48.933],[6.147,48.933],[6.123,48.949],[6.1,48.969]]]}},{"type":"Feature","properties":{"code":"57138","nom":"Chenois","departement":"57","region":"44","epci":"245701206"},"geometry":{"type":"Polygon","coordinates":[[[6.475,48.966],[6.489,48.967],[6.487,48.947],[6.477,48.953],[6.475,48.966]]]}},{"type":"Feature","properties":{"code":"57139","nom":"Chérisey","departement":"57","region":"44","epci":"200039907"},"geometry":{"type":"Polygon","coordinates":[[[6.228,49.002],[6.232,49.022],[6.261,49.015],[6.274,49.008],[6.244,49],[6.228,49.002]]]}},{"type":"Feature","properties":{"code":"57140","nom":"Chesny","departement":"57","region":"44","epci":"200039865"},"geometry":{"type":"Polygon","coordinates":[[[6.251,49.063],[6.259,49.042],[6.232,49.044],[6.225,49.054],[6.225,49.056],[6.251,49.063]]]}},{"type":"Feature","properties":{"code":"57141","nom":"Chicourt","departement":"57","region":"44","epci":"245701206"},"geometry":{"type":"Polygon","coordinates":[[[6.499,48.906],[6.49,48.917],[6.486,48.931],[6.505,48.934],[6.511,48.931],[6.528,48.913],[6.525,48.912],[6.499,48.906]]]}},{"type":"Feature","properties":{"code":"57142","nom":"Chieulles","departement":"57","region":"44","epci":"200039865"},"geometry":{"type":"Polygon","coordinates":[[[6.203,49.151],[6.206,49.158],[6.224,49.167],[6.233,49.159],[6.224,49.148],[6.203,49.151]]]}},{"type":"Feature","properties":{"code":"57143","nom":"Clouange","departement":"57","region":"44","epci":"245701271"},"geometry":{"type":"Polygon","coordinates":[[[6.106,49.261],[6.083,49.256],[6.066,49.272],[6.106,49.261]]]}},{"type":"Feature","properties":{"code":"57144","nom":"Cocheren","departement":"57","region":"44","epci":"245700372"},"geometry":{"type":"Polygon","coordinates":[[[6.824,49.143],[6.824,49.143],[6.834,49.151],[6.844,49.156],[6.865,49.155],[6.867,49.153],[6.866,49.131],[6.851,49.127],[6.824,49.143]]]}},{"type":"Feature","properties":{"code":"57145","nom":"Coincy","departement":"57","region":"44","epci":"200067957"},"geometry":{"type":"Polygon","coordinates":[[[6.242,49.12],[6.246,49.12],[6.26,49.123],[6.298,49.103],[6.288,49.097],[6.254,49.093],[6.242,49.12]]]}},{"type":"Feature","properties":{"code":"57146","nom":"Coin-lès-Cuvry","departement":"57","region":"44","epci":"200039865"},"geometry":{"type":"Polygon","coordinates":[[[6.118,49.028],[6.137,49.034],[6.17,49.023],[6.139,49.02],[6.103,49.015],[6.118,49.028]]]}},{"type":"Feature","properties":{"code":"57147","nom":"Coin-sur-Seille","departement":"57","region":"44","epci":"200039865"},"geometry":{"type":"Polygon","coordinates":[[[6.171,49.007],[6.169,49.005],[6.122,48.999],[6.143,49.009],[6.172,49.022],[6.18,49.021],[6.181,49.02],[6.171,49.007]]]}},{"type":"Feature","properties":{"code":"57148","nom":"Colligny-Maizery","departement":"57","region":"44","epci":"200067957"},"geometry":{"type":"Polygon","coordinates":[[[6.327,49.119],[6.345,49.119],[6.357,49.112],[6.36,49.103],[6.347,49.087],[6.321,49.091],[6.321,49.102],[6.327,49.119]]]}},{"type":"Feature","properties":{"code":"57149","nom":"Colmen","departement":"57","region":"44","epci":"200067486"},"geometry":{"type":"Polygon","coordinates":[[[6.514,49.336],[6.514,49.348],[6.556,49.368],[6.558,49.366],[6.547,49.345],[6.514,49.336]]]}},{"type":"Feature","properties":{"code":"57150","nom":"Condé-Northen","departement":"57","region":"44","epci":"200067650"},"geometry":{"type":"Polygon","coordinates":[[[6.394,49.151],[6.406,49.164],[6.419,49.182],[6.421,49.181],[6.459,49.158],[6.462,49.146],[6.422,49.144],[6.4,49.141],[6.394,49.151]]]}},{"type":"Feature","properties":{"code":"57151","nom":"Conthil","departement":"57","region":"44","epci":"245701206"},"geometry":{"type":"Polygon","coordinates":[[[6.668,48.913],[6.681,48.912],[6.69,48.902],[6.679,48.876],[6.663,48.871],[6.657,48.87],[6.648,48.879],[6.649,48.9],[6.668,48.913]]]}},{"type":"Feature","properties":{"code":"57153","nom":"Corny-sur-Moselle","departement":"57","region":"44","epci":"200070738"},"geometry":{"type":"Polygon","coordinates":[[[6.079,49.046],[6.084,49.041],[6.085,49.014],[6.081,49.009],[6.07,49.009],[6.057,49.04],[6.065,49.052],[6.079,49.046]]]}},{"type":"Feature","properties":{"code":"57154","nom":"Coume","departement":"57","region":"44","epci":"200067650"},"geometry":{"type":"Polygon","coordinates":[[[6.62,49.211],[6.619,49.207],[6.604,49.181],[6.595,49.176],[6.585,49.175],[6.565,49.181],[6.551,49.205],[6.567,49.212],[6.576,49.215],[6.62,49.211]]]}},{"type":"Feature","properties":{"code":"57155","nom":"Courcelles-Chaussy","departement":"57","region":"44","epci":"200067957"},"geometry":{"type":"Polygon","coordinates":[[[6.422,49.144],[6.424,49.099],[6.379,49.1],[6.36,49.103],[6.357,49.112],[6.386,49.119],[6.383,49.136],[6.4,49.141],[6.422,49.144]]]}},{"type":"Feature","properties":{"code":"57156","nom":"Courcelles-sur-Nied","departement":"57","region":"44","epci":"200067957"},"geometry":{"type":"Polygon","coordinates":[[[6.297,49.042],[6.298,49.068],[6.321,49.062],[6.329,49.052],[6.297,49.042]]]}},{"type":"Feature","properties":{"code":"57158","nom":"Craincourt","departement":"57","region":"44","epci":"245701206"},"geometry":{"type":"Polygon","coordinates":[[[6.308,48.875],[6.297,48.883],[6.326,48.896],[6.346,48.888],[6.356,48.875],[6.36,48.87],[6.37,48.862],[6.345,48.863],[6.339,48.863],[6.308,48.875]]]}},{"type":"Feature","properties":{"code":"57159","nom":"Créhange","departement":"57","region":"44","epci":"245700133"},"geometry":{"type":"Polygon","coordinates":[[[6.556,49.027],[6.552,49.029],[6.567,49.062],[6.587,49.082],[6.601,49.086],[6.601,49.085],[6.588,49.067],[6.585,49.032],[6.556,49.027]]]}},{"type":"Feature","properties":{"code":"57160","nom":"Creutzwald","departement":"57","region":"44","epci":"245701164"},"geometry":{"type":"Polygon","coordinates":[[[6.72,49.176],[6.714,49.179],[6.677,49.189],[6.636,49.198],[6.631,49.207],[6.657,49.232],[6.686,49.244],[6.696,49.215],[6.732,49.206],[6.72,49.176]]]}},{"type":"Feature","properties":{"code":"57161","nom":"Cutting","departement":"57","region":"44","epci":"245701206"},"geometry":{"type":"Polygon","coordinates":[[[6.81,48.841],[6.817,48.845],[6.845,48.856],[6.858,48.851],[6.855,48.839],[6.815,48.835],[6.81,48.841]]]}},{"type":"Feature","properties":{"code":"57162","nom":"Cuvry","departement":"57","region":"44","epci":"200039865"},"geometry":{"type":"Polygon","coordinates":[[[6.172,49.022],[6.17,49.023],[6.137,49.034],[6.138,49.047],[6.177,49.051],[6.18,49.042],[6.184,49.024],[6.18,49.021],[6.172,49.022]]]}},{"type":"Feature","properties":{"code":"57163","nom":"Dabo","departement":"57","region":"44","epci":"245700950"},"geometry":{"type":"Polygon","coordinates":[[[7.304,48.66],[7.283,48.643],[7.266,48.592],[7.256,48.589],[7.222,48.601],[7.221,48.622],[7.182,48.646],[7.183,48.67],[7.177,48.686],[7.197,48.69],[7.199,48.69],[7.255,48.673],[7.271,48.663],[7.304,48.66]]]}},{"type":"Feature","properties":{"code":"57165","nom":"Dalem","departement":"57","region":"44","epci":"200067650"},"geometry":{"type":"Polygon","coordinates":[[[6.642,49.246],[6.646,49.244],[6.619,49.229],[6.599,49.231],[6.585,49.241],[6.617,49.253],[6.642,49.246]]]}},{"type":"Feature","properties":{"code":"57166","nom":"Dalhain","departement":"57","region":"44","epci":"245701206"},"geometry":{"type":"Polygon","coordinates":[[[6.544,48.896],[6.557,48.9],[6.586,48.891],[6.584,48.88],[6.564,48.876],[6.543,48.889],[6.544,48.896]]]}},{"type":"Feature","properties":{"code":"57167","nom":"Dalstein","departement":"57","region":"44","epci":"200067486"},"geometry":{"type":"Polygon","coordinates":[[[6.388,49.298],[6.378,49.306],[6.411,49.316],[6.426,49.306],[6.418,49.301],[6.388,49.298]]]}},{"type":"Feature","properties":{"code":"57168","nom":"Danne-et-Quatre-Vents","departement":"57","region":"44","epci":"245700950"},"geometry":{"type":"Polygon","coordinates":[[[7.287,48.731],[7.286,48.732],[7.28,48.734],[7.275,48.748],[7.29,48.786],[7.313,48.767],[7.287,48.731]]]}},{"type":"Feature","properties":{"code":"57169","nom":"Dannelbourg","departement":"57","region":"44","epci":"245700950"},"geometry":{"type":"Polygon","coordinates":[[[7.234,48.738],[7.223,48.741],[7.24,48.753],[7.252,48.741],[7.234,48.738]]]}},{"type":"Feature","properties":{"code":"57171","nom":"Delme","departement":"57","region":"44","epci":"245701206"},"geometry":{"type":"Polygon","coordinates":[[[6.376,48.898],[6.396,48.897],[6.411,48.891],[6.409,48.889],[6.398,48.877],[6.36,48.87],[6.356,48.875],[6.376,48.898]]]}},{"type":"Feature","properties":{"code":"57172","nom":"Denting","departement":"57","region":"44","epci":"200067650"},"geometry":{"type":"Polygon","coordinates":[[[6.55,49.156],[6.528,49.172],[6.517,49.198],[6.551,49.205],[6.565,49.181],[6.55,49.156]]]}},{"type":"Feature","properties":{"code":"57173","nom":"Desseling","departement":"57","region":"44","epci":"200068146"},"geometry":{"type":"Polygon","coordinates":[[[6.829,48.782],[6.846,48.8],[6.871,48.788],[6.835,48.768],[6.829,48.782]]]}},{"type":"Feature","properties":{"code":"57174","nom":"Destry","departement":"57","region":"44","epci":"200067502"},"geometry":{"type":"Polygon","coordinates":[[[6.596,48.932],[6.586,48.93],[6.561,48.953],[6.566,48.954],[6.594,48.964],[6.602,48.951],[6.596,48.932]]]}},{"type":"Feature","properties":{"code":"57175","nom":"Diane-Capelle","departement":"57","region":"44","epci":"200068146"},"geometry":{"type":"Polygon","coordinates":[[[6.95,48.713],[6.937,48.715],[6.916,48.729],[6.934,48.752],[6.958,48.716],[6.95,48.713]]]}},{"type":"Feature","properties":{"code":"57176","nom":"Diebling","departement":"57","region":"44","epci":"245700372"},"geometry":{"type":"Polygon","coordinates":[[[6.946,49.088],[6.937,49.084],[6.913,49.099],[6.91,49.108],[6.911,49.108],[6.956,49.122],[6.957,49.121],[6.946,49.088]]]}},{"type":"Feature","properties":{"code":"57177","nom":"Dieuze","departement":"57","region":"44","epci":"245701206"},"geometry":{"type":"Polygon","coordinates":[[[6.719,48.825],[6.73,48.829],[6.738,48.824],[6.744,48.814],[6.717,48.787],[6.698,48.788],[6.698,48.802],[6.719,48.825]]]}},{"type":"Feature","properties":{"code":"57178","nom":"Diffembach-lès-Hellimer","departement":"57","region":"44","epci":"200067502"},"geometry":{"type":"Polygon","coordinates":[[[6.882,49.008],[6.88,48.998],[6.87,48.998],[6.835,49.001],[6.829,49.015],[6.861,49.013],[6.882,49.008]]]}},{"type":"Feature","properties":{"code":"57179","nom":"Distroff","departement":"57","region":"44","epci":"245701354"},"geometry":{"type":"Polygon","coordinates":[[[6.278,49.349],[6.279,49.347],[6.291,49.332],[6.25,49.322],[6.228,49.336],[6.258,49.351],[6.278,49.349]]]}},{"type":"Feature","properties":{"code":"57180","nom":"Dolving","departement":"57","region":"44","epci":"200068146"},"geometry":{"type":"Polygon","coordinates":[[[7.039,48.759],[7.036,48.758],[6.996,48.776],[7.014,48.782],[7.037,48.782],[7.039,48.759]]]}},{"type":"Feature","properties":{"code":"57181","nom":"Domnom-lès-Dieuze","departement":"57","region":"44","epci":"245701206"},"geometry":{"type":"Polygon","coordinates":[[[6.847,48.87],[6.845,48.856],[6.817,48.845],[6.798,48.857],[6.823,48.876],[6.847,48.87]]]}},{"type":"Feature","properties":{"code":"57182","nom":"Donjeux","departement":"57","region":"44","epci":"245701206"},"geometry":{"type":"Polygon","coordinates":[[[6.409,48.889],[6.427,48.881],[6.422,48.871],[6.403,48.871],[6.398,48.877],[6.409,48.889]]]}},{"type":"Feature","properties":{"code":"57183","nom":"Donnelay","departement":"57","region":"44","epci":"245701206"},"geometry":{"type":"Polygon","coordinates":[[[6.694,48.732],[6.681,48.736],[6.656,48.749],[6.693,48.769],[6.706,48.764],[6.723,48.745],[6.694,48.732]]]}},{"type":"Feature","properties":{"code":"57186","nom":"Ébersviller","departement":"57","region":"44","epci":"200067486"},"geometry":{"type":"Polygon","coordinates":[[[6.397,49.26],[6.38,49.258],[6.368,49.267],[6.388,49.298],[6.418,49.301],[6.433,49.28],[6.397,49.26]]]}},{"type":"Feature","properties":{"code":"57187","nom":"Éblange","departement":"57","region":"44","epci":"200067650"},"geometry":{"type":"Polygon","coordinates":[[[6.486,49.232],[6.503,49.228],[6.48,49.21],[6.467,49.219],[6.486,49.232]]]}},{"type":"Feature","properties":{"code":"57188","nom":"Éguelshardt","departement":"57","region":"44","epci":"200069441"},"geometry":{"type":"Polygon","coordinates":[[[7.479,49.026],[7.512,49.041],[7.552,49.039],[7.571,49.028],[7.503,49.001],[7.502,49],[7.479,49.026]]]}},{"type":"Feature","properties":{"code":"57189","nom":"Eincheville","departement":"57","region":"44","epci":"200067502"},"geometry":{"type":"Polygon","coordinates":[[[6.579,48.982],[6.58,48.989],[6.587,48.997],[6.59,48.997],[6.611,48.994],[6.623,48.994],[6.622,48.981],[6.597,48.971],[6.579,48.982]]]}},{"type":"Feature","properties":{"code":"57190","nom":"Elvange","departement":"57","region":"44","epci":"245700133"},"geometry":{"type":"Polygon","coordinates":[[[6.567,49.062],[6.552,49.029],[6.53,49.038],[6.529,49.045],[6.544,49.075],[6.567,49.062]]]}},{"type":"Feature","properties":{"code":"57191","nom":"Elzange","departement":"57","region":"44","epci":"245701354"},"geometry":{"type":"Polygon","coordinates":[[[6.278,49.349],[6.276,49.366],[6.317,49.365],[6.305,49.359],[6.279,49.347],[6.278,49.349]]]}},{"type":"Feature","properties":{"code":"57192","nom":"Enchenberg","departement":"57","region":"44","epci":"200069441"},"geometry":{"type":"Polygon","coordinates":[[[7.345,49],[7.338,48.996],[7.312,49.019],[7.292,49.013],[7.292,49.017],[7.311,49.035],[7.325,49.038],[7.338,49.028],[7.362,49.02],[7.345,49]]]}},{"type":"Feature","properties":{"code":"57193","nom":"Ennery","departement":"57","region":"44","epci":"200039949"},"geometry":{"type":"Polygon","coordinates":[[[6.188,49.233],[6.189,49.239],[6.21,49.235],[6.228,49.237],[6.263,49.229],[6.249,49.22],[6.203,49.218],[6.188,49.233]]]}},{"type":"Feature","properties":{"code":"57195","nom":"Epping","departement":"57","region":"44","epci":"200069441"},"geometry":{"type":"Polygon","coordinates":[[[7.29,49.108],[7.293,49.115],[7.304,49.124],[7.333,49.121],[7.349,49.099],[7.345,49.085],[7.303,49.099],[7.29,49.108]]]}},{"type":"Feature","properties":{"code":"57196","nom":"Erching","departement":"57","region":"44","epci":"200069441"},"geometry":{"type":"Polygon","coordinates":[[[7.293,49.115],[7.29,49.108],[7.243,49.106],[7.249,49.127],[7.293,49.115]]]}},{"type":"Feature","properties":{"code":"57197","nom":"Ernestviller","departement":"57","region":"44","epci":"200070746"},"geometry":{"type":"Polygon","coordinates":[[[6.979,49.078],[6.986,49.062],[6.967,49.054],[6.959,49.068],[6.976,49.08],[6.979,49.078]]]}},{"type":"Feature","properties":{"code":"57198","nom":"Erstroff","departement":"57","region":"44","epci":"200067502"},"geometry":{"type":"Polygon","coordinates":[[[6.789,48.991],[6.768,48.97],[6.763,48.991],[6.789,48.991]]]}},{"type":"Feature","properties":{"code":"57200","nom":"Les Étangs","departement":"57","region":"44","epci":"200067957"},"geometry":{"type":"Polygon","coordinates":[[[6.358,49.129],[6.351,49.132],[6.355,49.153],[6.354,49.161],[6.394,49.151],[6.4,49.141],[6.383,49.136],[6.358,49.129]]]}},{"type":"Feature","properties":{"code":"57201","nom":"Etting","departement":"57","region":"44","epci":"200069441"},"geometry":{"type":"Polygon","coordinates":[[[7.208,49.02],[7.202,49.015],[7.177,49.017],[7.161,49.03],[7.172,49.039],[7.217,49.032],[7.208,49.02]]]}},{"type":"Feature","properties":{"code":"57202","nom":"Etzling","departement":"57","region":"44","epci":"245700372"},"geometry":{"type":"Polygon","coordinates":[[[6.931,49.186],[6.944,49.191],[6.981,49.18],[6.985,49.177],[6.955,49.172],[6.931,49.186]]]}},{"type":"Feature","properties":{"code":"57204","nom":"Failly","departement":"57","region":"44","epci":"200067957"},"geometry":{"type":"Polygon","coordinates":[[[6.258,49.146],[6.257,49.147],[6.248,49.164],[6.272,49.173],[6.296,49.175],[6.285,49.158],[6.258,49.146]]]}},{"type":"Feature","properties":{"code":"57205","nom":"Falck","departement":"57","region":"44","epci":"200067650"},"geometry":{"type":"Polygon","coordinates":[[[6.619,49.207],[6.62,49.211],[6.619,49.229],[6.646,49.244],[6.657,49.232],[6.631,49.207],[6.619,49.207]]]}},{"type":"Feature","properties":{"code":"57206","nom":"Fameck","departement":"57","region":"44","epci":"245701222"},"geometry":{"type":"Polygon","coordinates":[[[6.134,49.291],[6.145,49.282],[6.121,49.281],[6.073,49.287],[6.071,49.313],[6.095,49.314],[6.105,49.316],[6.132,49.304],[6.134,49.291]]]}},{"type":"Feature","properties":{"code":"57207","nom":"Farébersviller","departement":"57","region":"44","epci":"245700398"},"geometry":{"type":"Polygon","coordinates":[[[6.851,49.127],[6.866,49.131],[6.891,49.113],[6.878,49.101],[6.848,49.107],[6.846,49.122],[6.851,49.127]]]}},{"type":"Feature","properties":{"code":"57208","nom":"Farschviller","departement":"57","region":"44","epci":"245700372"},"geometry":{"type":"Polygon","coordinates":[[[6.913,49.099],[6.909,49.081],[6.881,49.074],[6.849,49.089],[6.852,49.089],[6.878,49.101],[6.891,49.113],[6.91,49.108],[6.913,49.099]]]}},{"type":"Feature","properties":{"code":"57209","nom":"Faulquemont","departement":"57","region":"44","epci":"245700133"},"geometry":{"type":"Polygon","coordinates":[[[6.628,49.036],[6.611,49.02],[6.59,48.997],[6.587,48.997],[6.56,49.005],[6.556,49.027],[6.585,49.032],[6.588,49.067],[6.601,49.085],[6.625,49.064],[6.628,49.036]]]}},{"type":"Feature","properties":{"code":"57210","nom":"Fénétrange","departement":"57","region":"44","epci":"200068146"},"geometry":{"type":"Polygon","coordinates":[[[7.052,48.849],[7.053,48.847],[7.054,48.836],[6.996,48.836],[6.966,48.854],[6.982,48.871],[7.052,48.849]]]}},{"type":"Feature","properties":{"code":"57211","nom":"Fèves","departement":"57","region":"44","epci":"200039949"},"geometry":{"type":"Polygon","coordinates":[[[6.151,49.19],[6.151,49.189],[6.151,49.185],[6.098,49.19],[6.071,49.179],[6.055,49.183],[6.058,49.19],[6.068,49.185],[6.099,49.196],[6.121,49.199],[6.151,49.19]]]}},{"type":"Feature","properties":{"code":"57212","nom":"Féy","departement":"57","region":"44","epci":"200039865"},"geometry":{"type":"Polygon","coordinates":[[[6.103,49.015],[6.085,49.014],[6.084,49.041],[6.118,49.028],[6.103,49.015]]]}},{"type":"Feature","properties":{"code":"57213","nom":"Filstroff","departement":"57","region":"44","epci":"200067486"},"geometry":{"type":"Polygon","coordinates":[[[6.477,49.314],[6.477,49.315],[6.514,49.336],[6.547,49.345],[6.571,49.334],[6.556,49.312],[6.495,49.312],[6.477,49.314]]]}},{"type":"Feature","properties":{"code":"57215","nom":"Flastroff","departement":"57","region":"44","epci":"200067486"},"geometry":{"type":"Polygon","coordinates":[[[6.517,49.367],[6.536,49.397],[6.541,49.401],[6.552,49.395],[6.556,49.368],[6.514,49.348],[6.507,49.347],[6.517,49.367]]]}},{"type":"Feature","properties":{"code":"57216","nom":"Fleisheim","departement":"57","region":"44","epci":"200068146"},"geometry":{"type":"Polygon","coordinates":[[[7.179,48.786],[7.158,48.78],[7.159,48.807],[7.159,48.809],[7.183,48.806],[7.185,48.803],[7.179,48.786]]]}},{"type":"Feature","properties":{"code":"57217","nom":"Flétrange","departement":"57","region":"44","epci":"245700133"},"geometry":{"type":"Polygon","coordinates":[[[6.544,49.075],[6.544,49.075],[6.578,49.089],[6.587,49.082],[6.567,49.062],[6.544,49.075]]]}},{"type":"Feature","properties":{"code":"57218","nom":"Fleury","departement":"57","region":"44","epci":"200039907"},"geometry":{"type":"Polygon","coordinates":[[[6.23,49.03],[6.201,49.024],[6.184,49.024],[6.18,49.042],[6.225,49.054],[6.232,49.044],[6.23,49.03]]]}},{"type":"Feature","properties":{"code":"57219","nom":"Flévy","departement":"57","region":"44","epci":"200039949"},"geometry":{"type":"Polygon","coordinates":[[[6.28,49.263],[6.285,49.258],[6.29,49.229],[6.28,49.22],[6.263,49.229],[6.228,49.237],[6.242,49.252],[6.28,49.263]]]}},{"type":"Feature","properties":{"code":"57220","nom":"Flocourt","departement":"57","region":"44","epci":"200039907"},"geometry":{"type":"Polygon","coordinates":[[[6.423,48.984],[6.416,48.965],[6.406,48.962],[6.393,48.966],[6.419,48.983],[6.423,48.984]]]}},{"type":"Feature","properties":{"code":"57221","nom":"Florange","departement":"57","region":"44","epci":"245701222"},"geometry":{"type":"Polygon","coordinates":[[[6.153,49.33],[6.161,49.323],[6.132,49.304],[6.105,49.316],[6.086,49.329],[6.091,49.348],[6.116,49.346],[6.135,49.333],[6.153,49.33]]]}},{"type":"Feature","properties":{"code":"57222","nom":"Folkling","departement":"57","region":"44","epci":"245700372"},"geometry":{"type":"Polygon","coordinates":[[[6.916,49.133],[6.909,49.133],[6.867,49.153],[6.865,49.155],[6.891,49.17],[6.923,49.167],[6.937,49.156],[6.916,49.133]]]}},{"type":"Feature","properties":{"code":"57224","nom":"Folschviller","departement":"57","region":"44","epci":"200067502"},"geometry":{"type":"Polygon","coordinates":[[[6.721,49.06],[6.719,49.056],[6.699,49.05],[6.659,49.078],[6.659,49.089],[6.664,49.09],[6.708,49.061],[6.721,49.06]]]}},{"type":"Feature","properties":{"code":"57225","nom":"Fonteny","departement":"57","region":"44","epci":"245701206"},"geometry":{"type":"Polygon","coordinates":[[[6.516,48.875],[6.506,48.868],[6.499,48.858],[6.489,48.857],[6.469,48.852],[6.444,48.879],[6.468,48.903],[6.501,48.887],[6.516,48.875]]]}},{"type":"Feature","properties":{"code":"57226","nom":"Fontoy","departement":"57","region":"44","epci":"245701362"},"geometry":{"type":"Polygon","coordinates":[[[6.035,49.347],[6.034,49.344],[6.017,49.34],[5.981,49.343],[5.978,49.345],[5.956,49.362],[5.986,49.378],[6.017,49.377],[6.032,49.369],[6.035,49.347]]]}},{"type":"Feature","properties":{"code":"57227","nom":"Forbach","departement":"57","region":"44","epci":"245700372"},"geometry":{"type":"Polygon","coordinates":[[[6.931,49.186],[6.93,49.186],[6.884,49.172],[6.861,49.179],[6.851,49.193],[6.885,49.211],[6.895,49.21],[6.922,49.202],[6.946,49.201],[6.944,49.191],[6.931,49.186]]]}},{"type":"Feature","properties":{"code":"57228","nom":"Fossieux","departement":"57","region":"44","epci":"245701206"},"geometry":{"type":"Polygon","coordinates":[[[6.33,48.836],[6.316,48.837],[6.309,48.856],[6.339,48.863],[6.345,48.863],[6.353,48.854],[6.33,48.836]]]}},{"type":"Feature","properties":{"code":"57229","nom":"Foulcrey","departement":"57","region":"44","epci":"200068146"},"geometry":{"type":"Polygon","coordinates":[[[6.839,48.638],[6.843,48.643],[6.888,48.663],[6.896,48.664],[6.889,48.627],[6.893,48.625],[6.843,48.63],[6.839,48.637],[6.839,48.638]]]}},{"type":"Feature","properties":{"code":"57230","nom":"Fouligny","departement":"57","region":"44","epci":"245700133"},"geometry":{"type":"Polygon","coordinates":[[[6.538,49.102],[6.533,49.092],[6.496,49.085],[6.496,49.104],[6.505,49.111],[6.538,49.102]]]}},{"type":"Feature","properties":{"code":"57231","nom":"Foville","departement":"57","region":"44","epci":"200039907"},"geometry":{"type":"Polygon","coordinates":[[[6.336,48.929],[6.344,48.921],[6.33,48.906],[6.328,48.905],[6.311,48.921],[6.326,48.928],[6.336,48.929]]]}},{"type":"Feature","properties":{"code":"57232","nom":"Francaltroff","departement":"57","region":"44","epci":"245701206"},"geometry":{"type":"Polygon","coordinates":[[[6.774,48.958],[6.768,48.97],[6.789,48.991],[6.802,48.993],[6.812,48.974],[6.801,48.956],[6.819,48.943],[6.804,48.933],[6.79,48.941],[6.782,48.939],[6.774,48.958]]]}},{"type":"Feature","properties":{"code":"57233","nom":"Fraquelfing","departement":"57","region":"44","epci":"200068146"},"geometry":{"type":"Polygon","coordinates":[[[6.993,48.61],[6.991,48.609],[6.977,48.645],[6.986,48.652],[6.993,48.651],[6.997,48.646],[6.993,48.61]]]}},{"type":"Feature","properties":{"code":"57234","nom":"Frauenberg","departement":"57","region":"44","epci":"200070746"},"geometry":{"type":"Polygon","coordinates":[[[7.131,49.132],[7.13,49.128],[7.097,49.132],[7.104,49.139],[7.131,49.132]]]}},{"type":"Feature","properties":{"code":"57235","nom":"Freistroff","departement":"57","region":"44","epci":"200067486"},"geometry":{"type":"Polygon","coordinates":[[[6.5,49.281],[6.493,49.272],[6.487,49.261],[6.456,49.285],[6.477,49.314],[6.495,49.312],[6.517,49.287],[6.5,49.281]]]}},{"type":"Feature","properties":{"code":"57236","nom":"Frémery","departement":"57","region":"44","epci":"245701206"},"geometry":{"type":"Polygon","coordinates":[[[6.473,48.912],[6.452,48.927],[6.456,48.933],[6.486,48.931],[6.49,48.917],[6.473,48.912]]]}},{"type":"Feature","properties":{"code":"57237","nom":"Frémestroff","departement":"57","region":"44","epci":"200067502"},"geometry":{"type":"Polygon","coordinates":[[[6.807,49.012],[6.8,49.005],[6.761,49.009],[6.755,49.013],[6.802,49.026],[6.807,49.012]]]}},{"type":"Feature","properties":{"code":"57238","nom":"Fresnes-en-Saulnois","departement":"57","region":"44","epci":"245701206"},"geometry":{"type":"Polygon","coordinates":[[[6.458,48.817],[6.455,48.819],[6.421,48.827],[6.413,48.843],[6.429,48.861],[6.458,48.848],[6.473,48.837],[6.458,48.817]]]}},{"type":"Feature","properties":{"code":"57239","nom":"Freybouse","departement":"57","region":"44","epci":"200067502"},"geometry":{"type":"Polygon","coordinates":[[[6.802,48.993],[6.789,48.991],[6.763,48.991],[6.761,49.009],[6.8,49.005],[6.802,48.993]]]}},{"type":"Feature","properties":{"code":"57240","nom":"Freyming-Merlebach","departement":"57","region":"44","epci":"245700398"},"geometry":{"type":"Polygon","coordinates":[[[6.834,49.151],[6.824,49.143],[6.796,49.139],[6.775,49.145],[6.773,49.167],[6.834,49.151]]]}},{"type":"Feature","properties":{"code":"57241","nom":"Fribourg","departement":"57","region":"44","epci":"200068146"},"geometry":{"type":"Polygon","coordinates":[[[6.935,48.784],[6.93,48.775],[6.88,48.767],[6.875,48.755],[6.837,48.741],[6.831,48.755],[6.835,48.768],[6.871,48.788],[6.936,48.787],[6.935,48.784]]]}},{"type":"Feature","properties":{"code":"57242","nom":"Gandrange","departement":"57","region":"44","epci":"200039949"},"geometry":{"type":"Polygon","coordinates":[[[6.154,49.27],[6.124,49.264],[6.121,49.281],[6.145,49.282],[6.154,49.27]]]}},{"type":"Feature","properties":{"code":"57244","nom":"Garrebourg","departement":"57","region":"44","epci":"245700950"},"geometry":{"type":"Polygon","coordinates":[[[7.215,48.706],[7.224,48.719],[7.233,48.727],[7.248,48.723],[7.265,48.701],[7.242,48.692],[7.215,48.706]]]}},{"type":"Feature","properties":{"code":"57246","nom":"Gelucourt","departement":"57","region":"44","epci":"245701206"},"geometry":{"type":"Polygon","coordinates":[[[6.723,48.745],[6.706,48.764],[6.719,48.782],[6.737,48.786],[6.763,48.766],[6.773,48.746],[6.773,48.746],[6.763,48.746],[6.723,48.745]]]}},{"type":"Feature","properties":{"code":"57247","nom":"Gerbécourt","departement":"57","region":"44","epci":"245701206"},"geometry":{"type":"Polygon","coordinates":[[[6.531,48.836],[6.499,48.858],[6.506,48.868],[6.536,48.84],[6.531,48.836]]]}},{"type":"Feature","properties":{"code":"57248","nom":"Givrycourt","departement":"57","region":"44","epci":"245701206"},"geometry":{"type":"Polygon","coordinates":[[[6.911,48.94],[6.928,48.934],[6.924,48.917],[6.905,48.938],[6.911,48.94]]]}},{"type":"Feature","properties":{"code":"57249","nom":"Glatigny","departement":"57","region":"44","epci":"200067957"},"geometry":{"type":"Polygon","coordinates":[[[6.327,49.15],[6.355,49.153],[6.351,49.132],[6.327,49.15]]]}},{"type":"Feature","properties":{"code":"57250","nom":"Goetzenbruck","departement":"57","region":"44","epci":"200069441"},"geometry":{"type":"Polygon","coordinates":[[[7.375,48.997],[7.389,48.993],[7.396,48.959],[7.368,48.956],[7.362,48.971],[7.375,48.997]]]}},{"type":"Feature","properties":{"code":"57251","nom":"Goin","departement":"57","region":"44","epci":"200039907"},"geometry":{"type":"Polygon","coordinates":[[[6.201,48.972],[6.198,48.986],[6.197,48.997],[6.224,49],[6.228,49.002],[6.244,49],[6.251,48.979],[6.238,48.976],[6.201,48.972]]]}},{"type":"Feature","properties":{"code":"57252","nom":"Gomelange","departement":"57","region":"44","epci":"200067650"},"geometry":{"type":"Polygon","coordinates":[[[6.448,49.25],[6.458,49.257],[6.483,49.256],[6.482,49.251],[6.486,49.232],[6.467,49.219],[6.462,49.215],[6.46,49.219],[6.439,49.239],[6.448,49.25]]]}},{"type":"Feature","properties":{"code":"57253","nom":"Gondrexange","departement":"57","region":"44","epci":"200068146"},"geometry":{"type":"Polygon","coordinates":[[[6.937,48.715],[6.95,48.713],[6.949,48.704],[6.957,48.681],[6.937,48.671],[6.898,48.666],[6.896,48.664],[6.888,48.663],[6.857,48.694],[6.855,48.709],[6.861,48.717],[6.871,48.708],[6.937,48.715]]]}},{"type":"Feature","properties":{"code":"57254","nom":"Gorze","departement":"57","region":"44","epci":"200070738"},"geometry":{"type":"Polygon","coordinates":[[[5.995,49.038],[5.985,49.042],[5.958,49.048],[5.952,49.062],[6.005,49.085],[6.02,49.08],[6.023,49.068],[6.013,49.038],[6.005,49.035],[5.995,49.038]]]}},{"type":"Feature","properties":{"code":"57255","nom":"Gosselming","departement":"57","region":"44","epci":"200068146"},"geometry":{"type":"Polygon","coordinates":[[[6.996,48.776],[6.947,48.792],[7.005,48.807],[7.008,48.808],[7.008,48.791],[7.014,48.782],[6.996,48.776]]]}},{"type":"Feature","properties":{"code":"57256","nom":"Gravelotte","departement":"57","region":"44","epci":"200039865"},"geometry":{"type":"Polygon","coordinates":[[[6.043,49.116],[6.046,49.11],[6.048,49.109],[6.009,49.102],[6.006,49.113],[6.002,49.116],[6.022,49.125],[6.043,49.116]]]}},{"type":"Feature","properties":{"code":"57257","nom":"Grémecey","departement":"57","region":"44","epci":"245701206"},"geometry":{"type":"Polygon","coordinates":[[[6.392,48.823],[6.421,48.827],[6.455,48.819],[6.424,48.803],[6.394,48.791],[6.393,48.805],[6.394,48.806],[6.392,48.823]]]}},{"type":"Feature","properties":{"code":"57258","nom":"Gréning","departement":"57","region":"44","epci":"200067502"},"geometry":{"type":"Polygon","coordinates":[[[6.832,48.961],[6.827,48.978],[6.852,48.981],[6.857,48.978],[6.832,48.961]]]}},{"type":"Feature","properties":{"code":"57260","nom":"Grosbliederstroff","departement":"57","region":"44","epci":"200070746"},"geometry":{"type":"Polygon","coordinates":[[[7.003,49.144],[6.998,49.167],[7.016,49.191],[7.046,49.129],[7.024,49.125],[7.003,49.144]]]}},{"type":"Feature","properties":{"code":"57261","nom":"Gros-Réderching","departement":"57","region":"44","epci":"200069441"},"geometry":{"type":"Polygon","coordinates":[[[7.225,49.102],[7.245,49.075],[7.247,49.057],[7.232,49.048],[7.217,49.036],[7.193,49.068],[7.202,49.096],[7.209,49.096],[7.225,49.102]]]}},{"type":"Feature","properties":{"code":"57262","nom":"Grostenquin","departement":"57","region":"44","epci":"200067502"},"geometry":{"type":"Polygon","coordinates":[[[6.711,48.98],[6.737,48.982],[6.725,49.025],[6.745,49.021],[6.755,49.013],[6.761,49.009],[6.763,48.991],[6.768,48.97],[6.774,48.958],[6.72,48.944],[6.713,48.947],[6.708,48.955],[6.711,48.98]]]}},{"type":"Feature","properties":{"code":"57263","nom":"Grundviller","departement":"57","region":"44","epci":"200070746"},"geometry":{"type":"Polygon","coordinates":[[[7.002,49.041],[6.962,49.035],[6.952,49.049],[6.967,49.054],[6.986,49.062],[7.008,49.062],[7.002,49.041]]]}},{"type":"Feature","properties":{"code":"57264","nom":"Guebenhouse","departement":"57","region":"44","epci":"200070746"},"geometry":{"type":"Polygon","coordinates":[[[6.937,49.084],[6.946,49.088],[6.972,49.084],[6.976,49.08],[6.959,49.068],[6.929,49.069],[6.937,49.084]]]}},{"type":"Feature","properties":{"code":"57265","nom":"Guébestroff","departement":"57","region":"44","epci":"245701206"},"geometry":{"type":"Polygon","coordinates":[[[6.698,48.852],[6.704,48.855],[6.711,48.86],[6.73,48.829],[6.719,48.825],[6.698,48.852]]]}},{"type":"Feature","properties":{"code":"57266","nom":"Guéblange-lès-Dieuze","departement":"57","region":"44","epci":"245701206"},"geometry":{"type":"Polygon","coordinates":[[[6.706,48.764],[6.693,48.769],[6.679,48.776],[6.698,48.788],[6.717,48.787],[6.719,48.782],[6.706,48.764]]]}},{"type":"Feature","properties":{"code":"57267","nom":"Le Val-de-Guéblange","departement":"57","region":"44","epci":"200070746"},"geometry":{"type":"Polygon","coordinates":[[[6.98,48.998],[6.996,48.969],[6.966,48.956],[6.93,48.975],[6.917,48.997],[6.942,49.003],[6.98,48.998]]]}},{"type":"Feature","properties":{"code":"57268","nom":"Guébling","departement":"57","region":"44","epci":"245701206"},"geometry":{"type":"Polygon","coordinates":[[[6.715,48.863],[6.74,48.885],[6.741,48.885],[6.755,48.851],[6.715,48.863]]]}},{"type":"Feature","properties":{"code":"57269","nom":"Guénange","departement":"57","region":"44","epci":"245701354"},"geometry":{"type":"Polygon","coordinates":[[[6.166,49.301],[6.165,49.302],[6.22,49.308],[6.24,49.294],[6.22,49.285],[6.184,49.286],[6.166,49.301]]]}},{"type":"Feature","properties":{"code":"57270","nom":"Val-de-Bride","departement":"57","region":"44","epci":"245701206"},"geometry":{"type":"Polygon","coordinates":[[[6.663,48.828],[6.655,48.836],[6.698,48.852],[6.719,48.825],[6.698,48.802],[6.688,48.807],[6.663,48.828]]]}},{"type":"Feature","properties":{"code":"57271","nom":"Guenviller","departement":"57","region":"44","epci":"245700398"},"geometry":{"type":"Polygon","coordinates":[[[6.803,49.092],[6.789,49.106],[6.801,49.122],[6.811,49.116],[6.827,49.093],[6.803,49.092]]]}},{"type":"Feature","properties":{"code":"57272","nom":"Guermange","departement":"57","region":"44","epci":"200068146"},"geometry":{"type":"Polygon","coordinates":[[[6.829,48.822],[6.862,48.819],[6.846,48.8],[6.829,48.782],[6.784,48.788],[6.771,48.795],[6.782,48.804],[6.829,48.822]]]}},{"type":"Feature","properties":{"code":"57273","nom":"Guerstling","departement":"57","region":"44","epci":"200067486"},"geometry":{"type":"Polygon","coordinates":[[[6.556,49.312],[6.571,49.334],[6.578,49.335],[6.589,49.322],[6.57,49.311],[6.556,49.312]]]}},{"type":"Feature","properties":{"code":"57274","nom":"Guerting","departement":"57","region":"44","epci":"245701164"},"geometry":{"type":"Polygon","coordinates":[[[6.619,49.207],[6.631,49.207],[6.636,49.198],[6.628,49.183],[6.604,49.181],[6.619,49.207]]]}},{"type":"Feature","properties":{"code":"57275","nom":"Guessling-Hémering","departement":"57","region":"44","epci":"200067502"},"geometry":{"type":"Polygon","coordinates":[[[6.664,49.002],[6.657,49.003],[6.647,49.03],[6.665,49.041],[6.697,49.038],[6.699,49.027],[6.664,49.002]]]}},{"type":"Feature","properties":{"code":"57276","nom":"Guinglange","departement":"57","region":"44","epci":"245700133"},"geometry":{"type":"Polygon","coordinates":[[[6.483,49.067],[6.483,49.073],[6.496,49.085],[6.533,49.092],[6.544,49.075],[6.544,49.075],[6.529,49.045],[6.489,49.064],[6.483,49.067]]]}},{"type":"Feature","properties":{"code":"57277","nom":"Guinkirchen","departement":"57","region":"44","epci":"200067650"},"geometry":{"type":"Polygon","coordinates":[[[6.409,49.214],[6.414,49.214],[6.46,49.219],[6.462,49.215],[6.462,49.199],[6.433,49.198],[6.409,49.214]]]}},{"type":"Feature","properties":{"code":"57278","nom":"Guinzeling","departement":"57","region":"44","epci":"245701206"},"geometry":{"type":"Polygon","coordinates":[[[6.823,48.876],[6.821,48.878],[6.837,48.889],[6.849,48.893],[6.866,48.875],[6.847,48.87],[6.823,48.876]]]}},{"type":"Feature","properties":{"code":"57280","nom":"Guntzviller","departement":"57","region":"44","epci":"245700950"},"geometry":{"type":"Polygon","coordinates":[[[7.14,48.726],[7.173,48.709],[7.202,48.694],[7.199,48.69],[7.197,48.69],[7.15,48.701],[7.128,48.721],[7.14,48.726]]]}},{"type":"Feature","properties":{"code":"57281","nom":"Haboudange","departement":"57","region":"44","epci":"245701206"},"geometry":{"type":"Polygon","coordinates":[[[6.618,48.868],[6.611,48.865],[6.584,48.88],[6.586,48.891],[6.592,48.902],[6.608,48.908],[6.619,48.9],[6.621,48.873],[6.618,48.868]]]}},{"type":"Feature","properties":{"code":"57283","nom":"Hagondange","departement":"57","region":"44","epci":"200039949"},"geometry":{"type":"Polygon","coordinates":[[[6.137,49.241],[6.152,49.256],[6.186,49.257],[6.174,49.248],[6.163,49.228],[6.149,49.231],[6.137,49.241]]]}},{"type":"Feature","properties":{"code":"57284","nom":"Hallering","departement":"57","region":"44","epci":"245700133"},"geometry":{"type":"Polygon","coordinates":[[[6.567,49.135],[6.568,49.117],[6.561,49.114],[6.54,49.125],[6.567,49.135]]]}},{"type":"Feature","properties":{"code":"57288","nom":"Ham-sous-Varsberg","departement":"57","region":"44","epci":"245701164"},"geometry":{"type":"Polygon","coordinates":[[[6.669,49.183],[6.637,49.163],[6.631,49.165],[6.628,49.183],[6.636,49.198],[6.677,49.189],[6.669,49.183]]]}},{"type":"Feature","properties":{"code":"57289","nom":"Hambach","departement":"57","region":"44","epci":"200070746"},"geometry":{"type":"Polygon","coordinates":[[[7.072,49.057],[7.079,49.05],[7.055,49.031],[7.013,49.031],[7.002,49.041],[7.008,49.062],[7.034,49.092],[7.04,49.081],[7.072,49.057]]]}},{"type":"Feature","properties":{"code":"57290","nom":"Hampont","departement":"57","region":"44","epci":"245701206"},"geometry":{"type":"Polygon","coordinates":[[[6.612,48.846],[6.615,48.829],[6.586,48.81],[6.572,48.813],[6.554,48.83],[6.57,48.844],[6.582,48.843],[6.612,48.846]]]}},{"type":"Feature","properties":{"code":"57291","nom":"Hangviller","departement":"57","region":"44","epci":"245700950"},"geometry":{"type":"Polygon","coordinates":[[[7.218,48.828],[7.258,48.822],[7.263,48.819],[7.263,48.819],[7.246,48.81],[7.225,48.802],[7.22,48.802],[7.22,48.819],[7.218,48.828]]]}},{"type":"Feature","properties":{"code":"57292","nom":"Hannocourt","departement":"57","region":"44","epci":"245701206"},"geometry":{"type":"Polygon","coordinates":[[[6.452,48.927],[6.473,48.912],[6.467,48.909],[6.435,48.903],[6.434,48.908],[6.452,48.927]]]}},{"type":"Feature","properties":{"code":"57293","nom":"Han-sur-Nied","departement":"57","region":"44","epci":"245700133"},"geometry":{"type":"Polygon","coordinates":[[[6.445,48.979],[6.439,48.986],[6.433,48.996],[6.452,48.999],[6.455,48.99],[6.445,48.979]]]}},{"type":"Feature","properties":{"code":"57294","nom":"Hanviller","departement":"57","region":"44","epci":"200069441"},"geometry":{"type":"Polygon","coordinates":[[[7.464,49.111],[7.464,49.081],[7.44,49.079],[7.425,49.098],[7.423,49.118],[7.44,49.12],[7.464,49.111]]]}},{"type":"Feature","properties":{"code":"57295","nom":"Haraucourt-sur-Seille","departement":"57","region":"44","epci":"245701206"},"geometry":{"type":"Polygon","coordinates":[[[6.62,48.824],[6.623,48.791],[6.585,48.799],[6.586,48.81],[6.615,48.829],[6.62,48.824]]]}},{"type":"Feature","properties":{"code":"57296","nom":"Hargarten-aux-Mines","departement":"57","region":"44","epci":"200067650"},"geometry":{"type":"Polygon","coordinates":[[[6.576,49.215],[6.599,49.231],[6.619,49.229],[6.62,49.211],[6.576,49.215]]]}},{"type":"Feature","properties":{"code":"57297","nom":"Harprich","departement":"57","region":"44","epci":"200067502"},"geometry":{"type":"Polygon","coordinates":[[[6.637,48.948],[6.626,48.951],[6.638,48.972],[6.671,48.992],[6.678,48.991],[6.676,48.965],[6.661,48.951],[6.637,48.948]]]}},{"type":"Feature","properties":{"code":"57298","nom":"Harreberg","departement":"57","region":"44","epci":"200068146"},"geometry":{"type":"Polygon","coordinates":[[[7.182,48.646],[7.163,48.669],[7.135,48.675],[7.156,48.68],[7.183,48.67],[7.182,48.646]]]}},{"type":"Feature","properties":{"code":"57299","nom":"Hartzviller","departement":"57","region":"44","epci":"200068146"},"geometry":{"type":"Polygon","coordinates":[[[7.078,48.661],[7.066,48.665],[7.089,48.679],[7.104,48.683],[7.094,48.66],[7.078,48.661]]]}},{"type":"Feature","properties":{"code":"57300","nom":"Haselbourg","departement":"57","region":"44","epci":"245700950"},"geometry":{"type":"Polygon","coordinates":[[[7.202,48.694],[7.215,48.706],[7.242,48.692],[7.255,48.673],[7.199,48.69],[7.202,48.694]]]}},{"type":"Feature","properties":{"code":"57301","nom":"Haspelschiedt","departement":"57","region":"44","epci":"200069441"},"geometry":{"type":"Polygon","coordinates":[[[7.554,49.055],[7.499,49.051],[7.467,49.063],[7.464,49.081],[7.464,49.111],[7.481,49.115],[7.482,49.115],[7.482,49.099],[7.52,49.09],[7.554,49.055]]]}},{"type":"Feature","properties":{"code":"57302","nom":"Hattigny","departement":"57","region":"44","epci":"200068146"},"geometry":{"type":"Polygon","coordinates":[[[6.939,48.643],[6.951,48.649],[6.977,48.645],[6.991,48.609],[6.961,48.608],[6.94,48.615],[6.93,48.636],[6.939,48.643]]]}},{"type":"Feature","properties":{"code":"57303","nom":"Hauconcourt","departement":"57","region":"44","epci":"200039949"},"geometry":{"type":"Polygon","coordinates":[[[6.18,49.185],[6.177,49.189],[6.168,49.223],[6.188,49.233],[6.203,49.218],[6.18,49.185]]]}},{"type":"Feature","properties":{"code":"57304","nom":"Haut-Clocher","departement":"57","region":"44","epci":"200068146"},"geometry":{"type":"Polygon","coordinates":[[[6.988,48.741],[6.982,48.77],[6.935,48.784],[6.936,48.787],[6.946,48.792],[6.947,48.792],[6.996,48.776],[7.036,48.758],[7.01,48.736],[6.988,48.741]]]}},{"type":"Feature","properties":{"code":"57306","nom":"Hayange","departement":"57","region":"44","epci":"245701222"},"geometry":{"type":"Polygon","coordinates":[[[6.034,49.329],[6.046,49.332],[6.06,49.358],[6.091,49.348],[6.086,49.329],[6.095,49.314],[6.071,49.313],[6.049,49.314],[6.034,49.329]]]}},{"type":"Feature","properties":{"code":"57307","nom":"Hayes","departement":"57","region":"44","epci":"200067957"},"geometry":{"type":"Polygon","coordinates":[[[6.406,49.164],[6.394,49.151],[6.354,49.161],[6.351,49.173],[6.362,49.193],[6.397,49.18],[6.406,49.164]]]}},{"type":"Feature","properties":{"code":"57308","nom":"Hazembourg","departement":"57","region":"44","epci":"200070746"},"geometry":{"type":"Polygon","coordinates":[[[6.966,48.956],[6.96,48.952],[6.925,48.959],[6.93,48.975],[6.966,48.956]]]}},{"type":"Feature","properties":{"code":"57309","nom":"Heining-lès-Bouzonville","departement":"57","region":"44","epci":"200067486"},"geometry":{"type":"Polygon","coordinates":[[[6.632,49.296],[6.622,49.29],[6.585,49.298],[6.57,49.311],[6.589,49.322],[6.632,49.296]]]}},{"type":"Feature","properties":{"code":"57310","nom":"Hellering-lès-Fénétrange","departement":"57","region":"44","epci":"200068146"},"geometry":{"type":"Polygon","coordinates":[[[7.049,48.804],[7.052,48.815],[7.085,48.812],[7.067,48.799],[7.049,48.804]]]}},{"type":"Feature","properties":{"code":"57311","nom":"Hellimer","departement":"57","region":"44","epci":"200067502"},"geometry":{"type":"Polygon","coordinates":[[[6.8,49.005],[6.807,49.012],[6.82,49.014],[6.829,49.015],[6.835,49.001],[6.87,48.998],[6.852,48.981],[6.827,48.978],[6.812,48.974],[6.802,48.993],[6.8,49.005]]]}},{"type":"Feature","properties":{"code":"57312","nom":"Helstroff","departement":"57","region":"44","epci":"200067650"},"geometry":{"type":"Polygon","coordinates":[[[6.471,49.169],[6.472,49.171],[6.511,49.146],[6.513,49.139],[6.509,49.139],[6.462,49.146],[6.459,49.158],[6.471,49.169]]]}},{"type":"Feature","properties":{"code":"57313","nom":"Hémilly","departement":"57","region":"44","epci":"245700133"},"geometry":{"type":"Polygon","coordinates":[[[6.453,49.033],[6.449,49.053],[6.489,49.064],[6.529,49.045],[6.53,49.038],[6.522,49.031],[6.488,49.032],[6.482,49.038],[6.453,49.033]]]}},{"type":"Feature","properties":{"code":"57314","nom":"Héming","departement":"57","region":"44","epci":"200068146"},"geometry":{"type":"Polygon","coordinates":[[[6.969,48.71],[6.988,48.703],[6.971,48.687],[6.962,48.685],[6.957,48.699],[6.969,48.71]]]}},{"type":"Feature","properties":{"code":"57315","nom":"Henridorff","departement":"57","region":"44","epci":"245700950"},"geometry":{"type":"Polygon","coordinates":[[[7.194,48.742],[7.208,48.748],[7.209,48.747],[7.223,48.741],[7.234,48.738],[7.233,48.727],[7.224,48.719],[7.187,48.725],[7.187,48.731],[7.194,48.742]]]}},{"type":"Feature","properties":{"code":"57316","nom":"Henriville","departement":"57","region":"44","epci":"245700398"},"geometry":{"type":"Polygon","coordinates":[[[6.878,49.101],[6.852,49.089],[6.848,49.107],[6.878,49.101]]]}},{"type":"Feature","properties":{"code":"57317","nom":"Hérange","departement":"57","region":"44","epci":"245700950"},"geometry":{"type":"Polygon","coordinates":[[[7.157,48.78],[7.158,48.78],[7.179,48.786],[7.189,48.78],[7.18,48.772],[7.157,48.78]]]}},{"type":"Feature","properties":{"code":"57318","nom":"Hermelange","departement":"57","region":"44","epci":"200068146"},"geometry":{"type":"Polygon","coordinates":[[[7,48.684],[7.013,48.692],[7.03,48.68],[7.019,48.671],[7,48.684]]]}},{"type":"Feature","properties":{"code":"57319","nom":"Herny","departement":"57","region":"44","epci":"245700133"},"geometry":{"type":"Polygon","coordinates":[[[6.507,48.99],[6.502,48.987],[6.455,48.99],[6.452,48.999],[6.458,49.001],[6.479,49.012],[6.482,49.038],[6.488,49.032],[6.502,49.001],[6.507,48.99]]]}},{"type":"Feature","properties":{"code":"57320","nom":"Hertzing","departement":"57","region":"44","epci":"200068146"},"geometry":{"type":"Polygon","coordinates":[[[6.962,48.685],[6.957,48.681],[6.949,48.704],[6.957,48.699],[6.962,48.685]]]}},{"type":"Feature","properties":{"code":"57321","nom":"Hesse","departement":"57","region":"44","epci":"200068146"},"geometry":{"type":"Polygon","coordinates":[[[7.066,48.665],[7.03,48.68],[7.013,48.692],[7.037,48.706],[7.045,48.708],[7.075,48.688],[7.087,48.681],[7.089,48.679],[7.066,48.665]]]}},{"type":"Feature","properties":{"code":"57322","nom":"Hestroff","departement":"57","region":"44","epci":"200067486"},"geometry":{"type":"Polygon","coordinates":[[[6.458,49.257],[6.448,49.25],[6.416,49.261],[6.389,49.254],[6.397,49.26],[6.433,49.28],[6.439,49.28],[6.458,49.257]]]}},{"type":"Feature","properties":{"code":"57324","nom":"Hilbesheim","departement":"57","region":"44","epci":"200068146"},"geometry":{"type":"Polygon","coordinates":[[[7.105,48.797],[7.118,48.799],[7.118,48.769],[7.091,48.763],[7.079,48.786],[7.105,48.797]]]}},{"type":"Feature","properties":{"code":"57325","nom":"Hilsprich","departement":"57","region":"44","epci":"200070746"},"geometry":{"type":"Polygon","coordinates":[[[6.942,49.003],[6.917,48.997],[6.892,48.987],[6.88,48.998],[6.882,49.008],[6.913,49.023],[6.941,49.023],[6.942,49.003]]]}},{"type":"Feature","properties":{"code":"57326","nom":"Hinckange","departement":"57","region":"44","epci":"200067650"},"geometry":{"type":"Polygon","coordinates":[[[6.419,49.182],[6.433,49.198],[6.462,49.199],[6.469,49.198],[6.472,49.171],[6.471,49.169],[6.45,49.184],[6.421,49.181],[6.419,49.182]]]}},{"type":"Feature","properties":{"code":"57328","nom":"Holacourt","departement":"57","region":"44","epci":"245700133"},"geometry":{"type":"Polygon","coordinates":[[[6.502,48.987],[6.507,48.99],[6.518,48.986],[6.519,48.97],[6.49,48.967],[6.502,48.987]]]}},{"type":"Feature","properties":{"code":"57329","nom":"Holling","departement":"57","region":"44","epci":"200067486"},"geometry":{"type":"Polygon","coordinates":[[[6.483,49.256],[6.487,49.261],[6.493,49.272],[6.527,49.257],[6.5,49.246],[6.482,49.251],[6.483,49.256]]]}},{"type":"Feature","properties":{"code":"57330","nom":"Holving","departement":"57","region":"44","epci":"200070746"},"geometry":{"type":"Polygon","coordinates":[[[6.941,49.023],[6.946,49.025],[6.994,49.036],[6.98,48.998],[6.942,49.003],[6.941,49.023]]]}},{"type":"Feature","properties":{"code":"57331","nom":"Hombourg-Budange","departement":"57","region":"44","epci":"245701354"},"geometry":{"type":"Polygon","coordinates":[[[6.378,49.306],[6.388,49.298],[6.368,49.267],[6.337,49.265],[6.33,49.285],[6.33,49.302],[6.368,49.306],[6.375,49.307],[6.378,49.306]]]}},{"type":"Feature","properties":{"code":"57332","nom":"Hombourg-Haut","departement":"57","region":"44","epci":"245700398"},"geometry":{"type":"Polygon","coordinates":[[[6.789,49.106],[6.761,49.119],[6.775,49.145],[6.796,49.139],[6.801,49.122],[6.789,49.106]]]}},{"type":"Feature","properties":{"code":"57333","nom":"Hommarting","departement":"57","region":"44","epci":"200068146"},"geometry":{"type":"Polygon","coordinates":[[[7.14,48.726],[7.128,48.721],[7.116,48.73],[7.131,48.757],[7.161,48.75],[7.175,48.735],[7.14,48.726]]]}},{"type":"Feature","properties":{"code":"57334","nom":"Hommert","departement":"57","region":"44","epci":"200068146"},"geometry":{"type":"Polygon","coordinates":[[[7.183,48.67],[7.156,48.68],[7.177,48.686],[7.183,48.67]]]}},{"type":"Feature","properties":{"code":"57335","nom":"Honskirch","departement":"57","region":"44","epci":"245701206"},"geometry":{"type":"Polygon","coordinates":[[[6.96,48.952],[6.987,48.95],[6.983,48.942],[6.947,48.935],[6.96,48.952]]]}},{"type":"Feature","properties":{"code":"57336","nom":"L'Hôpital","departement":"57","region":"44","epci":"200067502"},"geometry":{"type":"Polygon","coordinates":[[[6.748,49.166],[6.712,49.156],[6.729,49.169],[6.748,49.166]]]}},{"type":"Feature","properties":{"code":"57337","nom":"Hoste","departement":"57","region":"44","epci":"245700398"},"geometry":{"type":"Polygon","coordinates":[[[6.831,49.043],[6.828,49.043],[6.83,49.057],[6.844,49.062],[6.881,49.073],[6.908,49.068],[6.868,49.049],[6.856,49.046],[6.831,49.043]]]}},{"type":"Feature","properties":{"code":"57338","nom":"Hottviller","departement":"57","region":"44","epci":"200069441"},"geometry":{"type":"Polygon","coordinates":[[[7.391,49.061],[7.39,49.061],[7.385,49.059],[7.346,49.069],[7.322,49.069],[7.345,49.085],[7.349,49.099],[7.368,49.088],[7.378,49.087],[7.391,49.061]]]}},{"type":"Feature","properties":{"code":"57339","nom":"Hultehouse","departement":"57","region":"44","epci":"245700950"},"geometry":{"type":"Polygon","coordinates":[[[7.28,48.734],[7.286,48.732],[7.265,48.701],[7.248,48.723],[7.28,48.734]]]}},{"type":"Feature","properties":{"code":"57340","nom":"Hundling","departement":"57","region":"44","epci":"200070746"},"geometry":{"type":"Polygon","coordinates":[[[6.975,49.112],[6.987,49.122],[7.001,49.12],[6.991,49.09],[6.979,49.078],[6.976,49.08],[6.972,49.084],[6.975,49.112]]]}},{"type":"Feature","properties":{"code":"57342","nom":"Ibigny","departement":"57","region":"44","epci":"200068146"},"geometry":{"type":"Polygon","coordinates":[[[6.92,48.646],[6.889,48.627],[6.896,48.664],[6.898,48.666],[6.92,48.646]]]}},{"type":"Feature","properties":{"code":"57343","nom":"Illange","departement":"57","region":"44","epci":"245701362"},"geometry":{"type":"Polygon","coordinates":[[[6.161,49.323],[6.153,49.33],[6.17,49.339],[6.212,49.329],[6.174,49.318],[6.161,49.323]]]}},{"type":"Feature","properties":{"code":"57344","nom":"Imling","departement":"57","region":"44","epci":"200068146"},"geometry":{"type":"Polygon","coordinates":[[[7.006,48.702],[7.018,48.731],[7.037,48.706],[7.013,48.692],[7.006,48.702]]]}},{"type":"Feature","properties":{"code":"57345","nom":"Inglange","departement":"57","region":"44","epci":"245701354"},"geometry":{"type":"Polygon","coordinates":[[[6.305,49.359],[6.325,49.351],[6.316,49.343],[6.306,49.332],[6.291,49.332],[6.279,49.347],[6.305,49.359]]]}},{"type":"Feature","properties":{"code":"57346","nom":"Insming","departement":"57","region":"44","epci":"245701206"},"geometry":{"type":"Polygon","coordinates":[[[6.858,48.962],[6.894,48.975],[6.907,48.957],[6.911,48.94],[6.905,48.938],[6.864,48.947],[6.858,48.962]]]}},{"type":"Feature","properties":{"code":"57347","nom":"Insviller","departement":"57","region":"44","epci":"245701206"},"geometry":{"type":"Polygon","coordinates":[[[6.893,48.875],[6.888,48.898],[6.913,48.907],[6.95,48.885],[6.893,48.875]]]}},{"type":"Feature","properties":{"code":"57348","nom":"Ippling","departement":"57","region":"44","epci":"200070746"},"geometry":{"type":"Polygon","coordinates":[[[7.001,49.12],[7.012,49.12],[7.006,49.097],[6.991,49.09],[7.001,49.12]]]}},{"type":"Feature","properties":{"code":"57349","nom":"Jallaucourt","departement":"57","region":"44","epci":"245701206"},"geometry":{"type":"Polygon","coordinates":[[[6.392,48.823],[6.382,48.821],[6.375,48.827],[6.37,48.834],[6.382,48.851],[6.392,48.851],[6.413,48.843],[6.421,48.827],[6.392,48.823]]]}},{"type":"Feature","properties":{"code":"57350","nom":"Jouy-aux-Arches","departement":"57","region":"44","epci":"200070738"},"geometry":{"type":"Polygon","coordinates":[[[6.104,49.079],[6.079,49.046],[6.065,49.052],[6.077,49.064],[6.091,49.087],[6.101,49.086],[6.104,49.079]]]}},{"type":"Feature","properties":{"code":"57351","nom":"Jury","departement":"57","region":"44","epci":"200039865"},"geometry":{"type":"Polygon","coordinates":[[[6.251,49.063],[6.246,49.078],[6.271,49.079],[6.251,49.063]]]}},{"type":"Feature","properties":{"code":"57352","nom":"Jussy","departement":"57","region":"44","epci":"200039865"},"geometry":{"type":"Polygon","coordinates":[[[6.046,49.11],[6.043,49.116],[6.088,49.105],[6.096,49.102],[6.107,49.088],[6.046,49.11]]]}},{"type":"Feature","properties":{"code":"57353","nom":"Juvelize","departement":"57","region":"44","epci":"245701206"},"geometry":{"type":"Polygon","coordinates":[[[6.63,48.772],[6.656,48.782],[6.679,48.776],[6.693,48.769],[6.656,48.749],[6.64,48.753],[6.63,48.772]]]}},{"type":"Feature","properties":{"code":"57354","nom":"Juville","departement":"57","region":"44","epci":"245701206"},"geometry":{"type":"Polygon","coordinates":[[[6.373,48.942],[6.378,48.928],[6.357,48.916],[6.344,48.921],[6.336,48.929],[6.355,48.943],[6.373,48.942]]]}},{"type":"Feature","properties":{"code":"57355","nom":"Kalhausen","departement":"57","region":"44","epci":"200070746"},"geometry":{"type":"Polygon","coordinates":[[[7.119,49.037],[7.151,49.048],[7.161,49.03],[7.177,49.017],[7.174,49.006],[7.162,49.002],[7.13,49.005],[7.122,49.023],[7.119,49.037]]]}},{"type":"Feature","properties":{"code":"57357","nom":"Kappelkinger","departement":"57","region":"44","epci":"200070746"},"geometry":{"type":"Polygon","coordinates":[[[6.895,48.982],[6.892,48.987],[6.917,48.997],[6.93,48.975],[6.925,48.959],[6.907,48.957],[6.894,48.975],[6.895,48.982]]]}},{"type":"Feature","properties":{"code":"57358","nom":"Kédange-sur-Canner","departement":"57","region":"44","epci":"245701354"},"geometry":{"type":"Polygon","coordinates":[[[6.347,49.316],[6.368,49.306],[6.33,49.302],[6.32,49.31],[6.347,49.316]]]}},{"type":"Feature","properties":{"code":"57359","nom":"Kemplich","departement":"57","region":"44","epci":"245701354"},"geometry":{"type":"Polygon","coordinates":[[[6.424,49.327],[6.411,49.316],[6.378,49.306],[6.375,49.307],[6.373,49.329],[6.391,49.342],[6.42,49.331],[6.424,49.327]]]}},{"type":"Feature","properties":{"code":"57360","nom":"Kerbach","departement":"57","region":"44","epci":"245700372"},"geometry":{"type":"Polygon","coordinates":[[[6.972,49.147],[6.967,49.148],[6.955,49.172],[6.985,49.177],[6.993,49.165],[6.978,49.148],[6.972,49.147]]]}},{"type":"Feature","properties":{"code":"57362","nom":"Kerprich-aux-Bois","departement":"57","region":"44","epci":"200068146"},"geometry":{"type":"Polygon","coordinates":[[[6.988,48.741],[6.958,48.716],[6.934,48.752],[6.988,48.741]]]}},{"type":"Feature","properties":{"code":"57366","nom":"Kirviller","departement":"57","region":"44","epci":"200070746"},"geometry":{"type":"Polygon","coordinates":[[[6.96,48.952],[6.966,48.956],[6.996,48.969],[6.993,48.961],[6.987,48.95],[6.96,48.952],[6.96,48.952]]]}},{"type":"Feature","properties":{"code":"57367","nom":"Klang","departement":"57","region":"44","epci":"245701354"},"geometry":{"type":"Polygon","coordinates":[[[6.375,49.307],[6.368,49.306],[6.347,49.316],[6.347,49.317],[6.373,49.329],[6.375,49.307]]]}},{"type":"Feature","properties":{"code":"57368","nom":"Knutange","departement":"57","region":"44","epci":"245701222"},"geometry":{"type":"Polygon","coordinates":[[[6.046,49.332],[6.034,49.329],[6.017,49.34],[6.034,49.344],[6.046,49.332]]]}},{"type":"Feature","properties":{"code":"57372","nom":"Kuntzig","departement":"57","region":"44","epci":"245701362"},"geometry":{"type":"Polygon","coordinates":[[[6.235,49.361],[6.242,49.358],[6.258,49.351],[6.228,49.336],[6.235,49.361]]]}},{"type":"Feature","properties":{"code":"57373","nom":"Lachambre","departement":"57","region":"44","epci":"200067502"},"geometry":{"type":"Polygon","coordinates":[[[6.752,49.062],[6.724,49.08],[6.724,49.088],[6.768,49.091],[6.782,49.071],[6.765,49.062],[6.752,49.062]]]}},{"type":"Feature","properties":{"code":"57374","nom":"Lafrimbolle","departement":"57","region":"44","epci":"200068146"},"geometry":{"type":"Polygon","coordinates":[[[7.034,48.628],[7.043,48.622],[7.034,48.581],[6.997,48.597],[7.01,48.612],[7.034,48.628]]]}},{"type":"Feature","properties":{"code":"57375","nom":"Lagarde","departement":"57","region":"44","epci":"245701206"},"geometry":{"type":"Polygon","coordinates":[[[6.669,48.667],[6.667,48.671],[6.677,48.689],[6.662,48.706],[6.665,48.709],[6.727,48.707],[6.746,48.694],[6.757,48.686],[6.755,48.67],[6.726,48.665],[6.709,48.671],[6.669,48.667]]]}},{"type":"Feature","properties":{"code":"57376","nom":"Lambach","departement":"57","region":"44","epci":"200069441"},"geometry":{"type":"Polygon","coordinates":[[[7.362,49.02],[7.338,49.028],[7.375,49.04],[7.39,49.023],[7.362,49.02]]]}},{"type":"Feature","properties":{"code":"57377","nom":"Landange","departement":"57","region":"44","epci":"200068146"},"geometry":{"type":"Polygon","coordinates":[[[6.951,48.66],[6.937,48.671],[6.957,48.681],[6.979,48.672],[6.979,48.661],[6.951,48.66]]]}},{"type":"Feature","properties":{"code":"57379","nom":"Landroff","departement":"57","region":"44","epci":"200067502"},"geometry":{"type":"Polygon","coordinates":[[[6.622,48.981],[6.638,48.972],[6.626,48.951],[6.602,48.951],[6.594,48.964],[6.597,48.971],[6.622,48.981]]]}},{"type":"Feature","properties":{"code":"57380","nom":"Laneuveville-lès-Lorquin","departement":"57","region":"44","epci":"200068146"},"geometry":{"type":"Polygon","coordinates":[[[6.997,48.646],[6.993,48.651],[7.023,48.65],[7.013,48.646],[6.997,48.646]]]}},{"type":"Feature","properties":{"code":"57381","nom":"Laneuveville-en-Saulnois","departement":"57","region":"44","epci":"245701206"},"geometry":{"type":"Polygon","coordinates":[[[6.469,48.852],[6.458,48.848],[6.429,48.861],[6.422,48.871],[6.427,48.881],[6.444,48.879],[6.469,48.852]]]}},{"type":"Feature","properties":{"code":"57382","nom":"Langatte","departement":"57","region":"44","epci":"200068146"},"geometry":{"type":"Polygon","coordinates":[[[6.935,48.784],[6.982,48.77],[6.988,48.741],[6.934,48.752],[6.93,48.775],[6.935,48.784]]]}},{"type":"Feature","properties":{"code":"57383","nom":"Languimberg","departement":"57","region":"44","epci":"200068146"},"geometry":{"type":"Polygon","coordinates":[[[6.937,48.715],[6.871,48.708],[6.861,48.717],[6.837,48.741],[6.875,48.755],[6.916,48.729],[6.937,48.715]]]}},{"type":"Feature","properties":{"code":"57384","nom":"Laning","departement":"57","region":"44","epci":"200067502"},"geometry":{"type":"Polygon","coordinates":[[[6.764,49.04],[6.773,49.046],[6.779,49.048],[6.8,49.032],[6.802,49.026],[6.755,49.013],[6.745,49.021],[6.764,49.04]]]}},{"type":"Feature","properties":{"code":"57385","nom":"Laquenexy","departement":"57","region":"44","epci":"200039865"},"geometry":{"type":"Polygon","coordinates":[[[6.322,49.069],[6.321,49.062],[6.298,49.068],[6.29,49.074],[6.296,49.091],[6.321,49.091],[6.347,49.087],[6.322,49.069]]]}},{"type":"Feature","properties":{"code":"57386","nom":"Laudrefang","departement":"57","region":"44","epci":"245700133"},"geometry":{"type":"Polygon","coordinates":[[[6.643,49.069],[6.634,49.069],[6.628,49.093],[6.63,49.097],[6.64,49.097],[6.659,49.089],[6.659,49.078],[6.643,49.069]]]}},{"type":"Feature","properties":{"code":"57389","nom":"Lelling","departement":"57","region":"44","epci":"200067502"},"geometry":{"type":"Polygon","coordinates":[[[6.699,49.05],[6.719,49.056],[6.732,49.047],[6.717,49.033],[6.699,49.027],[6.697,49.038],[6.699,49.05]]]}},{"type":"Feature","properties":{"code":"57390","nom":"Lemberg","departement":"57","region":"44","epci":"200069441"},"geometry":{"type":"Polygon","coordinates":[[[7.389,48.993],[7.375,48.997],[7.345,49],[7.362,49.02],[7.39,49.023],[7.414,49.021],[7.425,49.016],[7.389,48.993]]]}},{"type":"Feature","properties":{"code":"57391","nom":"Lemoncourt","departement":"57","region":"44","epci":"245701206"},"geometry":{"type":"Polygon","coordinates":[[[6.374,48.857],[6.37,48.862],[6.36,48.87],[6.398,48.877],[6.403,48.871],[6.392,48.851],[6.382,48.851],[6.374,48.857]]]}},{"type":"Feature","properties":{"code":"57392","nom":"Lemud","departement":"57","region":"44","epci":"200039907"},"geometry":{"type":"Polygon","coordinates":[[[6.386,49.021],[6.354,49.028],[6.347,49.039],[6.348,49.047],[6.377,49.038],[6.386,49.021]]]}},{"type":"Feature","properties":{"code":"57393","nom":"Lengelsheim","departement":"57","region":"44","epci":"200069441"},"geometry":{"type":"Polygon","coordinates":[[[7.389,49.111],[7.39,49.113],[7.423,49.118],[7.425,49.098],[7.393,49.1],[7.389,49.111]]]}},{"type":"Feature","properties":{"code":"57394","nom":"Léning","departement":"57","region":"44","epci":"245701206"},"geometry":{"type":"Polygon","coordinates":[[[6.827,48.978],[6.832,48.961],[6.827,48.955],[6.833,48.936],[6.828,48.931],[6.819,48.943],[6.801,48.956],[6.812,48.974],[6.827,48.978]]]}},{"type":"Feature","properties":{"code":"57395","nom":"Lesse","departement":"57","region":"44","epci":"245701206"},"geometry":{"type":"Polygon","coordinates":[[[6.537,48.94],[6.533,48.938],[6.511,48.931],[6.505,48.934],[6.487,48.947],[6.489,48.967],[6.49,48.967],[6.519,48.97],[6.534,48.959],[6.537,48.94]]]}},{"type":"Feature","properties":{"code":"57396","nom":"Lessy","departement":"57","region":"44","epci":"200039865"},"geometry":{"type":"Polygon","coordinates":[[[6.108,49.134],[6.116,49.126],[6.1,49.114],[6.088,49.139],[6.108,49.134]]]}},{"type":"Feature","properties":{"code":"57397","nom":"Ley","departement":"57","region":"44","epci":"245701206"},"geometry":{"type":"Polygon","coordinates":[[[6.659,48.717],[6.641,48.736],[6.64,48.753],[6.656,48.749],[6.681,48.736],[6.659,48.717]]]}},{"type":"Feature","properties":{"code":"57398","nom":"Leyviller","departement":"57","region":"44","epci":"200067502"},"geometry":{"type":"Polygon","coordinates":[[[6.829,49.015],[6.82,49.014],[6.831,49.043],[6.856,49.046],[6.861,49.013],[6.829,49.015]]]}},{"type":"Feature","properties":{"code":"57399","nom":"Lezey","departement":"57","region":"44","epci":"245701206"},"geometry":{"type":"Polygon","coordinates":[[[6.641,48.736],[6.634,48.737],[6.609,48.75],[6.589,48.767],[6.63,48.772],[6.64,48.753],[6.641,48.736]]]}},{"type":"Feature","properties":{"code":"57401","nom":"Lidrezing","departement":"57","region":"44","epci":"245701206"},"geometry":{"type":"Polygon","coordinates":[[[6.736,48.905],[6.74,48.885],[6.715,48.863],[6.711,48.86],[6.704,48.855],[6.686,48.876],[6.71,48.891],[6.736,48.905]]]}},{"type":"Feature","properties":{"code":"57402","nom":"Liederschiedt","departement":"57","region":"44","epci":"200069441"},"geometry":{"type":"Polygon","coordinates":[[[7.482,49.115],[7.481,49.115],[7.479,49.133],[7.479,49.133],[7.489,49.136],[7.524,49.106],[7.482,49.115]]]}},{"type":"Feature","properties":{"code":"57403","nom":"Liéhon","departement":"57","region":"44","epci":"200039907"},"geometry":{"type":"Polygon","coordinates":[[[6.274,49.008],[6.281,49],[6.272,48.984],[6.267,48.981],[6.251,48.979],[6.244,49],[6.274,49.008]]]}},{"type":"Feature","properties":{"code":"57404","nom":"Lindre-Basse","departement":"57","region":"44","epci":"245701206"},"geometry":{"type":"Polygon","coordinates":[[[6.771,48.795],[6.737,48.786],[6.719,48.782],[6.717,48.787],[6.744,48.814],[6.781,48.821],[6.782,48.804],[6.771,48.795]]]}},{"type":"Feature","properties":{"code":"57405","nom":"Lindre-Haute","departement":"57","region":"44","epci":"245701206"},"geometry":{"type":"Polygon","coordinates":[[[6.777,48.824],[6.781,48.821],[6.744,48.814],[6.738,48.824],[6.777,48.824]]]}},{"type":"Feature","properties":{"code":"57406","nom":"Liocourt","departement":"57","region":"44","epci":"245701206"},"geometry":{"type":"Polygon","coordinates":[[[6.33,48.906],[6.344,48.921],[6.357,48.916],[6.359,48.912],[6.33,48.906]]]}},{"type":"Feature","properties":{"code":"57407","nom":"Lixheim","departement":"57","region":"44","epci":"245700950"},"geometry":{"type":"Polygon","coordinates":[[[7.158,48.78],[7.157,48.78],[7.143,48.768],[7.133,48.796],[7.159,48.807],[7.158,48.78]]]}},{"type":"Feature","properties":{"code":"57408","nom":"Lixing-lès-Rouhling","departement":"57","region":"44","epci":"200070746"},"geometry":{"type":"Polygon","coordinates":[[[6.978,49.148],[6.993,49.165],[6.998,49.167],[7.003,49.144],[6.982,49.139],[6.978,49.148]]]}},{"type":"Feature","properties":{"code":"57409","nom":"Lixing-lès-Saint-Avold","departement":"57","region":"44","epci":"200067502"},"geometry":{"type":"Polygon","coordinates":[[[6.745,49.021],[6.725,49.025],[6.717,49.033],[6.732,49.047],[6.764,49.04],[6.745,49.021]]]}},{"type":"Feature","properties":{"code":"57410","nom":"Lhor","departement":"57","region":"44","epci":"245701206"},"geometry":{"type":"Polygon","coordinates":[[[6.893,48.875],[6.893,48.871],[6.866,48.875],[6.849,48.893],[6.866,48.898],[6.888,48.898],[6.893,48.875]]]}},{"type":"Feature","properties":{"code":"57411","nom":"Lommerange","departement":"57","region":"44","epci":"245701362"},"geometry":{"type":"Polygon","coordinates":[[[5.986,49.305],[5.943,49.341],[5.978,49.345],[5.981,49.343],[5.997,49.314],[5.986,49.305]]]}},{"type":"Feature","properties":{"code":"57412","nom":"Longeville-lès-Metz","departement":"57","region":"44","epci":"200039865"},"geometry":{"type":"Polygon","coordinates":[[[6.149,49.119],[6.16,49.108],[6.143,49.111],[6.132,49.121],[6.149,49.119]]]}},{"type":"Feature","properties":{"code":"57413","nom":"Longeville-lès-Saint-Avold","departement":"57","region":"44","epci":"245700133"},"geometry":{"type":"Polygon","coordinates":[[[6.64,49.097],[6.63,49.097],[6.603,49.122],[6.61,49.135],[6.642,49.141],[6.684,49.133],[6.698,49.11],[6.64,49.097]]]}},{"type":"Feature","properties":{"code":"57414","nom":"Lorquin","departement":"57","region":"44","epci":"200068146"},"geometry":{"type":"Polygon","coordinates":[[[6.986,48.681],[7,48.684],[7.019,48.671],[7.022,48.665],[7.023,48.65],[6.993,48.651],[6.986,48.652],[6.979,48.661],[6.979,48.672],[6.986,48.681]]]}},{"type":"Feature","properties":{"code":"57415","nom":"Lorry-lès-Metz","departement":"57","region":"44","epci":"200039865"},"geometry":{"type":"Polygon","coordinates":[[[6.075,49.15],[6.073,49.155],[6.133,49.152],[6.139,49.143],[6.136,49.138],[6.108,49.134],[6.088,49.139],[6.075,49.15]]]}},{"type":"Feature","properties":{"code":"57416","nom":"Lorry-Mardigny","departement":"57","region":"44","epci":"200039865"},"geometry":{"type":"Polygon","coordinates":[[[6.082,48.963],[6.079,48.965],[6.065,48.981],[6.079,49.004],[6.116,48.996],[6.13,48.981],[6.1,48.969],[6.082,48.963]]]}},{"type":"Feature","properties":{"code":"57417","nom":"Lostroff","departement":"57","region":"44","epci":"245701206"},"geometry":{"type":"Polygon","coordinates":[[[6.845,48.856],[6.847,48.87],[6.866,48.875],[6.893,48.871],[6.858,48.851],[6.845,48.856]]]}},{"type":"Feature","properties":{"code":"57418","nom":"Loudrefing","departement":"57","region":"44","epci":"245701206"},"geometry":{"type":"Polygon","coordinates":[[[6.95,48.885],[6.956,48.875],[6.917,48.867],[6.913,48.836],[6.86,48.822],[6.855,48.839],[6.858,48.851],[6.893,48.871],[6.893,48.875],[6.95,48.885]]]}},{"type":"Feature","properties":{"code":"57419","nom":"Loupershouse","departement":"57","region":"44","epci":"200070746"},"geometry":{"type":"Polygon","coordinates":[[[6.881,49.073],[6.881,49.074],[6.909,49.081],[6.913,49.099],[6.937,49.084],[6.929,49.069],[6.908,49.068],[6.881,49.073]]]}},{"type":"Feature","properties":{"code":"57421","nom":"Loutzviller","departement":"57","region":"44","epci":"200069441"},"geometry":{"type":"Polygon","coordinates":[[[7.397,49.136],[7.365,49.143],[7.363,49.145],[7.362,49.148],[7.408,49.147],[7.397,49.136]]]}},{"type":"Feature","properties":{"code":"57422","nom":"Louvigny","departement":"57","region":"44","epci":"200039907"},"geometry":{"type":"Polygon","coordinates":[[[6.198,48.986],[6.201,48.972],[6.203,48.957],[6.206,48.939],[6.206,48.938],[6.165,48.942],[6.151,48.968],[6.17,48.987],[6.198,48.986]]]}},{"type":"Feature","properties":{"code":"57423","nom":"Lubécourt","departement":"57","region":"44","epci":"245701206"},"geometry":{"type":"Polygon","coordinates":[[[6.521,48.83],[6.52,48.83],[6.489,48.857],[6.499,48.858],[6.531,48.836],[6.521,48.83]]]}},{"type":"Feature","properties":{"code":"57424","nom":"Lucy","departement":"57","region":"44","epci":"245701206"},"geometry":{"type":"Polygon","coordinates":[[[6.456,48.933],[6.448,48.944],[6.45,48.951],[6.477,48.953],[6.487,48.947],[6.505,48.934],[6.486,48.931],[6.456,48.933]]]}},{"type":"Feature","properties":{"code":"57425","nom":"Luppy","departement":"57","region":"44","epci":"200039907"},"geometry":{"type":"Polygon","coordinates":[[[6.319,48.96],[6.319,48.96],[6.307,48.984],[6.303,48.988],[6.332,49.004],[6.363,49.001],[6.365,48.967],[6.358,48.955],[6.319,48.96]]]}},{"type":"Feature","properties":{"code":"57426","nom":"Luttange","departement":"57","region":"44","epci":"245701354"},"geometry":{"type":"Polygon","coordinates":[[[6.285,49.258],[6.28,49.263],[6.262,49.273],[6.249,49.276],[6.274,49.3],[6.3,49.279],[6.33,49.285],[6.337,49.265],[6.337,49.264],[6.285,49.258]]]}},{"type":"Feature","properties":{"code":"57427","nom":"Lutzelbourg","departement":"57","region":"44","epci":"245700950"},"geometry":{"type":"Polygon","coordinates":[[[7.233,48.727],[7.234,48.738],[7.252,48.741],[7.275,48.748],[7.28,48.734],[7.248,48.723],[7.233,48.727]]]}},{"type":"Feature","properties":{"code":"57428","nom":"Macheren","departement":"57","region":"44","epci":"200067502"},"geometry":{"type":"Polygon","coordinates":[[[6.812,49.08],[6.782,49.071],[6.768,49.091],[6.724,49.088],[6.726,49.098],[6.761,49.119],[6.789,49.106],[6.803,49.092],[6.812,49.08]]]}},{"type":"Feature","properties":{"code":"57430","nom":"Mainvillers","departement":"57","region":"44","epci":"245700133"},"geometry":{"type":"Polygon","coordinates":[[[6.552,49.029],[6.556,49.027],[6.56,49.005],[6.559,49.005],[6.522,49.015],[6.522,49.031],[6.53,49.038],[6.552,49.029]]]}},{"type":"Feature","properties":{"code":"57431","nom":"Maizeroy","departement":"57","region":"44","epci":"200067957"},"geometry":{"type":"Polygon","coordinates":[[[6.365,49.061],[6.358,49.062],[6.379,49.1],[6.424,49.099],[6.401,49.076],[6.365,49.061]]]}},{"type":"Feature","properties":{"code":"57433","nom":"Maizières-lès-Metz","departement":"57","region":"44","epci":"200039949"},"geometry":{"type":"Polygon","coordinates":[[[6.151,49.189],[6.151,49.19],[6.137,49.206],[6.149,49.231],[6.163,49.228],[6.168,49.223],[6.177,49.189],[6.151,49.189]]]}},{"type":"Feature","properties":{"code":"57434","nom":"Maizières-lès-Vic","departement":"57","region":"44","epci":"245701206"},"geometry":{"type":"Polygon","coordinates":[[[6.803,48.692],[6.757,48.686],[6.746,48.694],[6.763,48.746],[6.773,48.746],[6.83,48.716],[6.829,48.706],[6.803,48.692]]]}},{"type":"Feature","properties":{"code":"57436","nom":"Malaucourt-sur-Seille","departement":"57","region":"44","epci":"245701206"},"geometry":{"type":"Polygon","coordinates":[[[6.374,48.857],[6.382,48.851],[6.37,48.834],[6.34,48.833],[6.33,48.836],[6.353,48.854],[6.374,48.857]]]}},{"type":"Feature","properties":{"code":"57438","nom":"Malroy","departement":"57","region":"44","epci":"200039949"},"geometry":{"type":"Polygon","coordinates":[[[6.206,49.158],[6.202,49.178],[6.228,49.185],[6.224,49.167],[6.206,49.158]]]}},{"type":"Feature","properties":{"code":"57440","nom":"Manhoué","departement":"57","region":"44","epci":"245701206"},"geometry":{"type":"Polygon","coordinates":[[[6.334,48.82],[6.309,48.821],[6.301,48.824],[6.34,48.833],[6.37,48.834],[6.375,48.827],[6.334,48.82]]]}},{"type":"Feature","properties":{"code":"57442","nom":"Many","departement":"57","region":"44","epci":"245700133"},"geometry":{"type":"Polygon","coordinates":[[[6.507,48.99],[6.502,49.001],[6.522,49.015],[6.559,49.005],[6.537,48.99],[6.518,48.986],[6.507,48.99]]]}},{"type":"Feature","properties":{"code":"57443","nom":"Marange-Silvange","departement":"57","region":"44","epci":"245701271"},"geometry":{"type":"Polygon","coordinates":[[[6.124,49.242],[6.137,49.241],[6.149,49.231],[6.137,49.206],[6.121,49.199],[6.099,49.196],[6.085,49.2],[6.067,49.21],[6.069,49.215],[6.117,49.22],[6.115,49.236],[6.124,49.242]]]}},{"type":"Feature","properties":{"code":"57444","nom":"Marange-Zondrange","departement":"57","region":"44","epci":"245700133"},"geometry":{"type":"Polygon","coordinates":[[[6.505,49.111],[6.504,49.115],[6.526,49.136],[6.54,49.125],[6.561,49.114],[6.538,49.102],[6.505,49.111]]]}},{"type":"Feature","properties":{"code":"57445","nom":"Marieulles","departement":"57","region":"44","epci":"200039865"},"geometry":{"type":"Polygon","coordinates":[[[6.079,49.004],[6.081,49.009],[6.085,49.014],[6.103,49.015],[6.139,49.02],[6.143,49.009],[6.122,48.999],[6.116,48.996],[6.079,49.004]]]}},{"type":"Feature","properties":{"code":"57446","nom":"Marimont-lès-Bénestroff","departement":"57","region":"44","epci":"245701206"},"geometry":{"type":"Polygon","coordinates":[[[6.77,48.891],[6.778,48.895],[6.794,48.9],[6.806,48.891],[6.782,48.873],[6.77,48.891]]]}},{"type":"Feature","properties":{"code":"57447","nom":"Marly","departement":"57","region":"44","epci":"200039865"},"geometry":{"type":"Polygon","coordinates":[[[6.127,49.081],[6.144,49.09],[6.165,49.082],[6.173,49.063],[6.177,49.051],[6.138,49.047],[6.127,49.081]]]}},{"type":"Feature","properties":{"code":"57448","nom":"Marsal","departement":"57","region":"44","epci":"245701206"},"geometry":{"type":"Polygon","coordinates":[[[6.656,48.782],[6.63,48.772],[6.589,48.767],[6.585,48.799],[6.623,48.791],[6.643,48.792],[6.65,48.79],[6.656,48.782]]]}},{"type":"Feature","properties":{"code":"57449","nom":"Marsilly","departement":"57","region":"44","epci":"200067957"},"geometry":{"type":"Polygon","coordinates":[[[6.288,49.097],[6.298,49.103],[6.321,49.102],[6.321,49.091],[6.296,49.091],[6.288,49.097]]]}},{"type":"Feature","properties":{"code":"57451","nom":"Marthille","departement":"57","region":"44","epci":"245701206"},"geometry":{"type":"Polygon","coordinates":[[[6.571,48.912],[6.562,48.908],[6.545,48.918],[6.533,48.938],[6.537,48.94],[6.561,48.953],[6.586,48.93],[6.571,48.912]]]}},{"type":"Feature","properties":{"code":"57452","nom":"La Maxe","departement":"57","region":"44","epci":"200039865"},"geometry":{"type":"Polygon","coordinates":[[[6.206,49.158],[6.203,49.151],[6.199,49.144],[6.18,49.146],[6.187,49.178],[6.202,49.178],[6.206,49.158]]]}},{"type":"Feature","properties":{"code":"57453","nom":"Maxstadt","departement":"57","region":"44","epci":"200067502"},"geometry":{"type":"Polygon","coordinates":[[[6.803,49.06],[6.83,49.057],[6.828,49.043],[6.8,49.032],[6.779,49.048],[6.803,49.06]]]}},{"type":"Feature","properties":{"code":"57454","nom":"Mécleuves","departement":"57","region":"44","epci":"200039865"},"geometry":{"type":"Polygon","coordinates":[[[6.259,49.042],[6.251,49.063],[6.251,49.063],[6.271,49.079],[6.29,49.074],[6.298,49.068],[6.297,49.042],[6.307,49.032],[6.275,49.029],[6.259,49.042]]]}},{"type":"Feature","properties":{"code":"57455","nom":"Mégange","departement":"57","region":"44","epci":"200067650"},"geometry":{"type":"Polygon","coordinates":[[[6.414,49.214],[6.419,49.234],[6.439,49.239],[6.46,49.219],[6.414,49.214]]]}},{"type":"Feature","properties":{"code":"57456","nom":"Meisenthal","departement":"57","region":"44","epci":"200069441"},"geometry":{"type":"Polygon","coordinates":[[[7.368,48.954],[7.355,48.955],[7.321,48.98],[7.326,48.986],[7.362,48.971],[7.368,48.956],[7.368,48.954]]]}},{"type":"Feature","properties":{"code":"57457","nom":"Menskirch","departement":"57","region":"44","epci":"200067486"},"geometry":{"type":"Polygon","coordinates":[[[6.411,49.316],[6.424,49.327],[6.442,49.331],[6.45,49.319],[6.426,49.306],[6.411,49.316]]]}},{"type":"Feature","properties":{"code":"57460","nom":"Merten","departement":"57","region":"44","epci":"200067650"},"geometry":{"type":"Polygon","coordinates":[[[6.646,49.244],[6.642,49.246],[6.646,49.254],[6.662,49.257],[6.686,49.244],[6.657,49.232],[6.646,49.244]]]}},{"type":"Feature","properties":{"code":"57461","nom":"Métairies-Saint-Quirin","departement":"57","region":"44","epci":"200068146"},"geometry":{"type":"Polygon","coordinates":[[[7.045,48.619],[7.043,48.622],[7.034,48.628],[7.013,48.646],[7.023,48.65],[7.022,48.665],[7.056,48.642],[7.063,48.634],[7.045,48.619]]]}},{"type":"Feature","properties":{"code":"57462","nom":"Metting","departement":"57","region":"44","epci":"245700950"},"geometry":{"type":"Polygon","coordinates":[[[7.188,48.805],[7.204,48.827],[7.22,48.819],[7.22,48.802],[7.216,48.799],[7.207,48.8],[7.188,48.805]]]}},{"type":"Feature","properties":{"code":"57463","nom":"Metz","departement":"57","region":"44","epci":"200039865"},"geometry":{"type":"Polygon","coordinates":[[[6.149,49.119],[6.137,49.129],[6.136,49.138],[6.139,49.143],[6.18,49.146],[6.199,49.144],[6.219,49.138],[6.242,49.12],[6.254,49.093],[6.239,49.087],[6.21,49.085],[6.204,49.064],[6.173,49.063],[6.165,49.082],[6.16,49.108],[6.149,49.119]]]}},{"type":"Feature","properties":{"code":"57464","nom":"Metzeresche","departement":"57","region":"44","epci":"245701354"},"geometry":{"type":"Polygon","coordinates":[[[6.319,49.313],[6.32,49.31],[6.33,49.302],[6.33,49.285],[6.3,49.279],[6.274,49.3],[6.275,49.3],[6.319,49.313]]]}},{"type":"Feature","properties":{"code":"57465","nom":"Metzervisse","departement":"57","region":"44","epci":"245701354"},"geometry":{"type":"Polygon","coordinates":[[[6.253,49.322],[6.25,49.322],[6.291,49.332],[6.306,49.332],[6.319,49.313],[6.275,49.3],[6.253,49.322]]]}},{"type":"Feature","properties":{"code":"57466","nom":"Metzing","departement":"57","region":"44","epci":"245700372"},"geometry":{"type":"Polygon","coordinates":[[[6.957,49.121],[6.975,49.112],[6.972,49.084],[6.946,49.088],[6.957,49.121]]]}},{"type":"Feature","properties":{"code":"57467","nom":"Mey","departement":"57","region":"44","epci":"200039865"},"geometry":{"type":"Polygon","coordinates":[[[6.25,49.142],[6.244,49.129],[6.243,49.145],[6.25,49.142]]]}},{"type":"Feature","properties":{"code":"57468","nom":"Mittelbronn","departement":"57","region":"44","epci":"245700950"},"geometry":{"type":"Polygon","coordinates":[[[7.223,48.741],[7.209,48.747],[7.213,48.763],[7.214,48.774],[7.223,48.787],[7.235,48.789],[7.242,48.779],[7.24,48.753],[7.223,48.741]]]}},{"type":"Feature","properties":{"code":"57469","nom":"Mittersheim","departement":"57","region":"44","epci":"200068146"},"geometry":{"type":"Polygon","coordinates":[[[6.966,48.854],[6.968,48.835],[6.935,48.832],[6.932,48.831],[6.913,48.836],[6.917,48.867],[6.956,48.875],[6.969,48.884],[6.982,48.871],[6.966,48.854]]]}},{"type":"Feature","properties":{"code":"57470","nom":"Molring","departement":"57","region":"44","epci":"245701206"},"geometry":{"type":"Polygon","coordinates":[[[6.837,48.889],[6.821,48.878],[6.807,48.891],[6.834,48.905],[6.837,48.889]]]}},{"type":"Feature","properties":{"code":"57471","nom":"Momerstroff","departement":"57","region":"44","epci":"200067650"},"geometry":{"type":"Polygon","coordinates":[[[6.528,49.172],[6.55,49.156],[6.543,49.142],[6.521,49.14],[6.513,49.139],[6.511,49.146],[6.528,49.172]]]}},{"type":"Feature","properties":{"code":"57472","nom":"Moncheux","departement":"57","region":"44","epci":"200039907"},"geometry":{"type":"Polygon","coordinates":[[[6.358,48.955],[6.355,48.943],[6.336,48.929],[6.326,48.928],[6.323,48.933],[6.319,48.96],[6.358,48.955]]]}},{"type":"Feature","properties":{"code":"57473","nom":"Moncourt","departement":"57","region":"44","epci":"245701206"},"geometry":{"type":"Polygon","coordinates":[[[6.634,48.737],[6.641,48.736],[6.659,48.717],[6.665,48.709],[6.662,48.706],[6.643,48.703],[6.617,48.715],[6.634,48.737]]]}},{"type":"Feature","properties":{"code":"57474","nom":"Mondelange","departement":"57","region":"44","epci":"200039949"},"geometry":{"type":"Polygon","coordinates":[[[6.194,49.261],[6.186,49.257],[6.152,49.256],[6.158,49.266],[6.181,49.273],[6.194,49.261]]]}},{"type":"Feature","properties":{"code":"57476","nom":"Monneren","departement":"57","region":"44","epci":"245701354"},"geometry":{"type":"Polygon","coordinates":[[[6.43,49.355],[6.42,49.331],[6.391,49.342],[6.383,49.35],[6.405,49.368],[6.412,49.372],[6.43,49.355]]]}},{"type":"Feature","properties":{"code":"57477","nom":"Montbronn","departement":"57","region":"44","epci":"200069441"},"geometry":{"type":"Polygon","coordinates":[[[7.267,49.007],[7.292,49.013],[7.312,49.019],[7.338,48.996],[7.326,48.986],[7.321,48.98],[7.296,48.974],[7.267,49.007]]]}},{"type":"Feature","properties":{"code":"57478","nom":"Montdidier","departement":"57","region":"44","epci":"245701206"},"geometry":{"type":"Polygon","coordinates":[[[6.828,48.931],[6.821,48.928],[6.812,48.925],[6.804,48.933],[6.819,48.943],[6.828,48.931]]]}},{"type":"Feature","properties":{"code":"57480","nom":"Montigny-lès-Metz","departement":"57","region":"44","epci":"200039865"},"geometry":{"type":"Polygon","coordinates":[[[6.165,49.082],[6.144,49.09],[6.127,49.104],[6.143,49.111],[6.16,49.108],[6.165,49.082]]]}},{"type":"Feature","properties":{"code":"57481","nom":"Montois-la-Montagne","departement":"57","region":"44","epci":"245701271"},"geometry":{"type":"Polygon","coordinates":[[[6.031,49.233],[6.052,49.227],[6.04,49.211],[6.019,49.208],[6.003,49.209],[6.01,49.222],[6.031,49.233]]]}},{"type":"Feature","properties":{"code":"57482","nom":"Ogy-Montoy-Flanville","departement":"57","region":"44","epci":"200067957"},"geometry":{"type":"Polygon","coordinates":[[[6.321,49.102],[6.298,49.103],[6.26,49.123],[6.261,49.124],[6.276,49.129],[6.327,49.119],[6.321,49.102]]]}},{"type":"Feature","properties":{"code":"57483","nom":"Morhange","departement":"57","region":"44","epci":"200067502"},"geometry":{"type":"Polygon","coordinates":[[[6.649,48.9],[6.636,48.906],[6.605,48.913],[6.601,48.923],[6.637,48.948],[6.661,48.951],[6.675,48.938],[6.668,48.913],[6.649,48.9]]]}},{"type":"Feature","properties":{"code":"57484","nom":"Morsbach","departement":"57","region":"44","epci":"245700372"},"geometry":{"type":"Polygon","coordinates":[[[6.884,49.172],[6.891,49.17],[6.865,49.155],[6.845,49.162],[6.861,49.179],[6.884,49.172]]]}},{"type":"Feature","properties":{"code":"57485","nom":"Morville-lès-Vic","departement":"57","region":"44","epci":"245701206"},"geometry":{"type":"Polygon","coordinates":[[[6.534,48.804],[6.529,48.809],[6.527,48.826],[6.554,48.83],[6.572,48.813],[6.554,48.798],[6.534,48.804]]]}},{"type":"Feature","properties":{"code":"57486","nom":"Morville-sur-Nied","departement":"57","region":"44","epci":"245701206"},"geometry":{"type":"Polygon","coordinates":[[[6.409,48.944],[6.414,48.955],[6.439,48.961],[6.45,48.951],[6.448,48.944],[6.424,48.939],[6.409,48.944]]]}},{"type":"Feature","properties":{"code":"57487","nom":"Moulins-lès-Metz","departement":"57","region":"44","epci":"200039865"},"geometry":{"type":"Polygon","coordinates":[[[6.101,49.086],[6.107,49.088],[6.096,49.102],[6.1,49.109],[6.106,49.109],[6.127,49.104],[6.144,49.09],[6.127,49.081],[6.104,49.079],[6.101,49.086]]]}},{"type":"Feature","properties":{"code":"57488","nom":"Moussey","departement":"57","region":"44","epci":"200068146"},"geometry":{"type":"Polygon","coordinates":[[[6.763,48.655],[6.755,48.67],[6.757,48.686],[6.803,48.692],[6.802,48.677],[6.763,48.655]]]}},{"type":"Feature","properties":{"code":"57489","nom":"Mouterhouse","departement":"57","region":"44","epci":"200069441"},"geometry":{"type":"Polygon","coordinates":[[[7.392,48.953],[7.38,48.951],[7.368,48.954],[7.368,48.956],[7.396,48.959],[7.389,48.993],[7.425,49.016],[7.479,49.026],[7.502,49],[7.452,48.968],[7.392,48.953]]]}},{"type":"Feature","properties":{"code":"57490","nom":"Moyenvic","departement":"57","region":"44","epci":"245701206"},"geometry":{"type":"Polygon","coordinates":[[[6.562,48.756],[6.548,48.755],[6.554,48.798],[6.572,48.813],[6.586,48.81],[6.585,48.799],[6.589,48.767],[6.562,48.756]]]}},{"type":"Feature","properties":{"code":"57491","nom":"Moyeuvre-Grande","departement":"57","region":"44","epci":"245701271"},"geometry":{"type":"Polygon","coordinates":[[[6.052,49.227],[6.031,49.233],[6.028,49.233],[6.01,49.266],[6.01,49.272],[6.04,49.274],[6.045,49.273],[6.061,49.25],[6.052,49.231],[6.052,49.227]]]}},{"type":"Feature","properties":{"code":"57492","nom":"Moyeuvre-Petite","departement":"57","region":"44","epci":"245701271"},"geometry":{"type":"Polygon","coordinates":[[[6.01,49.272],[6.004,49.288],[6.021,49.291],[6.04,49.274],[6.01,49.272]]]}},{"type":"Feature","properties":{"code":"57493","nom":"Mulcey","departement":"57","region":"44","epci":"245701206"},"geometry":{"type":"Polygon","coordinates":[[[6.688,48.807],[6.65,48.79],[6.643,48.792],[6.663,48.828],[6.688,48.807]]]}},{"type":"Feature","properties":{"code":"57494","nom":"Munster","departement":"57","region":"44","epci":"245701206"},"geometry":{"type":"Polygon","coordinates":[[[6.866,48.898],[6.867,48.909],[6.89,48.92],[6.923,48.916],[6.913,48.907],[6.888,48.898],[6.866,48.898]]]}},{"type":"Feature","properties":{"code":"57495","nom":"Narbéfontaine","departement":"57","region":"44","epci":"200067650"},"geometry":{"type":"Polygon","coordinates":[[[6.566,49.143],[6.567,49.135],[6.54,49.125],[6.526,49.136],[6.521,49.14],[6.543,49.142],[6.553,49.143],[6.566,49.143]]]}},{"type":"Feature","properties":{"code":"57496","nom":"Nébing","departement":"57","region":"44","epci":"245701206"},"geometry":{"type":"Polygon","coordinates":[[[6.807,48.891],[6.806,48.891],[6.794,48.9],[6.812,48.925],[6.821,48.928],[6.831,48.916],[6.834,48.905],[6.807,48.891]]]}},{"type":"Feature","properties":{"code":"57497","nom":"Nelling","departement":"57","region":"44","epci":"200070746"},"geometry":{"type":"Polygon","coordinates":[[[6.858,48.962],[6.827,48.955],[6.832,48.961],[6.857,48.978],[6.895,48.982],[6.894,48.975],[6.858,48.962]]]}},{"type":"Feature","properties":{"code":"57498","nom":"Neufchef","departement":"57","region":"44","epci":"245701222"},"geometry":{"type":"Polygon","coordinates":[[[6.049,49.314],[6.021,49.291],[6.004,49.288],[5.997,49.314],[5.981,49.343],[6.017,49.34],[6.034,49.329],[6.049,49.314]]]}},{"type":"Feature","properties":{"code":"57499","nom":"Neufgrange","departement":"57","region":"44","epci":"200070746"},"geometry":{"type":"Polygon","coordinates":[[[7.097,49.083],[7.099,49.078],[7.072,49.057],[7.04,49.081],[7.07,49.087],[7.097,49.083]]]}},{"type":"Feature","properties":{"code":"57500","nom":"Neufmoulins","departement":"57","region":"44","epci":"200068146"},"geometry":{"type":"Polygon","coordinates":[[[6.971,48.687],[6.986,48.681],[6.979,48.672],[6.957,48.681],[6.962,48.685],[6.971,48.687]]]}},{"type":"Feature","properties":{"code":"57501","nom":"Neufvillage","departement":"57","region":"44","epci":"245701206"},"geometry":{"type":"Polygon","coordinates":[[[6.79,48.941],[6.771,48.93],[6.782,48.939],[6.79,48.941]]]}},{"type":"Feature","properties":{"code":"57502","nom":"Neunkirchen-lès-Bouzonville","departement":"57","region":"44","epci":"200067486"},"geometry":{"type":"Polygon","coordinates":[[[6.558,49.366],[6.569,49.358],[6.578,49.335],[6.571,49.334],[6.547,49.345],[6.558,49.366]]]}},{"type":"Feature","properties":{"code":"57504","nom":"Niderhoff","departement":"57","region":"44","epci":"200068146"},"geometry":{"type":"Polygon","coordinates":[[[7.01,48.612],[6.993,48.61],[6.997,48.646],[7.013,48.646],[7.034,48.628],[7.01,48.612]]]}},{"type":"Feature","properties":{"code":"57505","nom":"Niderviller","departement":"57","region":"44","epci":"200068146"},"geometry":{"type":"Polygon","coordinates":[[[7.15,48.701],[7.133,48.692],[7.087,48.711],[7.109,48.729],[7.116,48.73],[7.128,48.721],[7.15,48.701]]]}},{"type":"Feature","properties":{"code":"57506","nom":"Niederstinzel","departement":"57","region":"44","epci":"200068146"},"geometry":{"type":"Polygon","coordinates":[[[6.987,48.891],[7.056,48.865],[7.051,48.859],[7.052,48.849],[6.982,48.871],[6.969,48.884],[6.987,48.891]]]}},{"type":"Feature","properties":{"code":"57507","nom":"Niedervisse","departement":"57","region":"44","epci":"200067650"},"geometry":{"type":"Polygon","coordinates":[[[6.585,49.175],[6.583,49.164],[6.553,49.143],[6.543,49.142],[6.55,49.156],[6.565,49.181],[6.585,49.175]]]}},{"type":"Feature","properties":{"code":"57508","nom":"Nilvange","departement":"57","region":"44","epci":"245701222"},"geometry":{"type":"Polygon","coordinates":[[[6.034,49.344],[6.035,49.347],[6.058,49.359],[6.06,49.358],[6.046,49.332],[6.034,49.344]]]}},{"type":"Feature","properties":{"code":"57509","nom":"Nitting","departement":"57","region":"44","epci":"200068146"},"geometry":{"type":"Polygon","coordinates":[[[7.066,48.665],[7.078,48.661],[7.07,48.64],[7.07,48.639],[7.056,48.642],[7.022,48.665],[7.019,48.671],[7.03,48.68],[7.066,48.665]]]}},{"type":"Feature","properties":{"code":"57510","nom":"Noisseville","departement":"57","region":"44","epci":"200039865"},"geometry":{"type":"Polygon","coordinates":[[[6.286,49.145],[6.276,49.129],[6.261,49.124],[6.272,49.14],[6.286,49.145]]]}},{"type":"Feature","properties":{"code":"57511","nom":"Norroy-le-Veneur","departement":"57","region":"44","epci":"200039949"},"geometry":{"type":"Polygon","coordinates":[[[6.088,49.172],[6.068,49.175],[6.058,49.176],[6.055,49.183],[6.071,49.179],[6.098,49.19],[6.151,49.185],[6.131,49.17],[6.088,49.172]]]}},{"type":"Feature","properties":{"code":"57512","nom":"Nouilly","departement":"57","region":"44","epci":"200039865"},"geometry":{"type":"Polygon","coordinates":[[[6.244,49.129],[6.25,49.142],[6.257,49.147],[6.258,49.146],[6.272,49.14],[6.261,49.124],[6.26,49.123],[6.246,49.12],[6.244,49.129]]]}},{"type":"Feature","properties":{"code":"57513","nom":"Nousseviller-lès-Bitche","departement":"57","region":"44","epci":"200069441"},"geometry":{"type":"Polygon","coordinates":[[[7.378,49.087],[7.368,49.088],[7.389,49.111],[7.393,49.1],[7.378,49.087]]]}},{"type":"Feature","properties":{"code":"57514","nom":"Nousseviller-Saint-Nabor","departement":"57","region":"44","epci":"245700372"},"geometry":{"type":"Polygon","coordinates":[[[6.957,49.121],[6.956,49.122],[6.954,49.134],[6.972,49.147],[6.978,49.148],[6.982,49.139],[6.987,49.122],[6.975,49.112],[6.957,49.121]]]}},{"type":"Feature","properties":{"code":"57515","nom":"Novéant-sur-Moselle","departement":"57","region":"44","epci":"200070738"},"geometry":{"type":"Polygon","coordinates":[[[6.045,49.009],[6.013,49.038],[6.023,49.068],[6.057,49.04],[6.07,49.009],[6.045,49.009]]]}},{"type":"Feature","properties":{"code":"57516","nom":"Oberdorff","departement":"57","region":"44","epci":"200067650"},"geometry":{"type":"Polygon","coordinates":[[[6.568,49.288],[6.576,49.291],[6.606,49.274],[6.584,49.261],[6.564,49.271],[6.568,49.288]]]}},{"type":"Feature","properties":{"code":"57517","nom":"Obergailbach","departement":"57","region":"44","epci":"200069441"},"geometry":{"type":"Polygon","coordinates":[[[7.243,49.106],[7.225,49.102],[7.209,49.096],[7.198,49.115],[7.249,49.127],[7.243,49.106]]]}},{"type":"Feature","properties":{"code":"57518","nom":"Oberstinzel","departement":"57","region":"44","epci":"200068146"},"geometry":{"type":"Polygon","coordinates":[[[7.067,48.799],[7.037,48.782],[7.014,48.782],[7.008,48.791],[7.049,48.804],[7.067,48.799]]]}},{"type":"Feature","properties":{"code":"57519","nom":"Obervisse","departement":"57","region":"44","epci":"200067650"},"geometry":{"type":"Polygon","coordinates":[[[6.583,49.164],[6.599,49.152],[6.585,49.143],[6.566,49.143],[6.553,49.143],[6.583,49.164]]]}},{"type":"Feature","properties":{"code":"57520","nom":"Obreck","departement":"57","region":"44","epci":"245701206"},"geometry":{"type":"Polygon","coordinates":[[[6.612,48.846],[6.582,48.843],[6.611,48.861],[6.612,48.846]]]}},{"type":"Feature","properties":{"code":"57521","nom":"Œting","departement":"57","region":"44","epci":"245700372"},"geometry":{"type":"Polygon","coordinates":[[[6.891,49.17],[6.884,49.172],[6.93,49.186],[6.923,49.167],[6.891,49.17]]]}},{"type":"Feature","properties":{"code":"57524","nom":"Ommeray","departement":"57","region":"44","epci":"245701206"},"geometry":{"type":"Polygon","coordinates":[[[6.665,48.709],[6.659,48.717],[6.681,48.736],[6.694,48.732],[6.727,48.707],[6.665,48.709]]]}},{"type":"Feature","properties":{"code":"57525","nom":"Oriocourt","departement":"57","region":"44","epci":"245701206"},"geometry":{"type":"Polygon","coordinates":[[[6.422,48.871],[6.429,48.861],[6.413,48.843],[6.392,48.851],[6.403,48.871],[6.422,48.871]]]}},{"type":"Feature","properties":{"code":"57526","nom":"Ormersviller","departement":"57","region":"44","epci":"200069441"},"geometry":{"type":"Polygon","coordinates":[[[7.365,49.143],[7.333,49.121],[7.304,49.124],[7.33,49.145],[7.363,49.145],[7.365,49.143]]]}},{"type":"Feature","properties":{"code":"57527","nom":"Orny","departement":"57","region":"44","epci":"200039907"},"geometry":{"type":"Polygon","coordinates":[[[6.232,49.022],[6.23,49.03],[6.232,49.044],[6.259,49.042],[6.275,49.029],[6.261,49.015],[6.232,49.022]]]}},{"type":"Feature","properties":{"code":"57528","nom":"Oron","departement":"57","region":"44","epci":"245701206"},"geometry":{"type":"Polygon","coordinates":[[[6.49,48.917],[6.499,48.906],[6.5,48.894],[6.501,48.887],[6.468,48.903],[6.467,48.909],[6.473,48.912],[6.49,48.917]]]}},{"type":"Feature","properties":{"code":"57530","nom":"Ottonville","departement":"57","region":"44","epci":"200067650"},"geometry":{"type":"Polygon","coordinates":[[[6.567,49.212],[6.551,49.205],[6.517,49.198],[6.486,49.204],[6.48,49.21],[6.503,49.228],[6.505,49.237],[6.519,49.24],[6.54,49.229],[6.567,49.212]]]}},{"type":"Feature","properties":{"code":"57531","nom":"Oudrenne","departement":"57","region":"44","epci":"245701354"},"geometry":{"type":"Polygon","coordinates":[[[6.319,49.399],[6.32,49.399],[6.343,49.395],[6.356,49.372],[6.405,49.368],[6.383,49.35],[6.372,49.349],[6.325,49.351],[6.305,49.359],[6.317,49.365],[6.319,49.399]]]}},{"type":"Feature","properties":{"code":"57532","nom":"Pagny-lès-Goin","departement":"57","region":"44","epci":"200039907"},"geometry":{"type":"Polygon","coordinates":[[[6.203,48.957],[6.201,48.972],[6.238,48.976],[6.237,48.959],[6.203,48.957]]]}},{"type":"Feature","properties":{"code":"57533","nom":"Pange","departement":"57","region":"44","epci":"200067957"},"geometry":{"type":"Polygon","coordinates":[[[6.322,49.069],[6.347,49.087],[6.36,49.103],[6.379,49.1],[6.358,49.062],[6.322,49.069]]]}},{"type":"Feature","properties":{"code":"57534","nom":"Peltre","departement":"57","region":"44","epci":"200039865"},"geometry":{"type":"Polygon","coordinates":[[[6.239,49.087],[6.246,49.078],[6.251,49.063],[6.251,49.063],[6.225,49.056],[6.204,49.064],[6.21,49.085],[6.239,49.087]]]}},{"type":"Feature","properties":{"code":"57535","nom":"Petit-Réderching","departement":"57","region":"44","epci":"200069441"},"geometry":{"type":"Polygon","coordinates":[[[7.346,49.069],[7.325,49.038],[7.311,49.035],[7.285,49.057],[7.322,49.069],[7.346,49.069]]]}},{"type":"Feature","properties":{"code":"57536","nom":"Petit-Tenquin","departement":"57","region":"44","epci":"200067502"},"geometry":{"type":"Polygon","coordinates":[[[6.892,48.987],[6.895,48.982],[6.857,48.978],[6.852,48.981],[6.87,48.998],[6.88,48.998],[6.892,48.987]]]}},{"type":"Feature","properties":{"code":"57537","nom":"Petite-Rosselle","departement":"57","region":"44","epci":"245700372"},"geometry":{"type":"Polygon","coordinates":[[[6.885,49.211],[6.851,49.193],[6.836,49.211],[6.859,49.223],[6.885,49.211]]]}},{"type":"Feature","properties":{"code":"57538","nom":"Pettoncourt","departement":"57","region":"44","epci":"245701206"},"geometry":{"type":"Polygon","coordinates":[[[6.433,48.789],[6.395,48.775],[6.387,48.781],[6.394,48.791],[6.424,48.803],[6.433,48.789]]]}},{"type":"Feature","properties":{"code":"57539","nom":"Pévange","departement":"57","region":"44","epci":"245701206"},"geometry":{"type":"Polygon","coordinates":[[[6.605,48.913],[6.636,48.906],[6.619,48.9],[6.608,48.908],[6.605,48.913]]]}},{"type":"Feature","properties":{"code":"57540","nom":"Phalsbourg","departement":"57","region":"44","epci":"245700950"},"geometry":{"type":"Polygon","coordinates":[[[7.291,48.794],[7.29,48.786],[7.275,48.748],[7.252,48.741],[7.24,48.753],[7.242,48.779],[7.291,48.794]]]}},{"type":"Feature","properties":{"code":"57541","nom":"Philippsbourg","departement":"57","region":"44","epci":"200069441"},"geometry":{"type":"Polygon","coordinates":[[[7.584,48.966],[7.58,48.962],[7.562,48.988],[7.503,49.001],[7.571,49.028],[7.606,49.02],[7.593,48.984],[7.584,48.966]]]}},{"type":"Feature","properties":{"code":"57542","nom":"Piblange","departement":"57","region":"44","epci":"200067650"},"geometry":{"type":"Polygon","coordinates":[[[6.419,49.234],[6.399,49.232],[6.389,49.254],[6.416,49.261],[6.448,49.25],[6.439,49.239],[6.419,49.234]]]}},{"type":"Feature","properties":{"code":"57543","nom":"Pierrevillers","departement":"57","region":"44","epci":"245701271"},"geometry":{"type":"Polygon","coordinates":[[[6.069,49.215],[6.08,49.225],[6.115,49.236],[6.117,49.22],[6.069,49.215]]]}},{"type":"Feature","properties":{"code":"57544","nom":"Plaine-de-Walsch","departement":"57","region":"44","epci":"200068146"},"geometry":{"type":"Polygon","coordinates":[[[7.197,48.69],[7.177,48.686],[7.138,48.692],[7.109,48.683],[7.133,48.692],[7.15,48.701],[7.197,48.69]]]}},{"type":"Feature","properties":{"code":"57545","nom":"Plappeville","departement":"57","region":"44","epci":"200039865"},"geometry":{"type":"Polygon","coordinates":[[[6.116,49.126],[6.108,49.134],[6.136,49.138],[6.137,49.129],[6.128,49.123],[6.116,49.126]]]}},{"type":"Feature","properties":{"code":"57546","nom":"Plesnois","departement":"57","region":"44","epci":"200039949"},"geometry":{"type":"Polygon","coordinates":[[[6.131,49.17],[6.124,49.166],[6.088,49.172],[6.131,49.17]]]}},{"type":"Feature","properties":{"code":"57547","nom":"Pommérieux","departement":"57","region":"44","epci":"200039907"},"geometry":{"type":"Polygon","coordinates":[[[6.169,49.005],[6.171,49.007],[6.195,49.007],[6.197,48.997],[6.198,48.986],[6.17,48.987],[6.169,49.005]]]}},{"type":"Feature","properties":{"code":"57548","nom":"Pontoy","departement":"57","region":"44","epci":"200039907"},"geometry":{"type":"Polygon","coordinates":[[[6.281,49],[6.274,49.008],[6.261,49.015],[6.275,49.029],[6.307,49.032],[6.315,49.023],[6.33,49.014],[6.287,48.998],[6.281,49]]]}},{"type":"Feature","properties":{"code":"57549","nom":"Pontpierre","departement":"57","region":"44","epci":"245700133"},"geometry":{"type":"Polygon","coordinates":[[[6.634,49.069],[6.643,49.069],[6.665,49.041],[6.647,49.03],[6.628,49.036],[6.625,49.064],[6.634,49.069]]]}},{"type":"Feature","properties":{"code":"57550","nom":"Porcelette","departement":"57","region":"44","epci":"200067502"},"geometry":{"type":"Polygon","coordinates":[[[6.637,49.163],[6.669,49.183],[6.704,49.153],[6.652,49.145],[6.637,49.163]]]}},{"type":"Feature","properties":{"code":"57551","nom":"Postroff","departement":"57","region":"44","epci":"200068146"},"geometry":{"type":"Polygon","coordinates":[[[7.053,48.847],[7.052,48.849],[7.051,48.859],[7.094,48.863],[7.089,48.848],[7.081,48.847],[7.053,48.847]]]}},{"type":"Feature","properties":{"code":"57552","nom":"Pouilly","departement":"57","region":"44","epci":"200039865"},"geometry":{"type":"Polygon","coordinates":[[[6.18,49.042],[6.177,49.051],[6.173,49.063],[6.204,49.064],[6.225,49.056],[6.225,49.054],[6.18,49.042]]]}},{"type":"Feature","properties":{"code":"57553","nom":"Pournoy-la-Chétive","departement":"57","region":"44","epci":"200039865"},"geometry":{"type":"Polygon","coordinates":[[[6.143,49.009],[6.139,49.02],[6.17,49.023],[6.172,49.022],[6.143,49.009]]]}},{"type":"Feature","properties":{"code":"57554","nom":"Pournoy-la-Grasse","departement":"57","region":"44","epci":"200039907"},"geometry":{"type":"MultiPolygon","coordinates":[[[[6.195,49.007],[6.171,49.007],[6.181,49.02],[6.195,49.007]]],[[[6.23,49.03],[6.232,49.022],[6.228,49.002],[6.224,49],[6.201,49.024],[6.23,49.03]]]]}},{"type":"Feature","properties":{"code":"57555","nom":"Prévocourt","departement":"57","region":"44","epci":"245701206"},"geometry":{"type":"Polygon","coordinates":[[[6.448,48.944],[6.456,48.933],[6.452,48.927],[6.434,48.908],[6.416,48.922],[6.424,48.939],[6.448,48.944]]]}},{"type":"Feature","properties":{"code":"57556","nom":"Puttelange-aux-Lacs","departement":"57","region":"44","epci":"200070746"},"geometry":{"type":"Polygon","coordinates":[[[6.952,49.049],[6.896,49.038],[6.868,49.049],[6.908,49.068],[6.929,49.069],[6.959,49.068],[6.967,49.054],[6.952,49.049]]]}},{"type":"Feature","properties":{"code":"57558","nom":"Puttigny","departement":"57","region":"44","epci":"245701206"},"geometry":{"type":"Polygon","coordinates":[[[6.543,48.86],[6.559,48.863],[6.57,48.844],[6.554,48.83],[6.527,48.826],[6.521,48.83],[6.531,48.836],[6.536,48.84],[6.543,48.86]]]}},{"type":"Feature","properties":{"code":"57559","nom":"Puzieux","departement":"57","region":"44","epci":"245701206"},"geometry":{"type":"Polygon","coordinates":[[[6.356,48.875],[6.346,48.888],[6.364,48.907],[6.376,48.898],[6.356,48.875]]]}},{"type":"Feature","properties":{"code":"57560","nom":"Racrange","departement":"57","region":"44","epci":"200067502"},"geometry":{"type":"Polygon","coordinates":[[[6.681,48.912],[6.668,48.913],[6.675,48.938],[6.692,48.938],[6.703,48.921],[6.681,48.912]]]}},{"type":"Feature","properties":{"code":"57561","nom":"Rahling","departement":"57","region":"44","epci":"200069441"},"geometry":{"type":"Polygon","coordinates":[[[7.202,49.015],[7.208,49.02],[7.267,49.007],[7.296,48.974],[7.294,48.972],[7.236,48.988],[7.209,48.98],[7.186,48.994],[7.202,49.015]]]}},{"type":"Feature","properties":{"code":"57562","nom":"Ranguevaux","departement":"57","region":"44","epci":"245701222"},"geometry":{"type":"Polygon","coordinates":[[[6.021,49.291],[6.049,49.314],[6.071,49.313],[6.073,49.287],[6.064,49.281],[6.045,49.273],[6.04,49.274],[6.021,49.291]]]}},{"type":"Feature","properties":{"code":"57563","nom":"Raville","departement":"57","region":"44","epci":"200067957"},"geometry":{"type":"Polygon","coordinates":[[[6.446,49.095],[6.448,49.1],[6.496,49.104],[6.496,49.085],[6.483,49.073],[6.446,49.095]]]}},{"type":"Feature","properties":{"code":"57564","nom":"Réchicourt-le-Château","departement":"57","region":"44","epci":"200068146"},"geometry":{"type":"Polygon","coordinates":[[[6.803,48.692],[6.829,48.706],[6.855,48.709],[6.857,48.694],[6.888,48.663],[6.843,48.643],[6.802,48.677],[6.803,48.692]]]}},{"type":"Feature","properties":{"code":"57566","nom":"Réding","departement":"57","region":"44","epci":"200068146"},"geometry":{"type":"Polygon","coordinates":[[[7.133,48.76],[7.131,48.757],[7.116,48.73],[7.109,48.729],[7.085,48.741],[7.072,48.757],[7.091,48.763],[7.118,48.769],[7.133,48.76]]]}},{"type":"Feature","properties":{"code":"57567","nom":"Rémelfang","departement":"57","region":"44","epci":"200067486"},"geometry":{"type":"Polygon","coordinates":[[[6.532,49.26],[6.527,49.257],[6.493,49.272],[6.5,49.281],[6.532,49.26]]]}},{"type":"Feature","properties":{"code":"57568","nom":"Rémelfing","departement":"57","region":"44","epci":"200070746"},"geometry":{"type":"Polygon","coordinates":[[[7.07,49.087],[7.091,49.094],[7.097,49.083],[7.07,49.087]]]}},{"type":"Feature","properties":{"code":"57570","nom":"Rémering","departement":"57","region":"44","epci":"200067650"},"geometry":{"type":"Polygon","coordinates":[[[6.646,49.254],[6.642,49.246],[6.617,49.253],[6.614,49.267],[6.633,49.274],[6.646,49.254]]]}},{"type":"Feature","properties":{"code":"57571","nom":"Rémering-lès-Puttelange","departement":"57","region":"44","epci":"200070746"},"geometry":{"type":"Polygon","coordinates":[[[6.946,49.025],[6.941,49.023],[6.913,49.023],[6.896,49.038],[6.952,49.049],[6.962,49.035],[6.946,49.025]]]}},{"type":"Feature","properties":{"code":"57572","nom":"Rémilly","departement":"57","region":"44","epci":"200039907"},"geometry":{"type":"Polygon","coordinates":[[[6.439,48.986],[6.423,48.984],[6.419,48.983],[6.363,49.001],[6.332,49.004],[6.338,49.012],[6.354,49.028],[6.386,49.021],[6.4,49.023],[6.424,49.017],[6.432,49.008],[6.433,48.996],[6.439,48.986]]]}},{"type":"Feature","properties":{"code":"57573","nom":"Réning","departement":"57","region":"44","epci":"245701206"},"geometry":{"type":"Polygon","coordinates":[[[6.827,48.955],[6.858,48.962],[6.864,48.947],[6.833,48.936],[6.827,48.955]]]}},{"type":"Feature","properties":{"code":"57575","nom":"Retonfey","departement":"57","region":"44","epci":"200067957"},"geometry":{"type":"Polygon","coordinates":[[[6.345,49.119],[6.327,49.119],[6.276,49.129],[6.286,49.145],[6.295,49.145],[6.327,49.15],[6.351,49.132],[6.358,49.129],[6.345,49.119]]]}},{"type":"Feature","properties":{"code":"57577","nom":"Reyersviller","departement":"57","region":"44","epci":"200069441"},"geometry":{"type":"Polygon","coordinates":[[[7.385,49.059],[7.39,49.061],[7.417,49.037],[7.414,49.021],[7.39,49.023],[7.375,49.04],[7.385,49.059]]]}},{"type":"Feature","properties":{"code":"57578","nom":"Rezonville-Vionville","departement":"57","region":"44","epci":"200070738"},"geometry":{"type":"Polygon","coordinates":[[[6.006,49.113],[6.009,49.102],[6.005,49.085],[5.952,49.062],[5.935,49.072],[5.928,49.1],[5.931,49.109],[5.948,49.109],[6.006,49.113]]]}},{"type":"Feature","properties":{"code":"57579","nom":"Rhodes","departement":"57","region":"44","epci":"200068146"},"geometry":{"type":"Polygon","coordinates":[[[6.93,48.775],[6.934,48.752],[6.916,48.729],[6.875,48.755],[6.88,48.767],[6.93,48.775]]]}},{"type":"Feature","properties":{"code":"57580","nom":"Riche","departement":"57","region":"44","epci":"245701206"},"geometry":{"type":"Polygon","coordinates":[[[6.636,48.906],[6.649,48.9],[6.648,48.879],[6.621,48.873],[6.619,48.9],[6.636,48.906]]]}},{"type":"Feature","properties":{"code":"57581","nom":"Richeling","departement":"57","region":"44","epci":"200070746"},"geometry":{"type":"Polygon","coordinates":[[[6.962,49.035],[7.002,49.041],[6.994,49.036],[6.946,49.025],[6.962,49.035]]]}},{"type":"Feature","properties":{"code":"57582","nom":"Richemont","departement":"57","region":"44","epci":"200039949"},"geometry":{"type":"Polygon","coordinates":[[[6.166,49.301],[6.184,49.286],[6.181,49.273],[6.158,49.266],[6.154,49.27],[6.145,49.282],[6.134,49.291],[6.166,49.301]]]}},{"type":"Feature","properties":{"code":"57583","nom":"Richeval","departement":"57","region":"44","epci":"200068146"},"geometry":{"type":"Polygon","coordinates":[[[6.893,48.625],[6.889,48.627],[6.92,48.646],[6.939,48.643],[6.93,48.636],[6.906,48.62],[6.893,48.625]]]}},{"type":"Feature","properties":{"code":"57584","nom":"Rimling","departement":"57","region":"44","epci":"200069441"},"geometry":{"type":"Polygon","coordinates":[[[7.245,49.075],[7.225,49.102],[7.243,49.106],[7.29,49.108],[7.303,49.099],[7.245,49.075]]]}},{"type":"Feature","properties":{"code":"57587","nom":"Rodalbe","departement":"57","region":"44","epci":"245701206"},"geometry":{"type":"Polygon","coordinates":[[[6.681,48.912],[6.703,48.921],[6.734,48.925],[6.742,48.928],[6.736,48.905],[6.71,48.891],[6.69,48.902],[6.681,48.912]]]}},{"type":"Feature","properties":{"code":"57589","nom":"Rohrbach-lès-Bitche","departement":"57","region":"44","epci":"200069441"},"geometry":{"type":"Polygon","coordinates":[[[7.292,49.017],[7.256,49.043],[7.232,49.048],[7.247,49.057],[7.285,49.057],[7.311,49.035],[7.292,49.017]]]}},{"type":"Feature","properties":{"code":"57590","nom":"Rolbing","departement":"57","region":"44","epci":"200069441"},"geometry":{"type":"Polygon","coordinates":[[[7.457,49.164],[7.456,49.163],[7.421,49.161],[7.382,49.175],[7.436,49.18],[7.457,49.164]]]}},{"type":"Feature","properties":{"code":"57591","nom":"Rombas","departement":"57","region":"44","epci":"245701271"},"geometry":{"type":"Polygon","coordinates":[[[6.052,49.231],[6.061,49.25],[6.083,49.256],[6.106,49.261],[6.112,49.263],[6.124,49.242],[6.115,49.236],[6.08,49.225],[6.052,49.231]]]}},{"type":"Feature","properties":{"code":"57592","nom":"Romelfing","departement":"57","region":"44","epci":"200068146"},"geometry":{"type":"Polygon","coordinates":[[[6.968,48.835],[6.966,48.854],[6.996,48.836],[7.054,48.836],[7.047,48.821],[7.021,48.821],[6.968,48.835]]]}},{"type":"Feature","properties":{"code":"57593","nom":"Roncourt","departement":"57","region":"44","epci":"200039865"},"geometry":{"type":"Polygon","coordinates":[[[6.068,49.185],[6.058,49.19],[6.026,49.196],[6.019,49.208],[6.04,49.211],[6.067,49.21],[6.085,49.2],[6.068,49.185]]]}},{"type":"Feature","properties":{"code":"57594","nom":"Roppeviller","departement":"57","region":"44","epci":"200069441"},"geometry":{"type":"Polygon","coordinates":[[[7.554,49.055],[7.52,49.09],[7.482,49.099],[7.482,49.115],[7.524,49.106],[7.559,49.082],[7.555,49.055],[7.554,49.055]]]}},{"type":"Feature","properties":{"code":"57595","nom":"Rorbach-lès-Dieuze","departement":"57","region":"44","epci":"245701206"},"geometry":{"type":"Polygon","coordinates":[[[6.86,48.822],[6.862,48.819],[6.829,48.822],[6.815,48.835],[6.855,48.839],[6.86,48.822]]]}},{"type":"Feature","properties":{"code":"57596","nom":"Rosbruck","departement":"57","region":"44","epci":"245700372"},"geometry":{"type":"Polygon","coordinates":[[[6.865,49.155],[6.844,49.156],[6.845,49.162],[6.865,49.155]]]}},{"type":"Feature","properties":{"code":"57597","nom":"Rosselange","departement":"57","region":"44","epci":"245701271"},"geometry":{"type":"Polygon","coordinates":[[[6.066,49.272],[6.083,49.256],[6.061,49.25],[6.045,49.273],[6.064,49.281],[6.066,49.272]]]}},{"type":"Feature","properties":{"code":"57598","nom":"Rouhling","departement":"57","region":"44","epci":"200070746"},"geometry":{"type":"Polygon","coordinates":[[[6.987,49.122],[6.982,49.139],[7.003,49.144],[7.024,49.125],[7.012,49.12],[7.001,49.12],[6.987,49.122]]]}},{"type":"Feature","properties":{"code":"57599","nom":"Roupeldange","departement":"57","region":"44","epci":"200067650"},"geometry":{"type":"Polygon","coordinates":[[[6.469,49.198],[6.462,49.199],[6.462,49.215],[6.467,49.219],[6.48,49.21],[6.486,49.204],[6.469,49.198]]]}},{"type":"Feature","properties":{"code":"57601","nom":"Rozérieulles","departement":"57","region":"44","epci":"200039865"},"geometry":{"type":"Polygon","coordinates":[[[6.043,49.116],[6.022,49.125],[6.034,49.138],[6.059,49.117],[6.099,49.11],[6.088,49.105],[6.043,49.116]]]}},{"type":"Feature","properties":{"code":"57602","nom":"Rurange-lès-Thionville","departement":"57","region":"44","epci":"245701354"},"geometry":{"type":"Polygon","coordinates":[[[6.211,49.249],[6.207,49.259],[6.22,49.285],[6.24,49.294],[6.249,49.276],[6.262,49.273],[6.24,49.254],[6.211,49.249]]]}},{"type":"Feature","properties":{"code":"57605","nom":"Sailly-Achâtel","departement":"57","region":"44","epci":"200039907"},"geometry":{"type":"Polygon","coordinates":[[[6.319,48.96],[6.319,48.96],[6.323,48.933],[6.288,48.928],[6.277,48.928],[6.271,48.933],[6.298,48.955],[6.319,48.96]]]}},{"type":"Feature","properties":{"code":"57606","nom":"Saint-Avold","departement":"57","region":"44","epci":"200067502"},"geometry":{"type":"Polygon","coordinates":[[[6.659,49.089],[6.64,49.097],[6.698,49.11],[6.684,49.133],[6.642,49.141],[6.652,49.145],[6.704,49.153],[6.709,49.155],[6.712,49.156],[6.748,49.166],[6.773,49.167],[6.775,49.145],[6.761,49.119],[6.726,49.098],[6.664,49.09],[6.659,49.089]]]}},{"type":"Feature","properties":{"code":"57607","nom":"Sainte-Barbe","departement":"57","region":"44","epci":"200067957"},"geometry":{"type":"Polygon","coordinates":[[[6.308,49.185],[6.311,49.186],[6.351,49.173],[6.354,49.161],[6.355,49.153],[6.327,49.15],[6.295,49.145],[6.285,49.158],[6.296,49.175],[6.308,49.185]]]}},{"type":"Feature","properties":{"code":"57609","nom":"Saint-Epvre","departement":"57","region":"44","epci":"245701206"},"geometry":{"type":"Polygon","coordinates":[[[6.414,48.955],[6.416,48.965],[6.423,48.984],[6.439,48.986],[6.445,48.979],[6.451,48.973],[6.439,48.961],[6.414,48.955]]]}},{"type":"Feature","properties":{"code":"57610","nom":"Saint-François-Lacroix","departement":"57","region":"44","epci":"200067486"},"geometry":{"type":"Polygon","coordinates":[[[6.476,49.359],[6.473,49.349],[6.442,49.331],[6.424,49.327],[6.42,49.331],[6.43,49.355],[6.476,49.359]]]}},{"type":"Feature","properties":{"code":"57611","nom":"Saint-Georges","departement":"57","region":"44","epci":"200068146"},"geometry":{"type":"Polygon","coordinates":[[[6.951,48.649],[6.939,48.643],[6.92,48.646],[6.898,48.666],[6.937,48.671],[6.951,48.66],[6.951,48.649]]]}},{"type":"Feature","properties":{"code":"57612","nom":"Saint-Hubert","departement":"57","region":"44","epci":"200067957"},"geometry":{"type":"Polygon","coordinates":[[[6.38,49.258],[6.397,49.26],[6.389,49.254],[6.399,49.232],[6.383,49.222],[6.378,49.22],[6.355,49.207],[6.324,49.225],[6.34,49.24],[6.38,49.258]]]}},{"type":"Feature","properties":{"code":"57613","nom":"Saint-Jean-de-Bassel","departement":"57","region":"44","epci":"200068146"},"geometry":{"type":"Polygon","coordinates":[[[6.947,48.792],[6.946,48.792],[6.93,48.808],[6.932,48.831],[6.935,48.832],[6.977,48.808],[7.005,48.807],[6.947,48.792]]]}},{"type":"Feature","properties":{"code":"57614","nom":"Saint-Jean-Kourtzerode","departement":"57","region":"44","epci":"245700950"},"geometry":{"type":"Polygon","coordinates":[[[7.209,48.747],[7.208,48.748],[7.185,48.752],[7.185,48.767],[7.213,48.763],[7.209,48.747]]]}},{"type":"Feature","properties":{"code":"57615","nom":"Saint-Jean-Rohrbach","departement":"57","region":"44","epci":"200070746"},"geometry":{"type":"Polygon","coordinates":[[[6.861,49.013],[6.856,49.046],[6.868,49.049],[6.896,49.038],[6.913,49.023],[6.882,49.008],[6.861,49.013]]]}},{"type":"Feature","properties":{"code":"57616","nom":"Saint-Julien-lès-Metz","departement":"57","region":"44","epci":"200039865"},"geometry":{"type":"Polygon","coordinates":[[[6.199,49.144],[6.203,49.151],[6.224,49.148],[6.232,49.145],[6.219,49.138],[6.199,49.144]]]}},{"type":"Feature","properties":{"code":"57617","nom":"Saint-Jure","departement":"57","region":"44","epci":"200039907"},"geometry":{"type":"Polygon","coordinates":[[[6.263,48.934],[6.237,48.925],[6.206,48.939],[6.203,48.957],[6.237,48.959],[6.247,48.956],[6.263,48.934]]]}},{"type":"Feature","properties":{"code":"57618","nom":"Saint-Louis","departement":"57","region":"44","epci":"245700950"},"geometry":{"type":"Polygon","coordinates":[[[7.215,48.706],[7.202,48.694],[7.173,48.709],[7.187,48.725],[7.224,48.719],[7.215,48.706]]]}},{"type":"Feature","properties":{"code":"57619","nom":"Saint-Louis-lès-Bitche","departement":"57","region":"44","epci":"200069441"},"geometry":{"type":"Polygon","coordinates":[[[7.338,48.996],[7.345,49],[7.375,48.997],[7.362,48.971],[7.326,48.986],[7.338,48.996]]]}},{"type":"Feature","properties":{"code":"57620","nom":"Sainte-Marie-aux-Chênes","departement":"57","region":"44","epci":"245701271"},"geometry":{"type":"Polygon","coordinates":[[[5.979,49.193],[5.979,49.195],[5.988,49.21],[6.003,49.209],[6.019,49.208],[6.026,49.196],[6.039,49.174],[6.031,49.168],[5.985,49.185],[5.979,49.193]]]}},{"type":"Feature","properties":{"code":"57621","nom":"Saint-Médard","departement":"57","region":"44","epci":"245701206"},"geometry":{"type":"Polygon","coordinates":[[[6.623,48.791],[6.62,48.824],[6.646,48.836],[6.655,48.836],[6.663,48.828],[6.643,48.792],[6.623,48.791]]]}},{"type":"Feature","properties":{"code":"57622","nom":"Saint-Privat-la-Montagne","departement":"57","region":"44","epci":"200039865"},"geometry":{"type":"Polygon","coordinates":[[[6.026,49.196],[6.058,49.19],[6.055,49.183],[6.058,49.176],[6.039,49.174],[6.026,49.196]]]}},{"type":"Feature","properties":{"code":"57623","nom":"Saint-Quirin","departement":"57","region":"44","epci":"200068146"},"geometry":{"type":"Polygon","coordinates":[[[7.086,48.637],[7.128,48.614],[7.128,48.591],[7.201,48.553],[7.187,48.537],[7.169,48.529],[7.157,48.543],[7.123,48.55],[7.098,48.569],[7.065,48.575],[7.045,48.619],[7.063,48.634],[7.086,48.637]]]}},{"type":"Feature","properties":{"code":"57624","nom":"Sainte-Ruffine","departement":"57","region":"44","epci":"200039865"},"geometry":{"type":"Polygon","coordinates":[[[6.099,49.11],[6.1,49.109],[6.096,49.102],[6.088,49.105],[6.099,49.11]]]}},{"type":"Feature","properties":{"code":"57625","nom":"Salonnes","departement":"57","region":"44","epci":"245701206"},"geometry":{"type":"Polygon","coordinates":[[[6.529,48.809],[6.534,48.804],[6.491,48.765],[6.461,48.768],[6.475,48.785],[6.471,48.811],[6.529,48.809]]]}},{"type":"Feature","properties":{"code":"57626","nom":"Sanry-lès-Vigy","departement":"57","region":"44","epci":"200067957"},"geometry":{"type":"Polygon","coordinates":[[[6.271,49.197],[6.308,49.185],[6.296,49.175],[6.272,49.173],[6.253,49.188],[6.271,49.197]]]}},{"type":"Feature","properties":{"code":"57627","nom":"Sanry-sur-Nied","departement":"57","region":"44","epci":"200067957"},"geometry":{"type":"Polygon","coordinates":[[[6.321,49.062],[6.322,49.069],[6.358,49.062],[6.365,49.061],[6.348,49.047],[6.347,49.039],[6.334,49.038],[6.329,49.052],[6.321,49.062]]]}},{"type":"Feature","properties":{"code":"57628","nom":"Sarralbe","departement":"57","region":"44","epci":"200070746"},"geometry":{"type":"Polygon","coordinates":[[[6.996,48.969],[6.98,48.998],[6.994,49.036],[7.002,49.041],[7.013,49.031],[7.052,49.009],[7.047,49],[7.032,48.956],[7.026,48.956],[7.019,48.958],[6.993,48.961],[6.996,48.969]]]}},{"type":"Feature","properties":{"code":"57629","nom":"Sarraltroff","departement":"57","region":"44","epci":"200068146"},"geometry":{"type":"Polygon","coordinates":[[[7.037,48.782],[7.067,48.799],[7.079,48.786],[7.091,48.763],[7.072,48.757],[7.039,48.759],[7.037,48.782]]]}},{"type":"Feature","properties":{"code":"57630","nom":"Sarrebourg","departement":"57","region":"44","epci":"200068146"},"geometry":{"type":"Polygon","coordinates":[[[7.018,48.731],[7.01,48.736],[7.036,48.758],[7.039,48.759],[7.072,48.757],[7.085,48.741],[7.053,48.725],[7.045,48.708],[7.037,48.706],[7.018,48.731]]]}},{"type":"Feature","properties":{"code":"57631","nom":"Sarreguemines","departement":"57","region":"44","epci":"200070746"},"geometry":{"type":"Polygon","coordinates":[[[7.13,49.128],[7.129,49.103],[7.091,49.094],[7.07,49.087],[7.04,49.081],[7.034,49.092],[7.006,49.097],[7.012,49.12],[7.024,49.125],[7.046,49.129],[7.067,49.115],[7.09,49.132],[7.097,49.132],[7.13,49.128]]]}},{"type":"Feature","properties":{"code":"57633","nom":"Sarreinsming","departement":"57","region":"44","epci":"200070746"},"geometry":{"type":"Polygon","coordinates":[[[7.129,49.103],[7.144,49.097],[7.145,49.082],[7.099,49.078],[7.097,49.083],[7.091,49.094],[7.129,49.103]]]}},{"type":"Feature","properties":{"code":"57634","nom":"Saulny","departement":"57","region":"44","epci":"200039865"},"geometry":{"type":"Polygon","coordinates":[[[6.124,49.166],[6.133,49.152],[6.073,49.155],[6.068,49.175],[6.088,49.172],[6.124,49.166]]]}},{"type":"Feature","properties":{"code":"57635","nom":"Schalbach","departement":"57","region":"44","epci":"200068146"},"geometry":{"type":"Polygon","coordinates":[[[7.133,48.796],[7.127,48.801],[7.139,48.817],[7.149,48.845],[7.174,48.842],[7.18,48.81],[7.159,48.809],[7.159,48.807],[7.133,48.796]]]}},{"type":"Feature","properties":{"code":"57636","nom":"Schmittviller","departement":"57","region":"44","epci":"200069441"},"geometry":{"type":"Polygon","coordinates":[[[7.202,49.015],[7.186,48.994],[7.174,49.006],[7.177,49.017],[7.202,49.015]]]}},{"type":"Feature","properties":{"code":"57637","nom":"Schneckenbusch","departement":"57","region":"44","epci":"200068146"},"geometry":{"type":"Polygon","coordinates":[[[7.075,48.688],[7.087,48.709],[7.087,48.681],[7.075,48.688]]]}},{"type":"Feature","properties":{"code":"57638","nom":"Schœneck","departement":"57","region":"44","epci":"245700372"},"geometry":{"type":"Polygon","coordinates":[[[6.922,49.202],[6.895,49.21],[6.919,49.223],[6.944,49.214],[6.922,49.202]]]}},{"type":"Feature","properties":{"code":"57639","nom":"Schorbach","departement":"57","region":"44","epci":"200069441"},"geometry":{"type":"Polygon","coordinates":[[[7.425,49.098],[7.44,49.079],[7.391,49.061],[7.378,49.087],[7.393,49.1],[7.425,49.098]]]}},{"type":"Feature","properties":{"code":"57641","nom":"Schweyen","departement":"57","region":"44","epci":"200069441"},"geometry":{"type":"Polygon","coordinates":[[[7.456,49.163],[7.429,49.153],[7.408,49.147],[7.362,49.148],[7.382,49.175],[7.421,49.161],[7.456,49.163]]]}},{"type":"Feature","properties":{"code":"57642","nom":"Scy-Chazelles","departement":"57","region":"44","epci":"200039865"},"geometry":{"type":"Polygon","coordinates":[[[6.1,49.114],[6.116,49.126],[6.128,49.123],[6.132,49.121],[6.143,49.111],[6.127,49.104],[6.106,49.109],[6.1,49.114]]]}},{"type":"Feature","properties":{"code":"57643","nom":"Secourt","departement":"57","region":"44","epci":"200039907"},"geometry":{"type":"Polygon","coordinates":[[[6.271,48.933],[6.263,48.934],[6.247,48.956],[6.272,48.963],[6.298,48.955],[6.271,48.933]]]}},{"type":"Feature","properties":{"code":"57644","nom":"Seingbouse","departement":"57","region":"44","epci":"245700398"},"geometry":{"type":"Polygon","coordinates":[[[6.852,49.089],[6.849,49.089],[6.828,49.086],[6.827,49.093],[6.811,49.116],[6.828,49.129],[6.846,49.122],[6.848,49.107],[6.852,49.089]]]}},{"type":"Feature","properties":{"code":"57645","nom":"Semécourt","departement":"57","region":"44","epci":"200039949"},"geometry":{"type":"Polygon","coordinates":[[[6.151,49.19],[6.121,49.199],[6.137,49.206],[6.151,49.19]]]}},{"type":"Feature","properties":{"code":"57647","nom":"Serémange-Erzange","departement":"57","region":"44","epci":"245701222"},"geometry":{"type":"Polygon","coordinates":[[[6.095,49.314],[6.086,49.329],[6.105,49.316],[6.095,49.314]]]}},{"type":"Feature","properties":{"code":"57648","nom":"Servigny-lès-Raville","departement":"57","region":"44","epci":"200067957"},"geometry":{"type":"Polygon","coordinates":[[[6.483,49.073],[6.483,49.067],[6.417,49.066],[6.401,49.076],[6.424,49.099],[6.446,49.095],[6.483,49.073]]]}},{"type":"Feature","properties":{"code":"57649","nom":"Servigny-lès-Sainte-Barbe","departement":"57","region":"44","epci":"200067957"},"geometry":{"type":"Polygon","coordinates":[[[6.286,49.145],[6.272,49.14],[6.258,49.146],[6.285,49.158],[6.295,49.145],[6.286,49.145]]]}},{"type":"Feature","properties":{"code":"57651","nom":"Siersthal","departement":"57","region":"44","epci":"200069441"},"geometry":{"type":"Polygon","coordinates":[[[7.325,49.038],[7.346,49.069],[7.385,49.059],[7.375,49.04],[7.338,49.028],[7.325,49.038]]]}},{"type":"Feature","properties":{"code":"57652","nom":"Sillegny","departement":"57","region":"44","epci":"200039907"},"geometry":{"type":"Polygon","coordinates":[[[6.116,48.996],[6.122,48.999],[6.169,49.005],[6.17,48.987],[6.151,48.968],[6.13,48.981],[6.116,48.996]]]}},{"type":"Feature","properties":{"code":"57653","nom":"Silly-en-Saulnois","departement":"57","region":"44","epci":"200039907"},"geometry":{"type":"Polygon","coordinates":[[[6.281,49],[6.287,48.998],[6.294,48.992],[6.272,48.984],[6.281,49]]]}},{"type":"Feature","properties":{"code":"57654","nom":"Silly-sur-Nied","departement":"57","region":"44","epci":"200067957"},"geometry":{"type":"Polygon","coordinates":[[[6.345,49.119],[6.358,49.129],[6.383,49.136],[6.386,49.119],[6.357,49.112],[6.345,49.119]]]}},{"type":"Feature","properties":{"code":"57655","nom":"Solgne","departement":"57","region":"44","epci":"200039907"},"geometry":{"type":"Polygon","coordinates":[[[6.273,48.966],[6.307,48.984],[6.319,48.96],[6.298,48.955],[6.272,48.963],[6.273,48.966]]]}},{"type":"Feature","properties":{"code":"57656","nom":"Sorbey","departement":"57","region":"44","epci":"200067957"},"geometry":{"type":"Polygon","coordinates":[[[6.315,49.023],[6.307,49.032],[6.297,49.042],[6.329,49.052],[6.334,49.038],[6.315,49.023]]]}},{"type":"Feature","properties":{"code":"57657","nom":"Sotzeling","departement":"57","region":"44","epci":"245701206"},"geometry":{"type":"Polygon","coordinates":[[[6.618,48.868],[6.621,48.873],[6.648,48.879],[6.657,48.87],[6.618,48.868]]]}},{"type":"Feature","properties":{"code":"57658","nom":"Soucht","departement":"57","region":"44","epci":"200069441"},"geometry":{"type":"Polygon","coordinates":[[[7.327,48.943],[7.29,48.956],[7.291,48.967],[7.294,48.972],[7.296,48.974],[7.321,48.98],[7.355,48.955],[7.355,48.954],[7.327,48.943]]]}},{"type":"Feature","properties":{"code":"57659","nom":"Spicheren","departement":"57","region":"44","epci":"245700372"},"geometry":{"type":"Polygon","coordinates":[[[6.944,49.191],[6.946,49.201],[6.954,49.206],[6.999,49.194],[6.981,49.18],[6.944,49.191]]]}},{"type":"Feature","properties":{"code":"57660","nom":"Stiring-Wendel","departement":"57","region":"44","epci":"245700372"},"geometry":{"type":"Polygon","coordinates":[[[6.922,49.202],[6.944,49.214],[6.954,49.206],[6.946,49.201],[6.922,49.202]]]}},{"type":"Feature","properties":{"code":"57661","nom":"Sturzelbronn","departement":"57","region":"44","epci":"200069441"},"geometry":{"type":"Polygon","coordinates":[[[7.552,49.039],[7.555,49.055],[7.559,49.082],[7.601,49.083],[7.63,49.074],[7.635,49.054],[7.626,49.034],[7.606,49.02],[7.571,49.028],[7.552,49.039]]]}},{"type":"Feature","properties":{"code":"57662","nom":"Suisse","departement":"57","region":"44","epci":"200067502"},"geometry":{"type":"Polygon","coordinates":[[[6.597,48.971],[6.594,48.964],[6.566,48.954],[6.565,48.971],[6.579,48.982],[6.597,48.971]]]}},{"type":"Feature","properties":{"code":"57663","nom":"Talange","departement":"57","region":"44","epci":"200039949"},"geometry":{"type":"Polygon","coordinates":[[[6.189,49.239],[6.188,49.233],[6.168,49.223],[6.163,49.228],[6.174,49.248],[6.189,49.239]]]}},{"type":"Feature","properties":{"code":"57664","nom":"Tarquimpol","departement":"57","region":"44","epci":"245701206"},"geometry":{"type":"Polygon","coordinates":[[[6.737,48.786],[6.771,48.795],[6.784,48.788],[6.763,48.766],[6.737,48.786]]]}},{"type":"Feature","properties":{"code":"57665","nom":"Tenteling","departement":"57","region":"44","epci":"245700372"},"geometry":{"type":"Polygon","coordinates":[[[6.909,49.133],[6.916,49.133],[6.954,49.134],[6.956,49.122],[6.911,49.108],[6.909,49.133]]]}},{"type":"Feature","properties":{"code":"57666","nom":"Terville","departement":"57","region":"44","epci":"245701362"},"geometry":{"type":"Polygon","coordinates":[[[6.135,49.333],[6.116,49.346],[6.13,49.358],[6.146,49.352],[6.135,49.333]]]}},{"type":"Feature","properties":{"code":"57667","nom":"Téterchen","departement":"57","region":"44","epci":"200067650"},"geometry":{"type":"Polygon","coordinates":[[[6.571,49.246],[6.585,49.241],[6.599,49.231],[6.576,49.215],[6.567,49.212],[6.54,49.229],[6.563,49.246],[6.571,49.246]]]}},{"type":"Feature","properties":{"code":"57668","nom":"Teting-sur-Nied","departement":"57","region":"44","epci":"245700133"},"geometry":{"type":"Polygon","coordinates":[[[6.643,49.069],[6.659,49.078],[6.699,49.05],[6.697,49.038],[6.665,49.041],[6.643,49.069]]]}},{"type":"Feature","properties":{"code":"57669","nom":"Théding","departement":"57","region":"44","epci":"245700372"},"geometry":{"type":"Polygon","coordinates":[[[6.911,49.108],[6.91,49.108],[6.891,49.113],[6.866,49.131],[6.867,49.153],[6.909,49.133],[6.911,49.108]]]}},{"type":"Feature","properties":{"code":"57670","nom":"Thicourt","departement":"57","region":"44","epci":"245700133"},"geometry":{"type":"Polygon","coordinates":[[[6.559,49.005],[6.56,49.005],[6.587,48.997],[6.58,48.989],[6.551,48.979],[6.545,48.975],[6.537,48.99],[6.559,49.005]]]}},{"type":"Feature","properties":{"code":"57671","nom":"Thimonville","departement":"57","region":"44","epci":"200039907"},"geometry":{"type":"Polygon","coordinates":[[[6.378,48.928],[6.373,48.942],[6.406,48.962],[6.416,48.965],[6.414,48.955],[6.409,48.944],[6.385,48.925],[6.383,48.924],[6.378,48.928]]]}},{"type":"Feature","properties":{"code":"57672","nom":"Thionville","departement":"57","region":"44","epci":"245701362"},"geometry":{"type":"MultiPolygon","coordinates":[[[[6.17,49.339],[6.153,49.33],[6.135,49.333],[6.146,49.352],[6.13,49.358],[6.116,49.346],[6.091,49.348],[6.06,49.358],[6.058,49.359],[6.058,49.384],[6.079,49.397],[6.094,49.414],[6.128,49.409],[6.142,49.392],[6.142,49.377],[6.187,49.365],[6.17,49.339]]],[[[6.175,49.415],[6.233,49.389],[6.206,49.388],[6.17,49.393],[6.175,49.415]]]]}},{"type":"Feature","properties":{"code":"57673","nom":"Thonville","departement":"57","region":"44","epci":"245700133"},"geometry":{"type":"Polygon","coordinates":[[[6.58,48.989],[6.579,48.982],[6.565,48.971],[6.551,48.979],[6.58,48.989]]]}},{"type":"Feature","properties":{"code":"57674","nom":"Tincry","departement":"57","region":"44","epci":"245701206"},"geometry":{"type":"Polygon","coordinates":[[[6.383,48.924],[6.385,48.925],[6.416,48.922],[6.434,48.908],[6.435,48.903],[6.411,48.891],[6.396,48.897],[6.383,48.924]]]}},{"type":"Feature","properties":{"code":"57675","nom":"Torcheville","departement":"57","region":"44","epci":"245701206"},"geometry":{"type":"Polygon","coordinates":[[[6.866,48.898],[6.849,48.893],[6.837,48.889],[6.834,48.905],[6.831,48.916],[6.867,48.909],[6.866,48.898]]]}},{"type":"Feature","properties":{"code":"57676","nom":"Tragny","departement":"57","region":"44","epci":"200039907"},"geometry":{"type":"Polygon","coordinates":[[[6.355,48.943],[6.358,48.955],[6.365,48.967],[6.393,48.966],[6.406,48.962],[6.373,48.942],[6.355,48.943]]]}},{"type":"Feature","properties":{"code":"57677","nom":"Trémery","departement":"57","region":"44","epci":"200039949"},"geometry":{"type":"Polygon","coordinates":[[[6.262,49.273],[6.28,49.263],[6.242,49.252],[6.228,49.237],[6.21,49.235],[6.211,49.249],[6.24,49.254],[6.262,49.273]]]}},{"type":"Feature","properties":{"code":"57679","nom":"Tritteling-Redlach","departement":"57","region":"44","epci":"245700133"},"geometry":{"type":"Polygon","coordinates":[[[6.601,49.085],[6.601,49.086],[6.628,49.093],[6.634,49.069],[6.625,49.064],[6.601,49.085]]]}},{"type":"Feature","properties":{"code":"57680","nom":"Troisfontaines","departement":"57","region":"44","epci":"200068146"},"geometry":{"type":"Polygon","coordinates":[[[7.136,48.649],[7.123,48.645],[7.094,48.66],[7.104,48.683],[7.109,48.683],[7.138,48.692],[7.177,48.686],[7.156,48.68],[7.135,48.675],[7.136,48.649]]]}},{"type":"Feature","properties":{"code":"57681","nom":"Tromborn","departement":"57","region":"44","epci":"200067650"},"geometry":{"type":"Polygon","coordinates":[[[6.585,49.241],[6.571,49.246],[6.584,49.261],[6.606,49.274],[6.615,49.279],[6.614,49.267],[6.617,49.253],[6.585,49.241]]]}},{"type":"Feature","properties":{"code":"57682","nom":"Turquestein-Blancrupt","departement":"57","region":"44","epci":"200068146"},"geometry":{"type":"Polygon","coordinates":[[[7.043,48.622],[7.045,48.619],[7.065,48.575],[7.098,48.569],[7.123,48.55],[7.157,48.543],[7.169,48.529],[7.168,48.528],[7.115,48.537],[7.08,48.537],[7.056,48.539],[7.034,48.581],[7.043,48.622]]]}},{"type":"Feature","properties":{"code":"57683","nom":"Uckange","departement":"57","region":"44","epci":"245701222"},"geometry":{"type":"Polygon","coordinates":[[[6.161,49.323],[6.174,49.318],[6.165,49.302],[6.166,49.301],[6.134,49.291],[6.132,49.304],[6.161,49.323]]]}},{"type":"Feature","properties":{"code":"57684","nom":"Vahl-Ebersing","departement":"57","region":"44","epci":"200067502"},"geometry":{"type":"Polygon","coordinates":[[[6.719,49.056],[6.721,49.06],[6.752,49.062],[6.765,49.062],[6.773,49.046],[6.764,49.04],[6.732,49.047],[6.719,49.056]]]}},{"type":"Feature","properties":{"code":"57685","nom":"Vahl-lès-Bénestroff","departement":"57","region":"44","epci":"245701206"},"geometry":{"type":"Polygon","coordinates":[[[6.812,48.925],[6.794,48.9],[6.778,48.895],[6.768,48.929],[6.771,48.93],[6.79,48.941],[6.804,48.933],[6.812,48.925]]]}},{"type":"Feature","properties":{"code":"57686","nom":"Vahl-lès-Faulquemont","departement":"57","region":"44","epci":"245700133"},"geometry":{"type":"Polygon","coordinates":[[[6.657,49.003],[6.649,49.003],[6.63,49.012],[6.611,49.02],[6.628,49.036],[6.647,49.03],[6.657,49.003]]]}},{"type":"Feature","properties":{"code":"57687","nom":"Vallerange","departement":"57","region":"44","epci":"200067502"},"geometry":{"type":"Polygon","coordinates":[[[6.713,48.947],[6.692,48.938],[6.675,48.938],[6.661,48.951],[6.676,48.965],[6.708,48.955],[6.713,48.947]]]}},{"type":"Feature","properties":{"code":"57689","nom":"Valmestroff","departement":"57","region":"44","epci":"245701354"},"geometry":{"type":"Polygon","coordinates":[[[6.276,49.366],[6.278,49.349],[6.258,49.351],[6.242,49.358],[6.272,49.367],[6.276,49.366]]]}},{"type":"Feature","properties":{"code":"57690","nom":"Valmont","departement":"57","region":"44","epci":"200067502"},"geometry":{"type":"Polygon","coordinates":[[[6.708,49.061],[6.664,49.09],[6.726,49.098],[6.724,49.088],[6.724,49.08],[6.708,49.061]]]}},{"type":"Feature","properties":{"code":"57691","nom":"Valmunster","departement":"57","region":"44","epci":"200067650"},"geometry":{"type":"Polygon","coordinates":[[[6.535,49.259],[6.539,49.252],[6.519,49.24],[6.505,49.237],[6.5,49.246],[6.527,49.257],[6.532,49.26],[6.535,49.259]]]}},{"type":"Feature","properties":{"code":"57692","nom":"Vannecourt","departement":"57","region":"44","epci":"245701206"},"geometry":{"type":"Polygon","coordinates":[[[6.559,48.863],[6.543,48.86],[6.516,48.875],[6.501,48.887],[6.5,48.894],[6.543,48.889],[6.564,48.876],[6.559,48.863]]]}},{"type":"Feature","properties":{"code":"57693","nom":"Vantoux","departement":"57","region":"44","epci":"200039865"},"geometry":{"type":"Polygon","coordinates":[[[6.246,49.12],[6.242,49.12],[6.219,49.138],[6.232,49.145],[6.243,49.145],[6.244,49.129],[6.246,49.12]]]}},{"type":"Feature","properties":{"code":"57694","nom":"Vany","departement":"57","region":"44","epci":"200039865"},"geometry":{"type":"Polygon","coordinates":[[[6.224,49.148],[6.233,49.159],[6.248,49.164],[6.257,49.147],[6.25,49.142],[6.243,49.145],[6.232,49.145],[6.224,49.148]]]}},{"type":"Feature","properties":{"code":"57695","nom":"Varize-Vaudoncourt","departement":"57","region":"44","epci":"200067650"},"geometry":{"type":"Polygon","coordinates":[[[6.448,49.1],[6.446,49.095],[6.424,49.099],[6.422,49.144],[6.462,49.146],[6.509,49.139],[6.491,49.134],[6.46,49.129],[6.452,49.108],[6.448,49.1]]]}},{"type":"Feature","properties":{"code":"57696","nom":"Varsberg","departement":"57","region":"44","epci":"245701164"},"geometry":{"type":"Polygon","coordinates":[[[6.631,49.165],[6.625,49.167],[6.595,49.176],[6.604,49.181],[6.628,49.183],[6.631,49.165]]]}},{"type":"Feature","properties":{"code":"57697","nom":"Vasperviller","departement":"57","region":"44","epci":"200068146"},"geometry":{"type":"Polygon","coordinates":[[[7.063,48.634],[7.056,48.642],[7.07,48.639],[7.086,48.637],[7.063,48.634]]]}},{"type":"Feature","properties":{"code":"57698","nom":"Vatimont","departement":"57","region":"44","epci":"245700133"},"geometry":{"type":"Polygon","coordinates":[[[6.49,48.967],[6.489,48.967],[6.475,48.966],[6.451,48.973],[6.445,48.979],[6.455,48.99],[6.502,48.987],[6.49,48.967]]]}},{"type":"Feature","properties":{"code":"57700","nom":"Vaudreching","departement":"57","region":"44","epci":"200067486"},"geometry":{"type":"Polygon","coordinates":[[[6.539,49.259],[6.535,49.259],[6.532,49.26],[6.5,49.281],[6.517,49.287],[6.542,49.281],[6.539,49.259]]]}},{"type":"Feature","properties":{"code":"57701","nom":"Vaux","departement":"57","region":"44","epci":"200039865"},"geometry":{"type":"Polygon","coordinates":[[[6.107,49.088],[6.101,49.086],[6.091,49.087],[6.044,49.087],[6.048,49.109],[6.046,49.11],[6.107,49.088]]]}},{"type":"Feature","properties":{"code":"57702","nom":"Vaxy","departement":"57","region":"44","epci":"245701206"},"geometry":{"type":"Polygon","coordinates":[[[6.506,48.868],[6.516,48.875],[6.543,48.86],[6.536,48.84],[6.506,48.868]]]}},{"type":"Feature","properties":{"code":"57703","nom":"Veckersviller","departement":"57","region":"44","epci":"200068146"},"geometry":{"type":"Polygon","coordinates":[[[7.204,48.827],[7.188,48.805],[7.185,48.803],[7.183,48.806],[7.18,48.81],[7.174,48.842],[7.185,48.85],[7.204,48.827]]]}},{"type":"Feature","properties":{"code":"57704","nom":"Veckring","departement":"57","region":"44","epci":"245701354"},"geometry":{"type":"Polygon","coordinates":[[[6.341,49.336],[6.372,49.349],[6.383,49.35],[6.391,49.342],[6.373,49.329],[6.347,49.317],[6.341,49.336]]]}},{"type":"Feature","properties":{"code":"57705","nom":"Velving","departement":"57","region":"44","epci":"200067650"},"geometry":{"type":"Polygon","coordinates":[[[6.563,49.246],[6.54,49.229],[6.519,49.24],[6.539,49.252],[6.563,49.246]]]}},{"type":"Feature","properties":{"code":"57706","nom":"Vergaville","departement":"57","region":"44","epci":"245701206"},"geometry":{"type":"Polygon","coordinates":[[[6.777,48.825],[6.777,48.824],[6.738,48.824],[6.73,48.829],[6.711,48.86],[6.715,48.863],[6.755,48.851],[6.772,48.854],[6.777,48.825]]]}},{"type":"Feature","properties":{"code":"57707","nom":"Vernéville","departement":"57","region":"44","epci":"200039865"},"geometry":{"type":"Polygon","coordinates":[[[5.999,49.156],[6.011,49.153],[6.022,49.149],[6.034,49.138],[6.022,49.125],[6.002,49.116],[5.984,49.142],[5.999,49.156]]]}},{"type":"Feature","properties":{"code":"57708","nom":"Verny","departement":"57","region":"44","epci":"200039907"},"geometry":{"type":"Polygon","coordinates":[[[6.197,48.997],[6.195,49.007],[6.181,49.02],[6.18,49.021],[6.184,49.024],[6.201,49.024],[6.224,49],[6.197,48.997]]]}},{"type":"Feature","properties":{"code":"57709","nom":"Vescheim","departement":"57","region":"44","epci":"245700950"},"geometry":{"type":"Polygon","coordinates":[[[7.223,48.787],[7.216,48.799],[7.22,48.802],[7.225,48.802],[7.239,48.789],[7.235,48.789],[7.223,48.787]]]}},{"type":"Feature","properties":{"code":"57711","nom":"Vibersviller","departement":"57","region":"44","epci":"245701206"},"geometry":{"type":"Polygon","coordinates":[[[6.956,48.875],[6.95,48.885],[6.913,48.907],[6.923,48.916],[6.924,48.917],[6.928,48.934],[6.945,48.935],[6.965,48.905],[6.987,48.891],[6.969,48.884],[6.956,48.875]]]}},{"type":"Feature","properties":{"code":"57712","nom":"Vic-sur-Seille","departement":"57","region":"44","epci":"245701206"},"geometry":{"type":"Polygon","coordinates":[[[6.491,48.765],[6.534,48.804],[6.554,48.798],[6.548,48.755],[6.539,48.751],[6.511,48.749],[6.491,48.765]]]}},{"type":"Feature","properties":{"code":"57713","nom":"Vieux-Lixheim","departement":"57","region":"44","epci":"200068146"},"geometry":{"type":"Polygon","coordinates":[[[7.143,48.768],[7.133,48.76],[7.118,48.769],[7.118,48.799],[7.127,48.801],[7.133,48.796],[7.143,48.768]]]}},{"type":"Feature","properties":{"code":"57714","nom":"Haute-Vigneulles","departement":"57","region":"44","epci":"245700133"},"geometry":{"type":"Polygon","coordinates":[[[6.568,49.117],[6.582,49.116],[6.578,49.089],[6.544,49.075],[6.533,49.092],[6.538,49.102],[6.561,49.114],[6.568,49.117]]]}},{"type":"Feature","properties":{"code":"57715","nom":"Vigny","departement":"57","region":"44","epci":"200039907"},"geometry":{"type":"Polygon","coordinates":[[[6.238,48.976],[6.251,48.979],[6.267,48.981],[6.273,48.966],[6.272,48.963],[6.247,48.956],[6.237,48.959],[6.238,48.976]]]}},{"type":"Feature","properties":{"code":"57716","nom":"Vigy","departement":"57","region":"44","epci":"200067957"},"geometry":{"type":"Polygon","coordinates":[[[6.311,49.186],[6.308,49.185],[6.271,49.197],[6.273,49.202],[6.28,49.22],[6.29,49.229],[6.324,49.225],[6.355,49.207],[6.311,49.186]]]}},{"type":"Feature","properties":{"code":"57717","nom":"Viller","departement":"57","region":"44","epci":"200067502"},"geometry":{"type":"Polygon","coordinates":[[[6.657,49.003],[6.664,49.002],[6.671,48.992],[6.638,48.972],[6.622,48.981],[6.623,48.994],[6.649,49.003],[6.657,49.003]]]}},{"type":"Feature","properties":{"code":"57718","nom":"Villers-Stoncourt","departement":"57","region":"44","epci":"200067957"},"geometry":{"type":"Polygon","coordinates":[[[6.483,49.067],[6.489,49.064],[6.449,49.053],[6.42,49.042],[6.397,49.041],[6.417,49.066],[6.483,49.067]]]}},{"type":"Feature","properties":{"code":"57719","nom":"Villers-sur-Nied","departement":"57","region":"44","epci":"245701206"},"geometry":{"type":"Polygon","coordinates":[[[6.511,48.931],[6.533,48.938],[6.545,48.918],[6.528,48.913],[6.511,48.931]]]}},{"type":"Feature","properties":{"code":"57720","nom":"Villing","departement":"57","region":"44","epci":"200067650"},"geometry":{"type":"Polygon","coordinates":[[[6.633,49.274],[6.614,49.267],[6.615,49.279],[6.621,49.285],[6.622,49.29],[6.632,49.296],[6.654,49.281],[6.633,49.274]]]}},{"type":"Feature","properties":{"code":"57721","nom":"Vilsberg","departement":"57","region":"44","epci":"245700950"},"geometry":{"type":"Polygon","coordinates":[[[7.27,48.803],[7.291,48.794],[7.242,48.779],[7.235,48.789],[7.239,48.789],[7.261,48.797],[7.27,48.803]]]}},{"type":"Feature","properties":{"code":"57723","nom":"Virming","departement":"57","region":"44","epci":"245701206"},"geometry":{"type":"Polygon","coordinates":[[[6.734,48.925],[6.72,48.944],[6.774,48.958],[6.782,48.939],[6.771,48.93],[6.768,48.929],[6.742,48.928],[6.734,48.925]]]}},{"type":"Feature","properties":{"code":"57724","nom":"Vitry-sur-Orne","departement":"57","region":"44","epci":"245701271"},"geometry":{"type":"Polygon","coordinates":[[[6.112,49.263],[6.106,49.261],[6.066,49.272],[6.064,49.281],[6.073,49.287],[6.121,49.281],[6.124,49.264],[6.112,49.263]]]}},{"type":"Feature","properties":{"code":"57725","nom":"Vittersbourg","departement":"57","region":"44","epci":"245701206"},"geometry":{"type":"Polygon","coordinates":[[[6.928,48.934],[6.911,48.94],[6.907,48.957],[6.925,48.959],[6.96,48.952],[6.96,48.952],[6.947,48.935],[6.945,48.935],[6.928,48.934]]]}},{"type":"Feature","properties":{"code":"57726","nom":"Vittoncourt","departement":"57","region":"44","epci":"245700133"},"geometry":{"type":"Polygon","coordinates":[[[6.448,49.029],[6.453,49.033],[6.482,49.038],[6.479,49.012],[6.458,49.001],[6.432,49.008],[6.424,49.017],[6.448,49.029]]]}},{"type":"Feature","properties":{"code":"57727","nom":"Viviers","departement":"57","region":"44","epci":"245701206"},"geometry":{"type":"Polygon","coordinates":[[[6.427,48.881],[6.409,48.889],[6.411,48.891],[6.435,48.903],[6.467,48.909],[6.468,48.903],[6.444,48.879],[6.427,48.881]]]}},{"type":"Feature","properties":{"code":"57728","nom":"Voimhaut","departement":"57","region":"44","epci":"245700133"},"geometry":{"type":"Polygon","coordinates":[[[6.424,49.017],[6.4,49.023],[6.421,49.038],[6.448,49.029],[6.424,49.017]]]}},{"type":"Feature","properties":{"code":"57730","nom":"Volmerange-lès-Boulay","departement":"57","region":"44","epci":"200067650"},"geometry":{"type":"Polygon","coordinates":[[[6.421,49.181],[6.45,49.184],[6.471,49.169],[6.459,49.158],[6.421,49.181]]]}},{"type":"Feature","properties":{"code":"57732","nom":"Volmunster","departement":"57","region":"44","epci":"200069441"},"geometry":{"type":"Polygon","coordinates":[[[7.39,49.113],[7.389,49.111],[7.368,49.088],[7.349,49.099],[7.333,49.121],[7.365,49.143],[7.397,49.136],[7.39,49.113]]]}},{"type":"Feature","properties":{"code":"57733","nom":"Volstroff","departement":"57","region":"44","epci":"245701354"},"geometry":{"type":"Polygon","coordinates":[[[6.275,49.3],[6.274,49.3],[6.249,49.276],[6.24,49.294],[6.22,49.308],[6.224,49.315],[6.253,49.322],[6.275,49.3]]]}},{"type":"Feature","properties":{"code":"57734","nom":"Voyer","departement":"57","region":"44","epci":"200068146"},"geometry":{"type":"Polygon","coordinates":[[[7.123,48.645],[7.104,48.652],[7.07,48.64],[7.078,48.661],[7.094,48.66],[7.123,48.645]]]}},{"type":"Feature","properties":{"code":"57736","nom":"Vry","departement":"57","region":"44","epci":"200067957"},"geometry":{"type":"Polygon","coordinates":[[[6.351,49.173],[6.311,49.186],[6.355,49.207],[6.378,49.22],[6.397,49.18],[6.362,49.193],[6.351,49.173]]]}},{"type":"Feature","properties":{"code":"57737","nom":"Vulmont","departement":"57","region":"44","epci":"200039907"},"geometry":{"type":"Polygon","coordinates":[[[6.288,48.916],[6.288,48.928],[6.323,48.933],[6.326,48.928],[6.311,48.921],[6.288,48.916]]]}},{"type":"Feature","properties":{"code":"57738","nom":"Waldhouse","departement":"57","region":"44","epci":"200069441"},"geometry":{"type":"Polygon","coordinates":[[[7.437,49.149],[7.469,49.147],[7.479,49.133],[7.479,49.133],[7.444,49.129],[7.437,49.149]]]}},{"type":"Feature","properties":{"code":"57739","nom":"Waldweistroff","departement":"57","region":"44","epci":"200067486"},"geometry":{"type":"Polygon","coordinates":[[[6.507,49.347],[6.473,49.349],[6.476,49.359],[6.485,49.369],[6.492,49.371],[6.517,49.367],[6.507,49.347]]]}},{"type":"Feature","properties":{"code":"57741","nom":"Walschbronn","departement":"57","region":"44","epci":"200069441"},"geometry":{"type":"Polygon","coordinates":[[[7.437,49.149],[7.429,49.153],[7.456,49.163],[7.457,49.164],[7.482,49.17],[7.506,49.151],[7.489,49.136],[7.479,49.133],[7.469,49.147],[7.437,49.149]]]}},{"type":"Feature","properties":{"code":"57742","nom":"Walscheid","departement":"57","region":"44","epci":"200068146"},"geometry":{"type":"Polygon","coordinates":[[[7.135,48.675],[7.163,48.669],[7.182,48.646],[7.221,48.622],[7.222,48.601],[7.256,48.589],[7.241,48.574],[7.22,48.556],[7.183,48.609],[7.136,48.649],[7.135,48.675]]]}},{"type":"Feature","properties":{"code":"57743","nom":"Waltembourg","departement":"57","region":"44","epci":"245700950"},"geometry":{"type":"Polygon","coordinates":[[[7.208,48.748],[7.194,48.742],[7.185,48.752],[7.208,48.748]]]}},{"type":"Feature","properties":{"code":"57745","nom":"Wiesviller","departement":"57","region":"44","epci":"200070746"},"geometry":{"type":"Polygon","coordinates":[[[7.188,49.066],[7.166,49.057],[7.148,49.065],[7.145,49.082],[7.144,49.097],[7.15,49.099],[7.157,49.101],[7.188,49.066]]]}},{"type":"Feature","properties":{"code":"57746","nom":"Willerwald","departement":"57","region":"44","epci":"200070746"},"geometry":{"type":"Polygon","coordinates":[[[7.052,49.009],[7.013,49.031],[7.055,49.031],[7.052,49.009]]]}},{"type":"Feature","properties":{"code":"57747","nom":"Wintersbourg","departement":"57","region":"44","epci":"245700950"},"geometry":{"type":"Polygon","coordinates":[[[7.197,48.779],[7.189,48.78],[7.179,48.786],[7.185,48.803],[7.188,48.805],[7.207,48.8],[7.197,48.779]]]}},{"type":"Feature","properties":{"code":"57748","nom":"Wittring","departement":"57","region":"44","epci":"200070746"},"geometry":{"type":"Polygon","coordinates":[[[7.151,49.048],[7.119,49.037],[7.106,49.045],[7.113,49.065],[7.148,49.065],[7.166,49.057],[7.151,49.048]]]}},{"type":"Feature","properties":{"code":"57749","nom":"Vœlfling-lès-Bouzonville","departement":"57","region":"44","epci":"200067650"},"geometry":{"type":"Polygon","coordinates":[[[6.585,49.296],[6.585,49.298],[6.622,49.29],[6.621,49.285],[6.585,49.296]]]}},{"type":"Feature","properties":{"code":"57750","nom":"Wœlfling-lès-Sarreguemines","departement":"57","region":"44","epci":"200070746"},"geometry":{"type":"Polygon","coordinates":[[[7.193,49.068],[7.188,49.066],[7.157,49.101],[7.202,49.096],[7.193,49.068]]]}},{"type":"Feature","properties":{"code":"57751","nom":"Woippy","departement":"57","region":"44","epci":"200039865"},"geometry":{"type":"Polygon","coordinates":[[[6.177,49.189],[6.18,49.185],[6.187,49.178],[6.18,49.146],[6.139,49.143],[6.133,49.152],[6.124,49.166],[6.131,49.17],[6.151,49.185],[6.151,49.189],[6.177,49.189]]]}},{"type":"Feature","properties":{"code":"57752","nom":"Woustviller","departement":"57","region":"44","epci":"200070746"},"geometry":{"type":"Polygon","coordinates":[[[6.986,49.062],[6.979,49.078],[6.991,49.09],[7.006,49.097],[7.034,49.092],[7.008,49.062],[6.986,49.062]]]}},{"type":"Feature","properties":{"code":"57753","nom":"Wuisse","departement":"57","region":"44","epci":"245701206"},"geometry":{"type":"Polygon","coordinates":[[[6.704,48.855],[6.698,48.852],[6.655,48.836],[6.646,48.836],[6.63,48.848],[6.663,48.871],[6.679,48.876],[6.686,48.876],[6.704,48.855]]]}},{"type":"Feature","properties":{"code":"57754","nom":"Xanrey","departement":"57","region":"44","epci":"245701206"},"geometry":{"type":"Polygon","coordinates":[[[6.589,48.732],[6.562,48.756],[6.589,48.767],[6.609,48.75],[6.59,48.732],[6.589,48.732]]]}},{"type":"Feature","properties":{"code":"57755","nom":"Xocourt","departement":"57","region":"44","epci":"245701206"},"geometry":{"type":"Polygon","coordinates":[[[6.396,48.897],[6.376,48.898],[6.364,48.907],[6.359,48.912],[6.357,48.916],[6.378,48.928],[6.383,48.924],[6.396,48.897]]]}},{"type":"Feature","properties":{"code":"57756","nom":"Xouaxange","departement":"57","region":"44","epci":"200068146"},"geometry":{"type":"Polygon","coordinates":[[[7.013,48.692],[7,48.684],[6.986,48.681],[6.971,48.687],[6.988,48.703],[7.006,48.702],[7.013,48.692]]]}},{"type":"Feature","properties":{"code":"57757","nom":"Yutz","departement":"57","region":"44","epci":"245701362"},"geometry":{"type":"Polygon","coordinates":[[[6.228,49.336],[6.217,49.33],[6.212,49.329],[6.17,49.339],[6.187,49.365],[6.204,49.385],[6.235,49.361],[6.228,49.336]]]}},{"type":"Feature","properties":{"code":"57759","nom":"Zarbeling","departement":"57","region":"44","epci":"245701206"},"geometry":{"type":"Polygon","coordinates":[[[6.686,48.876],[6.679,48.876],[6.69,48.902],[6.71,48.891],[6.686,48.876]]]}},{"type":"Feature","properties":{"code":"57760","nom":"Zetting","departement":"57","region":"44","epci":"200070746"},"geometry":{"type":"Polygon","coordinates":[[[7.145,49.082],[7.148,49.065],[7.113,49.065],[7.099,49.078],[7.145,49.082]]]}},{"type":"Feature","properties":{"code":"57761","nom":"Zilling","departement":"57","region":"44","epci":"245700950"},"geometry":{"type":"Polygon","coordinates":[[[7.216,48.799],[7.223,48.787],[7.214,48.774],[7.197,48.779],[7.207,48.8],[7.216,48.799]]]}},{"type":"Feature","properties":{"code":"57762","nom":"Zimming","departement":"57","region":"44","epci":"245700133"},"geometry":{"type":"Polygon","coordinates":[[[6.582,49.116],[6.568,49.117],[6.567,49.135],[6.566,49.143],[6.585,49.143],[6.61,49.135],[6.603,49.122],[6.582,49.116]]]}},{"type":"Feature","properties":{"code":"57763","nom":"Zommange","departement":"57","region":"44","epci":"245701206"},"geometry":{"type":"Polygon","coordinates":[[[6.781,48.821],[6.777,48.824],[6.777,48.825],[6.81,48.841],[6.815,48.835],[6.829,48.822],[6.782,48.804],[6.781,48.821]]]}},{"type":"Feature","properties":{"code":"57765","nom":"Diesen","departement":"57","region":"44","epci":"200067502"},"geometry":{"type":"Polygon","coordinates":[[[6.669,49.183],[6.677,49.189],[6.714,49.179],[6.709,49.155],[6.704,49.153],[6.669,49.183]]]}},{"type":"Feature","properties":{"code":"57767","nom":"Stuckange","departement":"57","region":"44","epci":"245701354"},"geometry":{"type":"Polygon","coordinates":[[[6.217,49.33],[6.228,49.336],[6.25,49.322],[6.253,49.322],[6.224,49.315],[6.217,49.33]]]}},{"type":"Feature","properties":{"code":"67001","nom":"Achenheim","departement":"67","region":"44","epci":"246700488"},"geometry":{"type":"Polygon","coordinates":[[[7.61,48.592],[7.63,48.598],[7.65,48.568],[7.624,48.565],[7.61,48.571],[7.61,48.592]]]}},{"type":"Feature","properties":{"code":"67002","nom":"Adamswiller","departement":"67","region":"44","epci":"200067841"},"geometry":{"type":"Polygon","coordinates":[[[7.192,48.899],[7.182,48.915],[7.197,48.915],[7.222,48.906],[7.219,48.899],[7.192,48.899]]]}},{"type":"Feature","properties":{"code":"67003","nom":"Albé","departement":"67","region":"44","epci":"246700777"},"geometry":{"type":"Polygon","coordinates":[[[7.349,48.372],[7.357,48.371],[7.377,48.355],[7.356,48.349],[7.324,48.349],[7.305,48.356],[7.306,48.361],[7.331,48.379],[7.349,48.372]]]}},{"type":"Feature","properties":{"code":"67004","nom":"Sommerau","departement":"67","region":"44","epci":"200068112"},"geometry":{"type":"Polygon","coordinates":[[[7.389,48.679],[7.397,48.674],[7.4,48.663],[7.399,48.66],[7.372,48.641],[7.339,48.649],[7.313,48.661],[7.343,48.665],[7.368,48.677],[7.389,48.679]]]}},{"type":"Feature","properties":{"code":"67005","nom":"Alteckendorf","departement":"67","region":"44","epci":"246700959"},"geometry":{"type":"Polygon","coordinates":[[[7.606,48.806],[7.614,48.804],[7.617,48.802],[7.606,48.781],[7.581,48.786],[7.577,48.792],[7.575,48.798],[7.606,48.806]]]}},{"type":"Feature","properties":{"code":"67006","nom":"Altenheim","departement":"67","region":"44","epci":"200068112"},"geometry":{"type":"Polygon","coordinates":[[[7.45,48.716],[7.449,48.719],[7.454,48.733],[7.475,48.722],[7.479,48.715],[7.472,48.712],[7.45,48.716]]]}},{"type":"Feature","properties":{"code":"67008","nom":"Altorf","departement":"67","region":"44","epci":"246701064"},"geometry":{"type":"Polygon","coordinates":[[[7.553,48.504],[7.518,48.511],[7.515,48.531],[7.534,48.541],[7.567,48.545],[7.553,48.535],[7.558,48.504],[7.553,48.504]]]}},{"type":"Feature","properties":{"code":"67009","nom":"Altwiller","departement":"67","region":"44","epci":"200067841"},"geometry":{"type":"Polygon","coordinates":[[[7.003,48.941],[7.003,48.941],[7.008,48.905],[6.987,48.891],[6.965,48.905],[6.945,48.935],[6.947,48.935],[6.983,48.942],[7.003,48.941]]]}},{"type":"Feature","properties":{"code":"67010","nom":"Andlau","departement":"67","region":"44","epci":"200034270"},"geometry":{"type":"Polygon","coordinates":[[[7.357,48.371],[7.349,48.372],[7.338,48.383],[7.34,48.416],[7.423,48.401],[7.437,48.387],[7.428,48.372],[7.386,48.373],[7.357,48.371]]]}},{"type":"Feature","properties":{"code":"67011","nom":"Artolsheim","departement":"67","region":"44","epci":"200030526"},"geometry":{"type":"Polygon","coordinates":[[[7.568,48.213],[7.575,48.221],[7.582,48.225],[7.623,48.215],[7.642,48.204],[7.637,48.196],[7.634,48.196],[7.591,48.194],[7.574,48.203],[7.568,48.213]]]}},{"type":"Feature","properties":{"code":"67013","nom":"Asswiller","departement":"67","region":"44","epci":"200067841"},"geometry":{"type":"Polygon","coordinates":[[[7.25,48.893],[7.251,48.888],[7.241,48.877],[7.212,48.865],[7.201,48.878],[7.235,48.891],[7.25,48.893]]]}},{"type":"Feature","properties":{"code":"67016","nom":"Avolsheim","departement":"67","region":"44","epci":"246701064"},"geometry":{"type":"Polygon","coordinates":[[[7.475,48.556],[7.496,48.567],[7.51,48.562],[7.475,48.556]]]}},{"type":"Feature","properties":{"code":"67017","nom":"Baerendorf","departement":"67","region":"44","epci":"200067841"},"geometry":{"type":"Polygon","coordinates":[[[7.09,48.814],[7.087,48.814],[7.069,48.827],[7.081,48.847],[7.089,48.848],[7.1,48.847],[7.108,48.822],[7.09,48.814]]]}},{"type":"Feature","properties":{"code":"67018","nom":"Balbronn","departement":"67","region":"44","epci":"200068864"},"geometry":{"type":"Polygon","coordinates":[[[7.407,48.568],[7.375,48.582],[7.372,48.599],[7.409,48.585],[7.446,48.591],[7.449,48.586],[7.431,48.576],[7.407,48.568]]]}},{"type":"Feature","properties":{"code":"67019","nom":"Baldenheim","departement":"67","region":"44","epci":"246700967"},"geometry":{"type":"Polygon","coordinates":[[[7.507,48.253],[7.495,48.263],[7.562,48.253],[7.562,48.251],[7.56,48.245],[7.55,48.223],[7.507,48.253]]]}},{"type":"Feature","properties":{"code":"67020","nom":"Barembach","departement":"67","region":"44","epci":"246700306"},"geometry":{"type":"Polygon","coordinates":[[[7.218,48.472],[7.243,48.489],[7.27,48.462],[7.278,48.453],[7.213,48.456],[7.218,48.472]]]}},{"type":"Feature","properties":{"code":"67021","nom":"Barr","departement":"67","region":"44","epci":"200034270"},"geometry":{"type":"Polygon","coordinates":[[[7.481,48.399],[7.477,48.393],[7.463,48.393],[7.423,48.401],[7.34,48.416],[7.316,48.428],[7.406,48.434],[7.418,48.435],[7.424,48.432],[7.425,48.418],[7.46,48.413],[7.481,48.399]]]}},{"type":"Feature","properties":{"code":"67022","nom":"Bassemberg","departement":"67","region":"44","epci":"246700777"},"geometry":{"type":"Polygon","coordinates":[[[7.268,48.331],[7.263,48.341],[7.284,48.341],[7.293,48.333],[7.276,48.332],[7.268,48.331]]]}},{"type":"Feature","properties":{"code":"67023","nom":"Batzendorf","departement":"67","region":"44","epci":"200067874"},"geometry":{"type":"Polygon","coordinates":[[[7.718,48.769],[7.705,48.765],[7.687,48.773],[7.685,48.783],[7.688,48.786],[7.718,48.806],[7.736,48.802],[7.724,48.781],[7.718,48.769]]]}},{"type":"Feature","properties":{"code":"67026","nom":"Bellefosse","departement":"67","region":"44","epci":"246700306"},"geometry":{"type":"Polygon","coordinates":[[[7.266,48.398],[7.269,48.389],[7.248,48.381],[7.244,48.382],[7.208,48.395],[7.203,48.398],[7.205,48.411],[7.222,48.407],[7.266,48.398]]]}},{"type":"Feature","properties":{"code":"67027","nom":"Belmont","departement":"67","region":"44","epci":"246700306"},"geometry":{"type":"Polygon","coordinates":[[[7.239,48.422],[7.296,48.421],[7.266,48.398],[7.222,48.407],[7.239,48.422]]]}},{"type":"Feature","properties":{"code":"67028","nom":"Benfeld","departement":"67","region":"44","epci":"200067924"},"geometry":{"type":"Polygon","coordinates":[[[7.609,48.347],[7.599,48.341],[7.6,48.359],[7.572,48.374],[7.589,48.384],[7.626,48.365],[7.609,48.347]]]}},{"type":"Feature","properties":{"code":"67029","nom":"Berg","departement":"67","region":"44","epci":"200067841"},"geometry":{"type":"Polygon","coordinates":[[[7.164,48.91],[7.168,48.902],[7.161,48.885],[7.14,48.878],[7.115,48.884],[7.125,48.904],[7.164,48.91]]]}},{"type":"Feature","properties":{"code":"67030","nom":"Bergbieten","departement":"67","region":"44","epci":"200068864"},"geometry":{"type":"Polygon","coordinates":[[[7.434,48.561],[7.432,48.56],[7.431,48.576],[7.449,48.586],[7.468,48.588],[7.472,48.585],[7.469,48.576],[7.434,48.561]]]}},{"type":"Feature","properties":{"code":"67031","nom":"Bernardswiller","departement":"67","region":"44","epci":"246701080"},"geometry":{"type":"Polygon","coordinates":[[[7.433,48.442],[7.429,48.449],[7.441,48.453],[7.433,48.442]]]}},{"type":"Feature","properties":{"code":"67032","nom":"Bernardvillé","departement":"67","region":"44","epci":"200034270"},"geometry":{"type":"Polygon","coordinates":[[[7.402,48.362],[7.386,48.373],[7.428,48.372],[7.426,48.369],[7.414,48.365],[7.402,48.362]]]}},{"type":"Feature","properties":{"code":"67033","nom":"Bernolsheim","departement":"67","region":"44","epci":"200067874"},"geometry":{"type":"Polygon","coordinates":[[[7.7,48.76],[7.704,48.754],[7.687,48.743],[7.67,48.745],[7.672,48.758],[7.7,48.76]]]}},{"type":"Feature","properties":{"code":"67034","nom":"Berstett","departement":"67","region":"44","epci":"200034635"},"geometry":{"type":"Polygon","coordinates":[[[7.687,48.671],[7.688,48.669],[7.673,48.664],[7.586,48.669],[7.583,48.673],[7.579,48.679],[7.593,48.697],[7.601,48.704],[7.637,48.699],[7.662,48.689],[7.669,48.686],[7.687,48.671]]]}},{"type":"Feature","properties":{"code":"67035","nom":"Berstheim","departement":"67","region":"44","epci":"200067874"},"geometry":{"type":"Polygon","coordinates":[[[7.688,48.786],[7.685,48.783],[7.673,48.785],[7.662,48.796],[7.695,48.802],[7.688,48.786]]]}},{"type":"Feature","properties":{"code":"67036","nom":"Bettwiller","departement":"67","region":"44","epci":"200067841"},"geometry":{"type":"Polygon","coordinates":[[[7.185,48.895],[7.19,48.883],[7.173,48.879],[7.165,48.875],[7.161,48.885],[7.168,48.902],[7.185,48.895]]]}},{"type":"Feature","properties":{"code":"67037","nom":"Biblisheim","departement":"67","region":"44","epci":"200013050"},"geometry":{"type":"Polygon","coordinates":[[[7.8,48.903],[7.807,48.902],[7.801,48.89],[7.785,48.895],[7.769,48.907],[7.8,48.903]]]}},{"type":"Feature","properties":{"code":"67038","nom":"Bietlenheim","departement":"67","region":"44","epci":"246700843"},"geometry":{"type":"Polygon","coordinates":[[[7.79,48.733],[7.792,48.73],[7.792,48.711],[7.771,48.712],[7.79,48.733]]]}},{"type":"Feature","properties":{"code":"67039","nom":"Bilwisheim","departement":"67","region":"44","epci":"200067874"},"geometry":{"type":"Polygon","coordinates":[[[7.677,48.72],[7.677,48.709],[7.663,48.701],[7.65,48.707],[7.65,48.714],[7.677,48.72]]]}},{"type":"Feature","properties":{"code":"67040","nom":"Bindernheim","departement":"67","region":"44","epci":"200030526"},"geometry":{"type":"Polygon","coordinates":[[[7.635,48.288],[7.639,48.281],[7.594,48.281],[7.61,48.302],[7.625,48.3],[7.635,48.288]]]}},{"type":"Feature","properties":{"code":"67043","nom":"Bischheim","departement":"67","region":"44","epci":"246700488"},"geometry":{"type":"MultiPolygon","coordinates":[[[[7.718,48.616],[7.718,48.62],[7.765,48.619],[7.767,48.618],[7.768,48.617],[7.718,48.616]]],[[[7.785,48.64],[7.794,48.636],[7.803,48.629],[7.778,48.626],[7.781,48.639],[7.785,48.64]]]]}},{"type":"Feature","properties":{"code":"67044","nom":"Bischholtz","departement":"67","region":"44","epci":"200067783"},"geometry":{"type":"Polygon","coordinates":[[[7.517,48.887],[7.512,48.892],[7.538,48.898],[7.553,48.897],[7.535,48.884],[7.517,48.887]]]}},{"type":"Feature","properties":{"code":"67045","nom":"Bischoffsheim","departement":"67","region":"44","epci":"246700744"},"geometry":{"type":"Polygon","coordinates":[[[7.459,48.485],[7.512,48.494],[7.548,48.495],[7.592,48.487],[7.608,48.475],[7.594,48.469],[7.575,48.483],[7.539,48.481],[7.456,48.478],[7.459,48.485]]]}},{"type":"Feature","properties":{"code":"67046","nom":"Bischwiller","departement":"67","region":"44","epci":"200067874"},"geometry":{"type":"Polygon","coordinates":[[[7.886,48.742],[7.862,48.731],[7.826,48.775],[7.831,48.779],[7.855,48.783],[7.9,48.759],[7.886,48.742]]]}},{"type":"Feature","properties":{"code":"67047","nom":"Bissert","departement":"67","region":"44","epci":"200067841"},"geometry":{"type":"Polygon","coordinates":[[[7.003,48.941],[7.003,48.941],[7.019,48.958],[7.026,48.956],[7.003,48.941]]]}},{"type":"Feature","properties":{"code":"67048","nom":"Bitschhoffen","departement":"67","region":"44","epci":"200067874"},"geometry":{"type":"Polygon","coordinates":[[[7.615,48.87],[7.624,48.873],[7.641,48.861],[7.638,48.857],[7.61,48.858],[7.615,48.87]]]}},{"type":"Feature","properties":{"code":"67049","nom":"Blaesheim","departement":"67","region":"44","epci":"246700488"},"geometry":{"type":"Polygon","coordinates":[[[7.613,48.477],[7.608,48.475],[7.592,48.487],[7.586,48.513],[7.589,48.513],[7.612,48.522],[7.631,48.52],[7.613,48.477]]]}},{"type":"Feature","properties":{"code":"67050","nom":"Blancherupt","departement":"67","region":"44","epci":"246700306"},"geometry":{"type":"Polygon","coordinates":[[[7.205,48.411],[7.203,48.398],[7.188,48.4],[7.184,48.409],[7.203,48.415],[7.205,48.411]]]}},{"type":"Feature","properties":{"code":"67051","nom":"Blienschwiller","departement":"67","region":"44","epci":"200034270"},"geometry":{"type":"Polygon","coordinates":[[[7.387,48.347],[7.391,48.352],[7.44,48.347],[7.44,48.339],[7.39,48.346],[7.387,48.347]]]}},{"type":"Feature","properties":{"code":"67052","nom":"Bœrsch","departement":"67","region":"44","epci":"246700744"},"geometry":{"type":"Polygon","coordinates":[[[7.321,48.466],[7.341,48.462],[7.407,48.487],[7.459,48.485],[7.456,48.478],[7.431,48.465],[7.407,48.469],[7.335,48.445],[7.285,48.446],[7.321,48.466]]]}},{"type":"Feature","properties":{"code":"67053","nom":"Bœsenbiesen","departement":"67","region":"44","epci":"200030526"},"geometry":{"type":"Polygon","coordinates":[[[7.575,48.221],[7.568,48.213],[7.547,48.22],[7.55,48.223],[7.56,48.245],[7.575,48.221]]]}},{"type":"Feature","properties":{"code":"67054","nom":"Bolsenheim","departement":"67","region":"44","epci":"200067924"},"geometry":{"type":"Polygon","coordinates":[[[7.619,48.41],[7.602,48.415],[7.596,48.425],[7.579,48.436],[7.589,48.441],[7.589,48.442],[7.623,48.418],[7.629,48.414],[7.619,48.41]]]}},{"type":"Feature","properties":{"code":"67055","nom":"Boofzheim","departement":"67","region":"44","epci":"200067924"},"geometry":{"type":"Polygon","coordinates":[[[7.704,48.35],[7.692,48.315],[7.64,48.327],[7.64,48.327],[7.653,48.343],[7.704,48.35]]]}},{"type":"Feature","properties":{"code":"67056","nom":"Bootzheim","departement":"67","region":"44","epci":"200030526"},"geometry":{"type":"Polygon","coordinates":[[[7.634,48.196],[7.587,48.183],[7.555,48.195],[7.574,48.203],[7.591,48.194],[7.634,48.196]]]}},{"type":"Feature","properties":{"code":"67057","nom":"Bosselshausen","departement":"67","region":"44","epci":"200067783"},"geometry":{"type":"Polygon","coordinates":[[[7.504,48.816],[7.527,48.809],[7.521,48.798],[7.492,48.805],[7.504,48.816]]]}},{"type":"Feature","properties":{"code":"67058","nom":"Bossendorf","departement":"67","region":"44","epci":"246700959"},"geometry":{"type":"Polygon","coordinates":[[[7.577,48.792],[7.581,48.786],[7.585,48.773],[7.559,48.772],[7.546,48.784],[7.577,48.792]]]}},{"type":"Feature","properties":{"code":"67059","nom":"Bourg-Bruche","departement":"67","region":"44","epci":"246700306"},"geometry":{"type":"Polygon","coordinates":[[[7.101,48.374],[7.107,48.376],[7.145,48.39],[7.151,48.382],[7.171,48.351],[7.17,48.342],[7.148,48.333],[7.101,48.374]]]}},{"type":"Feature","properties":{"code":"67060","nom":"Bourgheim","departement":"67","region":"44","epci":"200034270"},"geometry":{"type":"Polygon","coordinates":[[[7.462,48.425],[7.462,48.426],[7.496,48.425],[7.497,48.41],[7.492,48.409],[7.462,48.425]]]}},{"type":"Feature","properties":{"code":"67061","nom":"Bouxwiller","departement":"67","region":"44","epci":"200067783"},"geometry":{"type":"Polygon","coordinates":[[[7.428,48.844],[7.432,48.843],[7.462,48.839],[7.486,48.842],[7.508,48.834],[7.51,48.829],[7.504,48.816],[7.492,48.805],[7.487,48.803],[7.451,48.784],[7.422,48.8],[7.421,48.814],[7.442,48.821],[7.428,48.844]]]}},{"type":"Feature","properties":{"code":"67062","nom":"Breitenau","departement":"67","region":"44","epci":"246700777"},"geometry":{"type":"Polygon","coordinates":[[[7.293,48.333],[7.295,48.332],[7.284,48.308],[7.282,48.296],[7.259,48.305],[7.276,48.332],[7.293,48.333]]]}},{"type":"Feature","properties":{"code":"67063","nom":"Breitenbach","departement":"67","region":"44","epci":"246700777"},"geometry":{"type":"Polygon","coordinates":[[[7.248,48.381],[7.269,48.389],[7.331,48.379],[7.306,48.361],[7.277,48.358],[7.259,48.37],[7.248,48.381]]]}},{"type":"Feature","properties":{"code":"67065","nom":"Breuschwickersheim","departement":"67","region":"44","epci":"246700488"},"geometry":{"type":"Polygon","coordinates":[[[7.584,48.581],[7.587,48.588],[7.61,48.592],[7.61,48.571],[7.601,48.564],[7.58,48.575],[7.584,48.581]]]}},{"type":"Feature","properties":{"code":"67066","nom":"La Broque","departement":"67","region":"44","epci":"246700306"},"geometry":{"type":"Polygon","coordinates":[[[7.109,48.439],[7.108,48.44],[7.173,48.484],[7.218,48.473],[7.187,48.44],[7.184,48.436],[7.145,48.447],[7.109,48.439]]]}},{"type":"Feature","properties":{"code":"67067","nom":"Brumath","departement":"67","region":"44","epci":"200067874"},"geometry":{"type":"Polygon","coordinates":[[[7.677,48.709],[7.677,48.72],[7.673,48.733],[7.672,48.734],[7.687,48.743],[7.704,48.754],[7.721,48.752],[7.748,48.752],[7.757,48.744],[7.747,48.687],[7.719,48.686],[7.691,48.697],[7.677,48.709]]]}},{"type":"Feature","properties":{"code":"67068","nom":"Buswiller","departement":"67","region":"44","epci":"200067783"},"geometry":{"type":"Polygon","coordinates":[[[7.572,48.829],[7.57,48.815],[7.545,48.826],[7.551,48.825],[7.572,48.829]]]}},{"type":"Feature","properties":{"code":"67070","nom":"Burbach","departement":"67","region":"44","epci":"200067841"},"geometry":{"type":"Polygon","coordinates":[[[7.114,48.916],[7.117,48.914],[7.125,48.904],[7.115,48.884],[7.105,48.881],[7.094,48.893],[7.114,48.916]]]}},{"type":"Feature","properties":{"code":"67071","nom":"Bust","departement":"67","region":"44","epci":"200067841"},"geometry":{"type":"Polygon","coordinates":[[[7.25,48.834],[7.258,48.822],[7.218,48.828],[7.228,48.848],[7.25,48.834]]]}},{"type":"Feature","properties":{"code":"67072","nom":"Butten","departement":"67","region":"44","epci":"200067841"},"geometry":{"type":"Polygon","coordinates":[[[7.196,48.969],[7.209,48.98],[7.236,48.988],[7.294,48.972],[7.291,48.967],[7.267,48.955],[7.222,48.96],[7.214,48.961],[7.196,48.969]]]}},{"type":"Feature","properties":{"code":"67073","nom":"Châtenois","departement":"67","region":"44","epci":"246700967"},"geometry":{"type":"Polygon","coordinates":[[[7.359,48.307],[7.37,48.291],[7.412,48.29],[7.428,48.272],[7.422,48.259],[7.389,48.263],[7.372,48.281],[7.348,48.279],[7.343,48.297],[7.359,48.307]]]}},{"type":"Feature","properties":{"code":"67074","nom":"Cleebourg","departement":"67","region":"44","epci":"246700926"},"geometry":{"type":"Polygon","coordinates":[[[7.845,48.992],[7.87,49.014],[7.892,49.012],[7.9,49.004],[7.906,48.994],[7.919,48.988],[7.928,48.981],[7.908,48.972],[7.903,48.982],[7.85,48.987],[7.845,48.992]]]}},{"type":"Feature","properties":{"code":"67075","nom":"Climbach","departement":"67","region":"44","epci":"246700926"},"geometry":{"type":"Polygon","coordinates":[[[7.845,48.992],[7.842,48.996],[7.834,49.02],[7.855,49.036],[7.868,49.033],[7.87,49.014],[7.845,48.992]]]}},{"type":"Feature","properties":{"code":"67076","nom":"Colroy-la-Roche","departement":"67","region":"44","epci":"246700306"},"geometry":{"type":"Polygon","coordinates":[[[7.145,48.39],[7.155,48.404],[7.188,48.4],[7.203,48.398],[7.208,48.395],[7.181,48.379],[7.151,48.382],[7.145,48.39]]]}},{"type":"Feature","properties":{"code":"67077","nom":"Cosswiller","departement":"67","region":"44","epci":"200068864"},"geometry":{"type":"Polygon","coordinates":[[[7.415,48.638],[7.413,48.627],[7.374,48.618],[7.372,48.599],[7.375,48.582],[7.315,48.59],[7.348,48.621],[7.415,48.638]]]}},{"type":"Feature","properties":{"code":"67078","nom":"Crastatt","departement":"67","region":"44","epci":"200068864"},"geometry":{"type":"Polygon","coordinates":[[[7.443,48.662],[7.448,48.658],[7.415,48.653],[7.399,48.66],[7.4,48.663],[7.441,48.664],[7.443,48.662]]]}},{"type":"Feature","properties":{"code":"67080","nom":"Dachstein","departement":"67","region":"44","epci":"246701064"},"geometry":{"type":"Polygon","coordinates":[[[7.553,48.563],[7.567,48.545],[7.567,48.545],[7.534,48.541],[7.516,48.561],[7.518,48.561],[7.553,48.563]]]}},{"type":"Feature","properties":{"code":"67081","nom":"Dahlenheim","departement":"67","region":"44","epci":"200068864"},"geometry":{"type":"Polygon","coordinates":[[[7.544,48.585],[7.507,48.579],[7.489,48.574],[7.481,48.581],[7.512,48.596],[7.516,48.597],[7.518,48.598],[7.537,48.603],[7.539,48.597],[7.544,48.585]]]}},{"type":"Feature","properties":{"code":"67083","nom":"Dambach","departement":"67","region":"44","epci":"246701098"},"geometry":{"type":"Polygon","coordinates":[[[7.684,49.02],[7.696,49.013],[7.671,48.991],[7.593,48.984],[7.606,49.02],[7.626,49.034],[7.651,49.042],[7.684,49.02]]]}},{"type":"Feature","properties":{"code":"67084","nom":"Dambach-la-Ville","departement":"67","region":"44","epci":"200034270"},"geometry":{"type":"Polygon","coordinates":[[[7.361,48.308],[7.39,48.346],[7.44,48.339],[7.483,48.334],[7.488,48.322],[7.472,48.302],[7.423,48.301],[7.422,48.31],[7.399,48.313],[7.361,48.308]]]}},{"type":"Feature","properties":{"code":"67085","nom":"Dangolsheim","departement":"67","region":"44","epci":"200068864"},"geometry":{"type":"Polygon","coordinates":[[[7.459,48.553],[7.445,48.554],[7.434,48.561],[7.469,48.576],[7.459,48.553]]]}},{"type":"Feature","properties":{"code":"67086","nom":"Daubensand","departement":"67","region":"44","epci":"200067924"},"geometry":{"type":"Polygon","coordinates":[[[7.715,48.361],[7.736,48.362],[7.744,48.34],[7.712,48.354],[7.715,48.361]]]}},{"type":"Feature","properties":{"code":"67087","nom":"Dauendorf","departement":"67","region":"44","epci":"200067874"},"geometry":{"type":"Polygon","coordinates":[[[7.661,48.848],[7.71,48.836],[7.709,48.834],[7.675,48.831],[7.65,48.812],[7.645,48.814],[7.638,48.829],[7.661,48.848]]]}},{"type":"Feature","properties":{"code":"67088","nom":"Dehlingen","departement":"67","region":"44","epci":"200067841"},"geometry":{"type":"Polygon","coordinates":[[[7.186,48.994],[7.209,48.98],[7.196,48.969],[7.166,48.975],[7.159,48.993],[7.162,49.002],[7.174,49.006],[7.186,48.994]]]}},{"type":"Feature","properties":{"code":"67089","nom":"Dettwiller","departement":"67","region":"44","epci":"200068112"},"geometry":{"type":"Polygon","coordinates":[[[7.458,48.775],[7.482,48.763],[7.48,48.748],[7.452,48.747],[7.437,48.745],[7.433,48.776],[7.458,48.775]]]}},{"type":"Feature","properties":{"code":"67090","nom":"Diebolsheim","departement":"67","region":"44","epci":"200067924"},"geometry":{"type":"Polygon","coordinates":[[[7.639,48.281],[7.635,48.288],[7.678,48.299],[7.667,48.274],[7.639,48.273],[7.639,48.281]]]}},{"type":"Feature","properties":{"code":"67091","nom":"Diedendorf","departement":"67","region":"44","epci":"200067841"},"geometry":{"type":"Polygon","coordinates":[[[7.056,48.865],[6.987,48.891],[7.008,48.905],[7.041,48.902],[7.06,48.887],[7.056,48.865]]]}},{"type":"Feature","properties":{"code":"67092","nom":"Dieffenbach-au-Val","departement":"67","region":"44","epci":"246700777"},"geometry":{"type":"Polygon","coordinates":[[[7.335,48.325],[7.346,48.319],[7.309,48.313],[7.335,48.325],[7.335,48.325]]]}},{"type":"Feature","properties":{"code":"67093","nom":"Dieffenbach-lès-Wœrth","departement":"67","region":"44","epci":"200013050"},"geometry":{"type":"Polygon","coordinates":[[[7.821,48.926],[7.817,48.919],[7.8,48.923],[7.79,48.923],[7.774,48.933],[7.784,48.945],[7.821,48.926]]]}},{"type":"Feature","properties":{"code":"67094","nom":"Dieffenthal","departement":"67","region":"44","epci":"246700967"},"geometry":{"type":"Polygon","coordinates":[[[7.399,48.313],[7.422,48.31],[7.423,48.301],[7.399,48.313]]]}},{"type":"Feature","properties":{"code":"67095","nom":"Diemeringen","departement":"67","region":"44","epci":"200067841"},"geometry":{"type":"Polygon","coordinates":[[[7.236,48.947],[7.188,48.93],[7.167,48.94],[7.214,48.961],[7.222,48.96],[7.236,48.947]]]}},{"type":"Feature","properties":{"code":"67096","nom":"Dimbsthal","departement":"67","region":"44","epci":"200068112"},"geometry":{"type":"Polygon","coordinates":[[[7.341,48.671],[7.368,48.677],[7.343,48.665],[7.341,48.671]]]}},{"type":"Feature","properties":{"code":"67097","nom":"Dingsheim","departement":"67","region":"44","epci":"200034635"},"geometry":{"type":"Polygon","coordinates":[[[7.654,48.611],[7.649,48.613],[7.64,48.631],[7.683,48.62],[7.667,48.612],[7.654,48.611]]]}},{"type":"Feature","properties":{"code":"67098","nom":"Dinsheim-sur-Bruche","departement":"67","region":"44","epci":"246701064"},"geometry":{"type":"Polygon","coordinates":[[[7.432,48.56],[7.434,48.561],[7.445,48.554],[7.434,48.539],[7.401,48.537],[7.395,48.543],[7.431,48.56],[7.432,48.56]]]}},{"type":"Feature","properties":{"code":"67099","nom":"Domfessel","departement":"67","region":"44","epci":"200067841"},"geometry":{"type":"Polygon","coordinates":[[[7.156,48.94],[7.142,48.934],[7.122,48.942],[7.121,48.953],[7.163,48.964],[7.156,48.94]]]}},{"type":"Feature","properties":{"code":"67100","nom":"Donnenheim","departement":"67","region":"44","epci":"200067874"},"geometry":{"type":"Polygon","coordinates":[[[7.65,48.714],[7.673,48.733],[7.677,48.72],[7.65,48.714]]]}},{"type":"Feature","properties":{"code":"67101","nom":"Dorlisheim","departement":"67","region":"44","epci":"246701064"},"geometry":{"type":"Polygon","coordinates":[[[7.518,48.511],[7.514,48.511],[7.453,48.508],[7.435,48.519],[7.482,48.529],[7.515,48.531],[7.518,48.511]]]}},{"type":"Feature","properties":{"code":"67102","nom":"Dossenheim-Kochersberg","departement":"67","region":"44","epci":"200034635"},"geometry":{"type":"Polygon","coordinates":[[[7.587,48.635],[7.567,48.635],[7.567,48.637],[7.589,48.649],[7.587,48.635]]]}},{"type":"Feature","properties":{"code":"67103","nom":"Dossenheim-sur-Zinsel","departement":"67","region":"44","epci":"200067783"},"geometry":{"type":"Polygon","coordinates":[[[7.401,48.789],[7.389,48.805],[7.373,48.801],[7.349,48.799],[7.336,48.819],[7.372,48.843],[7.372,48.829],[7.381,48.803],[7.392,48.813],[7.408,48.819],[7.421,48.814],[7.422,48.8],[7.414,48.789],[7.401,48.789]]]}},{"type":"Feature","properties":{"code":"67104","nom":"Drachenbronn-Birlenbach","departement":"67","region":"44","epci":"246700926"},"geometry":{"type":"Polygon","coordinates":[[[7.908,48.972],[7.91,48.97],[7.897,48.969],[7.864,48.972],[7.85,48.987],[7.903,48.982],[7.908,48.972]]]}},{"type":"Feature","properties":{"code":"67105","nom":"Drulingen","departement":"67","region":"44","epci":"200067841"},"geometry":{"type":"Polygon","coordinates":[[[7.19,48.883],[7.201,48.878],[7.212,48.865],[7.213,48.853],[7.195,48.855],[7.173,48.879],[7.19,48.883]]]}},{"type":"Feature","properties":{"code":"67107","nom":"Duntzenheim","departement":"67","region":"44","epci":"246700959"},"geometry":{"type":"Polygon","coordinates":[[[7.561,48.72],[7.566,48.716],[7.553,48.706],[7.527,48.698],[7.525,48.722],[7.547,48.725],[7.563,48.724],[7.561,48.72]]]}},{"type":"Feature","properties":{"code":"67108","nom":"Duppigheim","departement":"67","region":"44","epci":"246701064"},"geometry":{"type":"Polygon","coordinates":[[[7.601,48.554],[7.606,48.542],[7.612,48.522],[7.589,48.513],[7.576,48.545],[7.587,48.552],[7.601,48.554]]]}},{"type":"Feature","properties":{"code":"67109","nom":"Durningen","departement":"67","region":"44","epci":"200034635"},"geometry":{"type":"Polygon","coordinates":[[[7.549,48.679],[7.545,48.689],[7.548,48.695],[7.569,48.694],[7.579,48.679],[7.583,48.673],[7.549,48.679]]]}},{"type":"Feature","properties":{"code":"67110","nom":"Durrenbach","departement":"67","region":"44","epci":"200013050"},"geometry":{"type":"Polygon","coordinates":[[[7.75,48.887],[7.746,48.896],[7.754,48.913],[7.769,48.907],[7.785,48.895],[7.75,48.887]]]}},{"type":"Feature","properties":{"code":"67111","nom":"Durstel","departement":"67","region":"44","epci":"200067841"},"geometry":{"type":"Polygon","coordinates":[[[7.185,48.895],[7.192,48.899],[7.219,48.899],[7.235,48.891],[7.201,48.878],[7.19,48.883],[7.185,48.895]]]}},{"type":"Feature","properties":{"code":"67112","nom":"Duttlenheim","departement":"67","region":"44","epci":"246701064"},"geometry":{"type":"Polygon","coordinates":[[[7.567,48.545],[7.576,48.545],[7.589,48.513],[7.586,48.513],[7.558,48.504],[7.553,48.535],[7.567,48.545],[7.567,48.545]]]}},{"type":"Feature","properties":{"code":"67115","nom":"Ebersheim","departement":"67","region":"44","epci":"246700967"},"geometry":{"type":"Polygon","coordinates":[[[7.472,48.302],[7.488,48.322],[7.502,48.325],[7.524,48.317],[7.508,48.285],[7.469,48.298],[7.472,48.302]]]}},{"type":"Feature","properties":{"code":"67116","nom":"Ebersmunster","departement":"67","region":"44","epci":"246700967"},"geometry":{"type":"Polygon","coordinates":[[[7.508,48.285],[7.524,48.317],[7.548,48.313],[7.538,48.285],[7.512,48.284],[7.508,48.285]]]}},{"type":"Feature","properties":{"code":"67117","nom":"Eckartswiller","departement":"67","region":"44","epci":"200068112"},"geometry":{"type":"Polygon","coordinates":[[[7.31,48.799],[7.341,48.798],[7.327,48.781],[7.374,48.765],[7.364,48.757],[7.32,48.765],[7.313,48.767],[7.29,48.786],[7.291,48.794],[7.31,48.799]]]}},{"type":"Feature","properties":{"code":"67118","nom":"Eckbolsheim","departement":"67","region":"44","epci":"246700488"},"geometry":{"type":"Polygon","coordinates":[[[7.674,48.564],[7.664,48.566],[7.673,48.598],[7.688,48.598],[7.702,48.568],[7.674,48.564]]]}},{"type":"Feature","properties":{"code":"67119","nom":"Eckwersheim","departement":"67","region":"44","epci":"246700488"},"geometry":{"type":"Polygon","coordinates":[[[7.669,48.686],[7.691,48.697],[7.719,48.686],[7.687,48.671],[7.669,48.686]]]}},{"type":"Feature","properties":{"code":"67120","nom":"Eichhoffen","departement":"67","region":"44","epci":"200034270"},"geometry":{"type":"Polygon","coordinates":[[[7.438,48.371],[7.426,48.369],[7.428,48.372],[7.437,48.387],[7.449,48.386],[7.453,48.375],[7.438,48.371]]]}},{"type":"Feature","properties":{"code":"67121","nom":"Elsenheim","departement":"67","region":"44","epci":"200030526"},"geometry":{"type":"Polygon","coordinates":[[[7.527,48.166],[7.52,48.149],[7.47,48.16],[7.473,48.182],[7.527,48.166]]]}},{"type":"Feature","properties":{"code":"67122","nom":"Wangenbourg-Engenthal","departement":"67","region":"44","epci":"200068864"},"geometry":{"type":"Polygon","coordinates":[[[7.266,48.592],[7.283,48.643],[7.304,48.66],[7.313,48.661],[7.339,48.649],[7.348,48.621],[7.315,48.59],[7.266,48.592]]]}},{"type":"Feature","properties":{"code":"67123","nom":"Engwiller","departement":"67","region":"44","epci":"200067874"},"geometry":{"type":"Polygon","coordinates":[[[7.602,48.874],[7.606,48.888],[7.629,48.896],[7.63,48.895],[7.624,48.873],[7.615,48.87],[7.602,48.874]]]}},{"type":"Feature","properties":{"code":"67124","nom":"Entzheim","departement":"67","region":"44","epci":"246700488"},"geometry":{"type":"Polygon","coordinates":[[[7.606,48.542],[7.622,48.547],[7.662,48.547],[7.661,48.543],[7.631,48.52],[7.612,48.522],[7.606,48.542]]]}},{"type":"Feature","properties":{"code":"67125","nom":"Epfig","departement":"67","region":"44","epci":"200034270"},"geometry":{"type":"Polygon","coordinates":[[[7.514,48.357],[7.518,48.35],[7.502,48.325],[7.488,48.322],[7.483,48.334],[7.44,48.339],[7.44,48.347],[7.42,48.364],[7.438,48.371],[7.453,48.375],[7.464,48.376],[7.514,48.357]]]}},{"type":"Feature","properties":{"code":"67126","nom":"Erckartswiller","departement":"67","region":"44","epci":"200067783"},"geometry":{"type":"Polygon","coordinates":[[[7.382,48.869],[7.346,48.873],[7.326,48.889],[7.369,48.898],[7.387,48.906],[7.399,48.896],[7.372,48.895],[7.382,48.869]]]}},{"type":"Feature","properties":{"code":"67127","nom":"Ergersheim","departement":"67","region":"44","epci":"246701064"},"geometry":{"type":"Polygon","coordinates":[[[7.507,48.579],[7.544,48.585],[7.558,48.582],[7.553,48.563],[7.518,48.561],[7.507,48.579]]]}},{"type":"Feature","properties":{"code":"67128","nom":"Ernolsheim-Bruche","departement":"67","region":"44","epci":"246701064"},"geometry":{"type":"Polygon","coordinates":[[[7.576,48.545],[7.567,48.545],[7.553,48.563],[7.558,48.582],[7.584,48.581],[7.58,48.575],[7.587,48.552],[7.576,48.545]]]}},{"type":"Feature","properties":{"code":"67129","nom":"Ernolsheim-lès-Saverne","departement":"67","region":"44","epci":"200068112"},"geometry":{"type":"Polygon","coordinates":[[[7.349,48.799],[7.373,48.801],[7.389,48.805],[7.401,48.789],[7.39,48.771],[7.348,48.784],[7.345,48.798],[7.349,48.799]]]}},{"type":"Feature","properties":{"code":"67130","nom":"Erstein","departement":"67","region":"44","epci":"200067924"},"geometry":{"type":"Polygon","coordinates":[[[7.629,48.414],[7.623,48.418],[7.627,48.447],[7.634,48.444],[7.74,48.439],[7.753,48.434],[7.733,48.398],[7.71,48.405],[7.682,48.392],[7.629,48.414]]]}},{"type":"Feature","properties":{"code":"67131","nom":"Eschau","departement":"67","region":"44","epci":"246700488"},"geometry":{"type":"Polygon","coordinates":[[[7.699,48.45],[7.695,48.451],[7.696,48.478],[7.698,48.482],[7.702,48.496],[7.757,48.493],[7.771,48.492],[7.767,48.464],[7.721,48.48],[7.699,48.45]]]}},{"type":"Feature","properties":{"code":"67132","nom":"Eschbach","departement":"67","region":"44","epci":"200013050"},"geometry":{"type":"Polygon","coordinates":[[[7.728,48.884],[7.753,48.882],[7.759,48.879],[7.719,48.871],[7.728,48.884]]]}},{"type":"Feature","properties":{"code":"67133","nom":"Eschbourg","departement":"67","region":"44","epci":"200067783"},"geometry":{"type":"Polygon","coordinates":[[[7.291,48.794],[7.27,48.803],[7.263,48.819],[7.263,48.819],[7.277,48.843],[7.296,48.855],[7.314,48.842],[7.304,48.824],[7.31,48.799],[7.291,48.794]]]}},{"type":"Feature","properties":{"code":"67134","nom":"Eschwiller","departement":"67","region":"44","epci":"200067841"},"geometry":{"type":"Polygon","coordinates":[[[7.1,48.847],[7.089,48.848],[7.094,48.863],[7.107,48.868],[7.135,48.857],[7.129,48.85],[7.1,48.847]]]}},{"type":"Feature","properties":{"code":"67135","nom":"Ettendorf","departement":"67","region":"44","epci":"246700959"},"geometry":{"type":"Polygon","coordinates":[[[7.572,48.829],[7.587,48.833],[7.599,48.82],[7.606,48.806],[7.575,48.798],[7.568,48.801],[7.57,48.815],[7.572,48.829]]]}},{"type":"Feature","properties":{"code":"67136","nom":"Eywiller","departement":"67","region":"44","epci":"200067841"},"geometry":{"type":"Polygon","coordinates":[[[7.105,48.881],[7.115,48.884],[7.14,48.878],[7.144,48.872],[7.135,48.857],[7.107,48.868],[7.105,48.881]]]}},{"type":"Feature","properties":{"code":"67137","nom":"Fegersheim","departement":"67","region":"44","epci":"246700488"},"geometry":{"type":"Polygon","coordinates":[[[7.703,48.509],[7.702,48.496],[7.698,48.482],[7.675,48.487],[7.666,48.502],[7.703,48.509]]]}},{"type":"Feature","properties":{"code":"67138","nom":"Fessenheim-le-Bas","departement":"67","region":"44","epci":"200034635"},"geometry":{"type":"Polygon","coordinates":[[[7.567,48.635],[7.56,48.622],[7.547,48.623],[7.529,48.63],[7.526,48.637],[7.548,48.644],[7.554,48.643],[7.567,48.637],[7.567,48.635]]]}},{"type":"Feature","properties":{"code":"67139","nom":"Flexbourg","departement":"67","region":"44","epci":"200068864"},"geometry":{"type":"Polygon","coordinates":[[[7.432,48.56],[7.431,48.56],[7.407,48.568],[7.431,48.576],[7.432,48.56]]]}},{"type":"Feature","properties":{"code":"67141","nom":"Forstheim","departement":"67","region":"44","epci":"200013050"},"geometry":{"type":"Polygon","coordinates":[[[7.726,48.889],[7.707,48.881],[7.705,48.887],[7.697,48.891],[7.72,48.906],[7.726,48.889]]]}},{"type":"Feature","properties":{"code":"67143","nom":"Fouchy","departement":"67","region":"44","epci":"246700777"},"geometry":{"type":"Polygon","coordinates":[[[7.259,48.305],[7.204,48.31],[7.25,48.324],[7.268,48.331],[7.276,48.332],[7.259,48.305]]]}},{"type":"Feature","properties":{"code":"67144","nom":"Fouday","departement":"67","region":"44","epci":"246700306"},"geometry":{"type":"Polygon","coordinates":[[[7.204,48.422],[7.203,48.415],[7.184,48.409],[7.176,48.418],[7.183,48.433],[7.204,48.422]]]}},{"type":"Feature","properties":{"code":"67145","nom":"Friedolsheim","departement":"67","region":"44","epci":"200068112"},"geometry":{"type":"Polygon","coordinates":[[[7.479,48.715],[7.494,48.714],[7.495,48.695],[7.488,48.698],[7.471,48.704],[7.472,48.712],[7.479,48.715]]]}},{"type":"Feature","properties":{"code":"67146","nom":"Friesenheim","departement":"67","region":"44","epci":"200067924"},"geometry":{"type":"Polygon","coordinates":[[[7.635,48.288],[7.625,48.3],[7.632,48.321],[7.64,48.327],[7.692,48.315],[7.678,48.299],[7.635,48.288]]]}},{"type":"Feature","properties":{"code":"67147","nom":"Frœschwiller","departement":"67","region":"44","epci":"200013050"},"geometry":{"type":"Polygon","coordinates":[[[7.716,48.951],[7.734,48.953],[7.732,48.926],[7.717,48.923],[7.702,48.943],[7.716,48.951]]]}},{"type":"Feature","properties":{"code":"67148","nom":"Frohmuhl","departement":"67","region":"44","epci":"200067783"},"geometry":{"type":"Polygon","coordinates":[[[7.283,48.902],[7.266,48.904],[7.272,48.914],[7.288,48.922],[7.29,48.915],[7.283,48.902]]]}},{"type":"Feature","properties":{"code":"67149","nom":"Furchhausen","departement":"67","region":"44","epci":"200068112"},"geometry":{"type":"Polygon","coordinates":[[[7.449,48.719],[7.45,48.716],[7.432,48.71],[7.415,48.723],[7.42,48.731],[7.449,48.719]]]}},{"type":"Feature","properties":{"code":"67150","nom":"Furdenheim","departement":"67","region":"44","epci":"200034635"},"geometry":{"type":"Polygon","coordinates":[[[7.537,48.603],[7.547,48.623],[7.56,48.622],[7.574,48.618],[7.587,48.612],[7.582,48.611],[7.565,48.602],[7.539,48.597],[7.537,48.603]]]}},{"type":"Feature","properties":{"code":"67151","nom":"Gambsheim","departement":"67","region":"44","epci":"200041325"},"geometry":{"type":"Polygon","coordinates":[[[7.868,48.715],[7.912,48.704],[7.925,48.69],[7.896,48.667],[7.872,48.675],[7.84,48.699],[7.868,48.715]]]}},{"type":"Feature","properties":{"code":"67152","nom":"Geispolsheim","departement":"67","region":"44","epci":"246700488"},"geometry":{"type":"Polygon","coordinates":[[[7.688,48.547],[7.696,48.534],[7.703,48.509],[7.666,48.502],[7.635,48.483],[7.613,48.477],[7.631,48.52],[7.661,48.543],[7.688,48.547]]]}},{"type":"Feature","properties":{"code":"67153","nom":"Geiswiller-Zœbersdorf","departement":"67","region":"44","epci":"246700959"},"geometry":{"type":"Polygon","coordinates":[[[7.512,48.78],[7.504,48.779],[7.491,48.783],[7.487,48.803],[7.492,48.805],[7.521,48.798],[7.536,48.798],[7.54,48.793],[7.512,48.78]]]}},{"type":"Feature","properties":{"code":"67154","nom":"Gerstheim","departement":"67","region":"44","epci":"200067924"},"geometry":{"type":"Polygon","coordinates":[[[7.736,48.362],[7.715,48.361],[7.678,48.37],[7.657,48.355],[7.655,48.361],[7.658,48.368],[7.672,48.375],[7.682,48.392],[7.71,48.405],[7.733,48.398],[7.736,48.362]]]}},{"type":"Feature","properties":{"code":"67155","nom":"Gertwiller","departement":"67","region":"44","epci":"200034270"},"geometry":{"type":"Polygon","coordinates":[[[7.492,48.409],[7.481,48.399],[7.46,48.413],[7.462,48.425],[7.492,48.409]]]}},{"type":"Feature","properties":{"code":"67156","nom":"Geudertheim","departement":"67","region":"44","epci":"246700843"},"geometry":{"type":"Polygon","coordinates":[[[7.787,48.737],[7.79,48.733],[7.771,48.712],[7.753,48.693],[7.764,48.669],[7.747,48.687],[7.757,48.744],[7.787,48.737]]]}},{"type":"Feature","properties":{"code":"67159","nom":"Gœrlingen","departement":"67","region":"44","epci":"200067841"},"geometry":{"type":"Polygon","coordinates":[[[7.085,48.812],[7.087,48.814],[7.09,48.814],[7.105,48.797],[7.079,48.786],[7.067,48.799],[7.085,48.812]]]}},{"type":"Feature","properties":{"code":"67160","nom":"Gœrsdorf","departement":"67","region":"44","epci":"200013050"},"geometry":{"type":"Polygon","coordinates":[[[7.784,48.945],[7.774,48.933],[7.752,48.931],[7.762,48.968],[7.779,48.99],[7.803,48.973],[7.784,48.945]]]}},{"type":"Feature","properties":{"code":"67161","nom":"Gottenhouse","departement":"67","region":"44","epci":"200068112"},"geometry":{"type":"Polygon","coordinates":[[[7.361,48.707],[7.36,48.708],[7.349,48.723],[7.361,48.724],[7.367,48.718],[7.361,48.707]]]}},{"type":"Feature","properties":{"code":"67162","nom":"Gottesheim","departement":"67","region":"44","epci":"200068112"},"geometry":{"type":"Polygon","coordinates":[[[7.498,48.768],[7.482,48.763],[7.458,48.775],[7.459,48.784],[7.491,48.783],[7.504,48.779],[7.498,48.768]]]}},{"type":"Feature","properties":{"code":"67163","nom":"Gougenheim","departement":"67","region":"44","epci":"200034635"},"geometry":{"type":"Polygon","coordinates":[[[7.601,48.704],[7.593,48.697],[7.569,48.694],[7.548,48.695],[7.553,48.706],[7.566,48.716],[7.601,48.704]]]}},{"type":"Feature","properties":{"code":"67164","nom":"Goxwiller","departement":"67","region":"44","epci":"200034270"},"geometry":{"type":"Polygon","coordinates":[[[7.505,48.435],[7.496,48.425],[7.462,48.426],[7.461,48.43],[7.494,48.438],[7.505,48.435]]]}},{"type":"Feature","properties":{"code":"67165","nom":"Grandfontaine","departement":"67","region":"44","epci":"246700306"},"geometry":{"type":"Polygon","coordinates":[[[7.065,48.524],[7.08,48.537],[7.115,48.537],[7.168,48.528],[7.17,48.516],[7.173,48.484],[7.108,48.44],[7.106,48.444],[7.119,48.484],[7.094,48.489],[7.094,48.506],[7.123,48.514],[7.081,48.513],[7.077,48.516],[7.065,48.524]]]}},{"type":"Feature","properties":{"code":"67166","nom":"Grassendorf","departement":"67","region":"44","epci":"246700959"},"geometry":{"type":"Polygon","coordinates":[[[7.614,48.804],[7.606,48.806],[7.599,48.82],[7.619,48.825],[7.619,48.806],[7.614,48.804]]]}},{"type":"Feature","properties":{"code":"67167","nom":"Grendelbruch","departement":"67","region":"44","epci":"246700744"},"geometry":{"type":"Polygon","coordinates":[[[7.27,48.462],[7.288,48.471],[7.292,48.499],[7.335,48.505],[7.338,48.493],[7.321,48.466],[7.285,48.446],[7.278,48.453],[7.27,48.462]]]}},{"type":"Feature","properties":{"code":"67168","nom":"Gresswiller","departement":"67","region":"44","epci":"246701064"},"geometry":{"type":"Polygon","coordinates":[[[7.391,48.501],[7.382,48.528],[7.401,48.537],[7.434,48.539],[7.432,48.52],[7.391,48.501]]]}},{"type":"Feature","properties":{"code":"67169","nom":"Gries","departement":"67","region":"44","epci":"246700843"},"geometry":{"type":"Polygon","coordinates":[[[7.862,48.731],[7.827,48.732],[7.793,48.744],[7.814,48.778],[7.826,48.775],[7.862,48.731]]]}},{"type":"Feature","properties":{"code":"67172","nom":"Griesheim-près-Molsheim","departement":"67","region":"44","epci":"246700744"},"geometry":{"type":"Polygon","coordinates":[[[7.518,48.511],[7.553,48.504],[7.548,48.495],[7.512,48.494],[7.514,48.511],[7.518,48.511]]]}},{"type":"Feature","properties":{"code":"67173","nom":"Griesheim-sur-Souffel","departement":"67","region":"44","epci":"200034635"},"geometry":{"type":"Polygon","coordinates":[[[7.69,48.622],[7.683,48.62],[7.683,48.62],[7.64,48.631],[7.637,48.638],[7.697,48.64],[7.694,48.629],[7.69,48.622]]]}},{"type":"Feature","properties":{"code":"67174","nom":"Gumbrechtshoffen","departement":"67","region":"44","epci":"246701098"},"geometry":{"type":"Polygon","coordinates":[[[7.64,48.906],[7.646,48.899],[7.629,48.896],[7.606,48.888],[7.605,48.907],[7.615,48.91],[7.631,48.918],[7.64,48.906]]]}},{"type":"Feature","properties":{"code":"67176","nom":"Gundershoffen","departement":"67","region":"44","epci":"246701098"},"geometry":{"type":"Polygon","coordinates":[[[7.646,48.899],[7.64,48.906],[7.692,48.924],[7.702,48.943],[7.717,48.923],[7.72,48.906],[7.697,48.891],[7.668,48.879],[7.663,48.885],[7.646,48.899]]]}},{"type":"Feature","properties":{"code":"67177","nom":"Gunstett","departement":"67","region":"44","epci":"200013050"},"geometry":{"type":"Polygon","coordinates":[[[7.8,48.923],[7.8,48.903],[7.769,48.907],[7.754,48.913],[7.752,48.918],[7.754,48.923],[7.79,48.923],[7.8,48.923]]]}},{"type":"Feature","properties":{"code":"67178","nom":"Gungwiller","departement":"67","region":"44","epci":"200067841"},"geometry":{"type":"Polygon","coordinates":[[[7.165,48.875],[7.144,48.872],[7.14,48.878],[7.161,48.885],[7.165,48.875]]]}},{"type":"Feature","properties":{"code":"67179","nom":"Haegen","departement":"67","region":"44","epci":"200068112"},"geometry":{"type":"Polygon","coordinates":[[[7.286,48.732],[7.287,48.731],[7.308,48.721],[7.349,48.723],[7.36,48.708],[7.334,48.705],[7.321,48.684],[7.307,48.707],[7.282,48.704],[7.271,48.663],[7.255,48.673],[7.242,48.692],[7.265,48.701],[7.286,48.732]]]}},{"type":"Feature","properties":{"code":"67180","nom":"Haguenau","departement":"67","region":"44","epci":"200067874"},"geometry":{"type":"Polygon","coordinates":[[[7.759,48.879],[7.801,48.89],[7.807,48.902],[7.859,48.894],[7.904,48.89],[7.959,48.865],[7.997,48.836],[7.99,48.832],[7.962,48.838],[7.937,48.805],[7.932,48.807],[7.927,48.81],[7.915,48.805],[7.88,48.797],[7.846,48.792],[7.831,48.779],[7.826,48.775],[7.814,48.778],[7.755,48.784],[7.724,48.781],[7.736,48.802],[7.769,48.808],[7.739,48.837],[7.71,48.836],[7.661,48.848],[7.657,48.847],[7.638,48.857],[7.641,48.861],[7.668,48.865],[7.693,48.866],[7.705,48.887],[7.707,48.881],[7.719,48.871],[7.759,48.879]]]}},{"type":"Feature","properties":{"code":"67181","nom":"Handschuheim","departement":"67","region":"44","epci":"200034635"},"geometry":{"type":"Polygon","coordinates":[[[7.565,48.602],[7.582,48.611],[7.587,48.589],[7.565,48.602]]]}},{"type":"Feature","properties":{"code":"67182","nom":"Hangenbieten","departement":"67","region":"44","epci":"246700488"},"geometry":{"type":"Polygon","coordinates":[[[7.622,48.547],[7.606,48.542],[7.601,48.554],[7.601,48.564],[7.61,48.571],[7.624,48.565],[7.622,48.547]]]}},{"type":"Feature","properties":{"code":"67183","nom":"Harskirchen","departement":"67","region":"44","epci":"200067841"},"geometry":{"type":"Polygon","coordinates":[[[7.037,48.954],[7.053,48.937],[7.05,48.923],[7.041,48.902],[7.008,48.905],[7.003,48.941],[7.026,48.956],[7.032,48.956],[7.037,48.954]]]}},{"type":"Feature","properties":{"code":"67185","nom":"Hattmatt","departement":"67","region":"44","epci":"200068112"},"geometry":{"type":"Polygon","coordinates":[[[7.433,48.776],[7.414,48.789],[7.422,48.8],[7.451,48.784],[7.459,48.784],[7.458,48.775],[7.433,48.776]]]}},{"type":"Feature","properties":{"code":"67186","nom":"Hegeney","departement":"67","region":"44","epci":"200013050"},"geometry":{"type":"Polygon","coordinates":[[[7.753,48.882],[7.728,48.884],[7.726,48.889],[7.746,48.896],[7.75,48.887],[7.753,48.882]]]}},{"type":"Feature","properties":{"code":"67187","nom":"Heidolsheim","departement":"67","region":"44","epci":"200030526"},"geometry":{"type":"Polygon","coordinates":[[[7.481,48.209],[7.498,48.214],[7.537,48.205],[7.533,48.197],[7.481,48.209]]]}},{"type":"Feature","properties":{"code":"67188","nom":"Heiligenberg","departement":"67","region":"44","epci":"246701064"},"geometry":{"type":"Polygon","coordinates":[[[7.395,48.543],[7.401,48.537],[7.382,48.528],[7.366,48.519],[7.362,48.55],[7.395,48.543]]]}},{"type":"Feature","properties":{"code":"67189","nom":"Heiligenstein","departement":"67","region":"44","epci":"200034270"},"geometry":{"type":"Polygon","coordinates":[[[7.462,48.426],[7.462,48.425],[7.46,48.413],[7.425,48.418],[7.424,48.432],[7.461,48.43],[7.462,48.426]]]}},{"type":"Feature","properties":{"code":"67190","nom":"Hengwiller","departement":"67","region":"44","epci":"200068112"},"geometry":{"type":"Polygon","coordinates":[[[7.313,48.661],[7.339,48.674],[7.341,48.671],[7.343,48.665],[7.313,48.661]]]}},{"type":"Feature","properties":{"code":"67191","nom":"Herbitzheim","departement":"67","region":"44","epci":"200067841"},"geometry":{"type":"Polygon","coordinates":[[[7.088,48.992],[7.047,49],[7.052,49.009],[7.055,49.031],[7.079,49.05],[7.106,49.045],[7.119,49.037],[7.122,49.023],[7.088,48.992]]]}},{"type":"Feature","properties":{"code":"67192","nom":"Herbsheim","departement":"67","region":"44","epci":"200067924"},"geometry":{"type":"Polygon","coordinates":[[[7.657,48.355],[7.653,48.343],[7.64,48.327],[7.609,48.347],[7.626,48.365],[7.655,48.361],[7.657,48.355]]]}},{"type":"Feature","properties":{"code":"67194","nom":"Herrlisheim","departement":"67","region":"44","epci":"200041325"},"geometry":{"type":"Polygon","coordinates":[[[7.95,48.735],[7.932,48.722],[7.871,48.717],[7.884,48.74],[7.921,48.752],[7.95,48.735]]]}},{"type":"Feature","properties":{"code":"67195","nom":"Hessenheim","departement":"67","region":"44","epci":"200030526"},"geometry":{"type":"Polygon","coordinates":[[[7.537,48.193],[7.533,48.197],[7.537,48.205],[7.547,48.22],[7.568,48.213],[7.574,48.203],[7.555,48.195],[7.537,48.193]]]}},{"type":"Feature","properties":{"code":"67196","nom":"Hilsenheim","departement":"67","region":"44","epci":"200030526"},"geometry":{"type":"Polygon","coordinates":[[[7.548,48.313],[7.566,48.32],[7.591,48.323],[7.597,48.322],[7.61,48.302],[7.594,48.281],[7.568,48.268],[7.538,48.285],[7.548,48.313]]]}},{"type":"Feature","properties":{"code":"67197","nom":"Hindisheim","departement":"67","region":"44","epci":"200067924"},"geometry":{"type":"Polygon","coordinates":[[[7.66,48.475],[7.623,48.451],[7.592,48.447],[7.592,48.468],[7.594,48.469],[7.608,48.475],[7.613,48.477],[7.635,48.483],[7.665,48.486],[7.66,48.475]]]}},{"type":"Feature","properties":{"code":"67198","nom":"Hinsbourg","departement":"67","region":"44","epci":"200067783"},"geometry":{"type":"Polygon","coordinates":[[[7.289,48.894],[7.283,48.902],[7.29,48.915],[7.313,48.898],[7.315,48.894],[7.289,48.894]]]}},{"type":"Feature","properties":{"code":"67199","nom":"Hinsingen","departement":"67","region":"44","epci":"200067841"},"geometry":{"type":"Polygon","coordinates":[[[7.003,48.941],[6.983,48.942],[6.987,48.95],[6.993,48.961],[7.019,48.958],[7.003,48.941]]]}},{"type":"Feature","properties":{"code":"67200","nom":"Hipsheim","departement":"67","region":"44","epci":"200067924"},"geometry":{"type":"Polygon","coordinates":[[[7.696,48.478],[7.695,48.451],[7.659,48.461],[7.663,48.47],[7.696,48.478]]]}},{"type":"Feature","properties":{"code":"67201","nom":"Hirschland","departement":"67","region":"44","epci":"200067841"},"geometry":{"type":"Polygon","coordinates":[[[7.108,48.822],[7.1,48.847],[7.129,48.85],[7.149,48.845],[7.139,48.817],[7.108,48.822]]]}},{"type":"Feature","properties":{"code":"67202","nom":"Hochfelden","departement":"67","region":"44","epci":"246700959"},"geometry":{"type":"Polygon","coordinates":[[[7.535,48.744],[7.531,48.755],[7.544,48.77],[7.559,48.772],[7.585,48.773],[7.593,48.75],[7.58,48.734],[7.563,48.724],[7.547,48.725],[7.535,48.744]]]}},{"type":"Feature","properties":{"code":"67203","nom":"Hochstett","departement":"67","region":"44","epci":"200067874"},"geometry":{"type":"Polygon","coordinates":[[[7.673,48.785],[7.685,48.783],[7.687,48.773],[7.669,48.765],[7.667,48.767],[7.673,48.785]]]}},{"type":"Feature","properties":{"code":"67204","nom":"Hœnheim","departement":"67","region":"44","epci":"246700488"},"geometry":{"type":"Polygon","coordinates":[[[7.779,48.639],[7.781,48.639],[7.778,48.626],[7.768,48.617],[7.767,48.618],[7.765,48.619],[7.718,48.62],[7.721,48.623],[7.755,48.629],[7.758,48.632],[7.779,48.639]]]}},{"type":"Feature","properties":{"code":"67205","nom":"Hœrdt","departement":"67","region":"44","epci":"246700843"},"geometry":{"type":"Polygon","coordinates":[[[7.771,48.712],[7.792,48.711],[7.818,48.69],[7.818,48.687],[7.797,48.669],[7.764,48.669],[7.753,48.693],[7.771,48.712]]]}},{"type":"Feature","properties":{"code":"67206","nom":"Hoffen","departement":"67","region":"44","epci":"200040178"},"geometry":{"type":"Polygon","coordinates":[[[7.927,48.921],[7.892,48.945],[7.902,48.947],[7.937,48.946],[7.954,48.945],[7.964,48.942],[7.961,48.921],[7.936,48.914],[7.927,48.921]]]}},{"type":"Feature","properties":{"code":"67208","nom":"Hohengœft","departement":"67","region":"44","epci":"200068864"},"geometry":{"type":"Polygon","coordinates":[[[7.483,48.653],[7.478,48.649],[7.448,48.658],[7.443,48.662],[7.47,48.672],[7.479,48.662],[7.485,48.66],[7.489,48.657],[7.483,48.653]]]}},{"type":"Feature","properties":{"code":"67209","nom":"Hohfrankenheim","departement":"67","region":"44","epci":"246700959"},"geometry":{"type":"Polygon","coordinates":[[[7.598,48.735],[7.598,48.731],[7.561,48.72],[7.563,48.724],[7.58,48.734],[7.598,48.735]]]}},{"type":"Feature","properties":{"code":"67210","nom":"Le Hohwald","departement":"67","region":"44","epci":"200034270"},"geometry":{"type":"Polygon","coordinates":[[[7.34,48.416],[7.338,48.383],[7.349,48.372],[7.331,48.379],[7.269,48.389],[7.266,48.398],[7.296,48.421],[7.316,48.428],[7.34,48.416]]]}},{"type":"Feature","properties":{"code":"67212","nom":"Holtzheim","departement":"67","region":"44","epci":"246700488"},"geometry":{"type":"Polygon","coordinates":[[[7.664,48.566],[7.674,48.564],[7.662,48.547],[7.622,48.547],[7.624,48.565],[7.65,48.568],[7.652,48.567],[7.664,48.566]]]}},{"type":"Feature","properties":{"code":"67213","nom":"Hunspach","departement":"67","region":"44","epci":"246700926"},"geometry":{"type":"Polygon","coordinates":[[[7.9,48.964],[7.897,48.969],[7.91,48.97],[7.953,48.966],[7.962,48.95],[7.954,48.945],[7.937,48.946],[7.9,48.964]]]}},{"type":"Feature","properties":{"code":"67214","nom":"Hurtigheim","departement":"67","region":"44","epci":"200034635"},"geometry":{"type":"Polygon","coordinates":[[[7.596,48.626],[7.605,48.628],[7.633,48.609],[7.587,48.612],[7.574,48.618],[7.596,48.626]]]}},{"type":"Feature","properties":{"code":"67215","nom":"Huttendorf","departement":"67","region":"44","epci":"200067874"},"geometry":{"type":"Polygon","coordinates":[[[7.645,48.814],[7.65,48.812],[7.656,48.801],[7.657,48.799],[7.64,48.788],[7.617,48.802],[7.614,48.804],[7.619,48.806],[7.645,48.814]]]}},{"type":"Feature","properties":{"code":"67216","nom":"Huttenheim","departement":"67","region":"44","epci":"200067924"},"geometry":{"type":"Polygon","coordinates":[[[7.531,48.365],[7.532,48.368],[7.572,48.374],[7.6,48.359],[7.599,48.341],[7.59,48.323],[7.564,48.357],[7.531,48.365]]]}},{"type":"Feature","properties":{"code":"67217","nom":"Ichtratzheim","departement":"67","region":"44","epci":"200067924"},"geometry":{"type":"Polygon","coordinates":[[[7.698,48.482],[7.696,48.478],[7.663,48.47],[7.66,48.475],[7.665,48.486],[7.675,48.487],[7.698,48.482]]]}},{"type":"Feature","properties":{"code":"67218","nom":"Illkirch-Graffenstaden","departement":"67","region":"44","epci":"246700488"},"geometry":{"type":"Polygon","coordinates":[[[7.703,48.509],[7.696,48.534],[7.73,48.551],[7.753,48.542],[7.767,48.516],[7.757,48.493],[7.702,48.496],[7.703,48.509]]]}},{"type":"Feature","properties":{"code":"67220","nom":"Ingenheim","departement":"67","region":"44","epci":"246700959"},"geometry":{"type":"Polygon","coordinates":[[[7.507,48.737],[7.511,48.744],[7.526,48.744],[7.535,48.744],[7.547,48.725],[7.525,48.722],[7.51,48.725],[7.507,48.737]]]}},{"type":"Feature","properties":{"code":"67222","nom":"Ingwiller","departement":"67","region":"44","epci":"200067783"},"geometry":{"type":"Polygon","coordinates":[[[7.451,48.884],[7.41,48.896],[7.446,48.901],[7.487,48.903],[7.512,48.892],[7.517,48.887],[7.505,48.879],[7.483,48.862],[7.464,48.86],[7.459,48.866],[7.451,48.884]]]}},{"type":"Feature","properties":{"code":"67223","nom":"Innenheim","departement":"67","region":"44","epci":"246701080"},"geometry":{"type":"Polygon","coordinates":[[[7.558,48.504],[7.586,48.513],[7.592,48.487],[7.548,48.495],[7.553,48.504],[7.558,48.504]]]}},{"type":"Feature","properties":{"code":"67225","nom":"Issenhausen","departement":"67","region":"44","epci":"246700959"},"geometry":{"type":"Polygon","coordinates":[[[7.542,48.812],[7.547,48.801],[7.536,48.798],[7.521,48.798],[7.527,48.809],[7.542,48.812]]]}},{"type":"Feature","properties":{"code":"67226","nom":"Ittenheim","departement":"67","region":"44","epci":"200034635"},"geometry":{"type":"Polygon","coordinates":[[[7.649,48.613],[7.654,48.611],[7.63,48.598],[7.61,48.592],[7.587,48.588],[7.587,48.589],[7.582,48.611],[7.587,48.612],[7.633,48.609],[7.649,48.613]]]}},{"type":"Feature","properties":{"code":"67227","nom":"Itterswiller","departement":"67","region":"44","epci":"200034270"},"geometry":{"type":"Polygon","coordinates":[[[7.426,48.369],[7.438,48.371],[7.42,48.364],[7.414,48.365],[7.426,48.369]]]}},{"type":"Feature","properties":{"code":"67228","nom":"Neugartheim-Ittlenheim","departement":"67","region":"44","epci":"200034635"},"geometry":{"type":"Polygon","coordinates":[[[7.525,48.656],[7.524,48.662],[7.54,48.672],[7.554,48.643],[7.548,48.644],[7.525,48.656]]]}},{"type":"Feature","properties":{"code":"67229","nom":"Jetterswiller","departement":"67","region":"44","epci":"200068864"},"geometry":{"type":"Polygon","coordinates":[[[7.434,48.676],[7.434,48.675],[7.441,48.664],[7.4,48.663],[7.397,48.674],[7.427,48.676],[7.434,48.676]]]}},{"type":"Feature","properties":{"code":"67230","nom":"Kaltenhouse","departement":"67","region":"44","epci":"200067874"},"geometry":{"type":"Polygon","coordinates":[[[7.846,48.792],[7.855,48.783],[7.831,48.779],[7.846,48.792]]]}},{"type":"Feature","properties":{"code":"67232","nom":"Keffenach","departement":"67","region":"44","epci":"200040178"},"geometry":{"type":"Polygon","coordinates":[[[7.897,48.969],[7.9,48.964],[7.896,48.959],[7.885,48.96],[7.868,48.967],[7.864,48.972],[7.897,48.969]]]}},{"type":"Feature","properties":{"code":"67233","nom":"Kertzfeld","departement":"67","region":"44","epci":"200067924"},"geometry":{"type":"Polygon","coordinates":[[[7.548,48.414],[7.55,48.396],[7.589,48.392],[7.589,48.384],[7.572,48.374],[7.532,48.368],[7.542,48.396],[7.548,48.414]]]}},{"type":"Feature","properties":{"code":"67234","nom":"Keskastel","departement":"67","region":"44","epci":"200067841"},"geometry":{"type":"Polygon","coordinates":[[[7.032,48.956],[7.047,49],[7.088,48.992],[7.103,48.976],[7.1,48.965],[7.066,48.959],[7.037,48.954],[7.032,48.956]]]}},{"type":"Feature","properties":{"code":"67236","nom":"Kienheim","departement":"67","region":"44","epci":"200034635"},"geometry":{"type":"Polygon","coordinates":[[[7.579,48.679],[7.569,48.694],[7.593,48.697],[7.579,48.679]]]}},{"type":"Feature","properties":{"code":"67237","nom":"Kilstett","departement":"67","region":"44","epci":"200041325"},"geometry":{"type":"Polygon","coordinates":[[[7.84,48.699],[7.872,48.675],[7.859,48.667],[7.818,48.687],[7.818,48.69],[7.84,48.699]]]}},{"type":"Feature","properties":{"code":"67238","nom":"Kindwiller","departement":"67","region":"44","epci":"200067874"},"geometry":{"type":"Polygon","coordinates":[[[7.579,48.852],[7.573,48.861],[7.602,48.874],[7.615,48.87],[7.61,48.858],[7.579,48.852]]]}},{"type":"Feature","properties":{"code":"67239","nom":"Kintzheim","departement":"67","region":"44","epci":"246700967"},"geometry":{"type":"Polygon","coordinates":[[[7.332,48.27],[7.334,48.272],[7.348,48.279],[7.372,48.281],[7.389,48.263],[7.422,48.259],[7.406,48.234],[7.348,48.254],[7.332,48.27]]]}},{"type":"Feature","properties":{"code":"67240","nom":"Kirchheim","departement":"67","region":"44","epci":"200068864"},"geometry":{"type":"Polygon","coordinates":[[[7.464,48.609],[7.479,48.611],[7.518,48.598],[7.516,48.597],[7.469,48.604],[7.464,48.609]]]}},{"type":"Feature","properties":{"code":"67241","nom":"Kirrberg","departement":"67","region":"44","epci":"200067841"},"geometry":{"type":"Polygon","coordinates":[[[7.087,48.814],[7.085,48.812],[7.052,48.815],[7.047,48.821],[7.054,48.836],[7.053,48.847],[7.081,48.847],[7.069,48.827],[7.087,48.814]]]}},{"type":"Feature","properties":{"code":"67242","nom":"Kirrwiller","departement":"67","region":"44","epci":"200067783"},"geometry":{"type":"Polygon","coordinates":[[[7.51,48.829],[7.542,48.827],[7.542,48.812],[7.527,48.809],[7.504,48.816],[7.51,48.829]]]}},{"type":"Feature","properties":{"code":"67244","nom":"Kleingœft","departement":"67","region":"44","epci":"200068112"},"geometry":{"type":"Polygon","coordinates":[[[7.435,48.704],[7.45,48.699],[7.463,48.692],[7.43,48.689],[7.435,48.704]]]}},{"type":"Feature","properties":{"code":"67245","nom":"Knœrsheim","departement":"67","region":"44","epci":"200068864"},"geometry":{"type":"Polygon","coordinates":[[[7.434,48.675],[7.434,48.676],[7.478,48.685],[7.477,48.683],[7.468,48.675],[7.434,48.675]]]}},{"type":"Feature","properties":{"code":"67246","nom":"Kogenheim","departement":"67","region":"44","epci":"200067924"},"geometry":{"type":"Polygon","coordinates":[[[7.566,48.32],[7.548,48.313],[7.524,48.317],[7.502,48.325],[7.518,48.35],[7.55,48.341],[7.566,48.32]]]}},{"type":"Feature","properties":{"code":"67247","nom":"Kolbsheim","departement":"67","region":"44","epci":"246700488"},"geometry":{"type":"Polygon","coordinates":[[[7.601,48.564],[7.601,48.554],[7.587,48.552],[7.58,48.575],[7.601,48.564]]]}},{"type":"Feature","properties":{"code":"67248","nom":"Krautergersheim","departement":"67","region":"44","epci":"246701080"},"geometry":{"type":"Polygon","coordinates":[[[7.545,48.473],[7.539,48.481],[7.575,48.483],[7.594,48.469],[7.592,48.468],[7.545,48.473]]]}},{"type":"Feature","properties":{"code":"67249","nom":"Krautwiller","departement":"67","region":"44","epci":"200067874"},"geometry":{"type":"Polygon","coordinates":[[[7.687,48.743],[7.672,48.734],[7.663,48.736],[7.67,48.745],[7.687,48.743]]]}},{"type":"Feature","properties":{"code":"67250","nom":"Kriegsheim","departement":"67","region":"44","epci":"200067874"},"geometry":{"type":"Polygon","coordinates":[[[7.756,48.759],[7.748,48.752],[7.721,48.752],[7.72,48.766],[7.756,48.759]]]}},{"type":"Feature","properties":{"code":"67252","nom":"Kurtzenhouse","departement":"67","region":"44","epci":"246700843"},"geometry":{"type":"Polygon","coordinates":[[[7.787,48.737],[7.793,48.744],[7.827,48.732],[7.792,48.73],[7.79,48.733],[7.787,48.737]]]}},{"type":"Feature","properties":{"code":"67253","nom":"Kuttolsheim","departement":"67","region":"44","epci":"200034635"},"geometry":{"type":"Polygon","coordinates":[[[7.483,48.653],[7.489,48.657],[7.525,48.656],[7.548,48.644],[7.526,48.637],[7.483,48.653]]]}},{"type":"Feature","properties":{"code":"67254","nom":"Kutzenhausen","departement":"67","region":"44","epci":"200013050"},"geometry":{"type":"Polygon","coordinates":[[[7.836,48.961],[7.858,48.952],[7.858,48.92],[7.842,48.92],[7.831,48.943],[7.836,48.961]]]}},{"type":"Feature","properties":{"code":"67255","nom":"Lalaye","departement":"67","region":"44","epci":"246700777"},"geometry":{"type":"Polygon","coordinates":[[[7.263,48.341],[7.268,48.331],[7.25,48.324],[7.212,48.333],[7.21,48.348],[7.231,48.351],[7.263,48.341]]]}},{"type":"Feature","properties":{"code":"67256","nom":"Lampertheim","departement":"67","region":"44","epci":"246700488"},"geometry":{"type":"Polygon","coordinates":[[[7.723,48.655],[7.696,48.643],[7.669,48.654],[7.673,48.664],[7.688,48.669],[7.723,48.655]]]}},{"type":"Feature","properties":{"code":"67257","nom":"Lampertsloch","departement":"67","region":"44","epci":"200013050"},"geometry":{"type":"Polygon","coordinates":[[[7.822,48.974],[7.836,48.961],[7.831,48.943],[7.825,48.942],[7.804,48.974],[7.842,48.996],[7.845,48.992],[7.822,48.974]]]}},{"type":"Feature","properties":{"code":"67258","nom":"Landersheim","departement":"67","region":"44","epci":"200068112"},"geometry":{"type":"Polygon","coordinates":[[[7.485,48.689],[7.488,48.698],[7.495,48.695],[7.518,48.693],[7.519,48.684],[7.492,48.686],[7.49,48.686],[7.485,48.689]]]}},{"type":"Feature","properties":{"code":"67259","nom":"Langensoultzbach","departement":"67","region":"44","epci":"200013050"},"geometry":{"type":"Polygon","coordinates":[[[7.734,48.953],[7.716,48.951],[7.702,48.97],[7.725,48.985],[7.712,49],[7.732,49.002],[7.761,48.968],[7.734,48.953]]]}},{"type":"Feature","properties":{"code":"67260","nom":"Laubach","departement":"67","region":"44","epci":"200013050"},"geometry":{"type":"Polygon","coordinates":[[[7.719,48.871],[7.707,48.881],[7.726,48.889],[7.728,48.884],[7.719,48.871]]]}},{"type":"Feature","properties":{"code":"67263","nom":"Lembach","departement":"67","region":"44","epci":"200013050"},"geometry":{"type":"Polygon","coordinates":[[[7.687,49.021],[7.732,49.027],[7.732,49.044],[7.779,49.058],[7.788,49.034],[7.811,49.014],[7.834,49.02],[7.842,48.996],[7.804,48.974],[7.803,48.973],[7.779,48.99],[7.762,48.968],[7.761,48.968],[7.732,49.002],[7.712,49],[7.696,49.013],[7.684,49.02],[7.687,49.021]]]}},{"type":"Feature","properties":{"code":"67265","nom":"Lichtenberg","departement":"67","region":"44","epci":"200067783"},"geometry":{"type":"Polygon","coordinates":[[[7.487,48.95],[7.513,48.943],[7.513,48.924],[7.487,48.903],[7.446,48.901],[7.459,48.925],[7.49,48.935],[7.487,48.95]]]}},{"type":"Feature","properties":{"code":"67266","nom":"Limersheim","departement":"67","region":"44","epci":"200067924"},"geometry":{"type":"Polygon","coordinates":[[[7.593,48.445],[7.592,48.447],[7.623,48.451],[7.66,48.475],[7.663,48.47],[7.659,48.461],[7.634,48.444],[7.627,48.447],[7.593,48.445]]]}},{"type":"Feature","properties":{"code":"67267","nom":"Lingolsheim","departement":"67","region":"44","epci":"246700488"},"geometry":{"type":"Polygon","coordinates":[[[7.704,48.558],[7.688,48.547],[7.661,48.543],[7.662,48.547],[7.674,48.564],[7.702,48.568],[7.704,48.558]]]}},{"type":"Feature","properties":{"code":"67268","nom":"Lipsheim","departement":"67","region":"44","epci":"246700488"},"geometry":{"type":"Polygon","coordinates":[[[7.666,48.502],[7.675,48.487],[7.665,48.486],[7.635,48.483],[7.666,48.502]]]}},{"type":"Feature","properties":{"code":"67269","nom":"Littenheim","departement":"67","region":"44","epci":"200068112"},"geometry":{"type":"Polygon","coordinates":[[[7.51,48.725],[7.494,48.714],[7.479,48.715],[7.475,48.722],[7.507,48.737],[7.51,48.725]]]}},{"type":"Feature","properties":{"code":"67270","nom":"Lixhausen","departement":"67","region":"44","epci":"246700959"},"geometry":{"type":"Polygon","coordinates":[[[7.575,48.798],[7.577,48.792],[7.546,48.784],[7.54,48.793],[7.536,48.798],[7.547,48.801],[7.568,48.801],[7.575,48.798]]]}},{"type":"Feature","properties":{"code":"67271","nom":"Lobsann","departement":"67","region":"44","epci":"200013050"},"geometry":{"type":"Polygon","coordinates":[[[7.836,48.961],[7.822,48.974],[7.858,48.952],[7.836,48.961]]]}},{"type":"Feature","properties":{"code":"67272","nom":"Lochwiller","departement":"67","region":"44","epci":"200068112"},"geometry":{"type":"Polygon","coordinates":[[[7.433,48.707],[7.435,48.704],[7.43,48.689],[7.428,48.687],[7.396,48.693],[7.402,48.705],[7.433,48.707]]]}},{"type":"Feature","properties":{"code":"67273","nom":"Lohr","departement":"67","region":"44","epci":"200067783"},"geometry":{"type":"Polygon","coordinates":[[[7.293,48.865],[7.296,48.855],[7.277,48.843],[7.25,48.834],[7.228,48.848],[7.234,48.85],[7.254,48.866],[7.293,48.865]]]}},{"type":"Feature","properties":{"code":"67274","nom":"Lorentzen","departement":"67","region":"44","epci":"200067841"},"geometry":{"type":"Polygon","coordinates":[[[7.167,48.94],[7.156,48.94],[7.163,48.964],[7.166,48.975],[7.196,48.969],[7.214,48.961],[7.167,48.94]]]}},{"type":"Feature","properties":{"code":"67275","nom":"Lupstein","departement":"67","region":"44","epci":"200068112"},"geometry":{"type":"Polygon","coordinates":[[[7.511,48.744],[7.507,48.737],[7.475,48.722],[7.454,48.733],[7.452,48.747],[7.48,48.748],[7.511,48.744]]]}},{"type":"Feature","properties":{"code":"67276","nom":"Lutzelhouse","departement":"67","region":"44","epci":"246700306"},"geometry":{"type":"Polygon","coordinates":[[[7.281,48.51],[7.235,48.515],[7.187,48.537],[7.201,48.553],[7.22,48.556],[7.241,48.574],[7.26,48.561],[7.258,48.542],[7.302,48.523],[7.281,48.51]]]}},{"type":"Feature","properties":{"code":"67277","nom":"Mackenheim","departement":"67","region":"44","epci":"200030526"},"geometry":{"type":"Polygon","coordinates":[[[7.537,48.193],[7.555,48.195],[7.587,48.183],[7.634,48.196],[7.637,48.196],[7.611,48.168],[7.595,48.177],[7.534,48.179],[7.537,48.193]]]}},{"type":"Feature","properties":{"code":"67278","nom":"Mackwiller","departement":"67","region":"44","epci":"200067841"},"geometry":{"type":"Polygon","coordinates":[[[7.142,48.934],[7.156,48.94],[7.167,48.94],[7.188,48.93],[7.197,48.915],[7.182,48.915],[7.164,48.911],[7.14,48.926],[7.142,48.934]]]}},{"type":"Feature","properties":{"code":"67279","nom":"Maennolsheim","departement":"67","region":"44","epci":"200068112"},"geometry":{"type":"Polygon","coordinates":[[[7.488,48.698],[7.485,48.689],[7.463,48.692],[7.45,48.699],[7.471,48.704],[7.488,48.698]]]}},{"type":"Feature","properties":{"code":"67280","nom":"Maisonsgoutte","departement":"67","region":"44","epci":"246700777"},"geometry":{"type":"Polygon","coordinates":[[[7.259,48.37],[7.277,48.358],[7.263,48.341],[7.231,48.351],[7.259,48.37]]]}},{"type":"Feature","properties":{"code":"67281","nom":"Marckolsheim","departement":"67","region":"44","epci":"200030526"},"geometry":{"type":"Polygon","coordinates":[[[7.52,48.149],[7.527,48.166],[7.534,48.179],[7.595,48.177],[7.611,48.168],[7.597,48.134],[7.577,48.12],[7.519,48.128],[7.516,48.133],[7.52,48.149]]]}},{"type":"Feature","properties":{"code":"67282","nom":"Marlenheim","departement":"67","region":"44","epci":"200068864"},"geometry":{"type":"Polygon","coordinates":[[[7.547,48.623],[7.537,48.603],[7.518,48.598],[7.479,48.611],[7.457,48.63],[7.473,48.642],[7.529,48.63],[7.547,48.623]]]}},{"type":"Feature","properties":{"code":"67283","nom":"Marmoutier","departement":"67","region":"44","epci":"200068112"},"geometry":{"type":"Polygon","coordinates":[[[7.402,48.705],[7.396,48.693],[7.389,48.679],[7.368,48.677],[7.341,48.671],[7.339,48.674],[7.334,48.684],[7.361,48.707],[7.367,48.718],[7.393,48.713],[7.402,48.705]]]}},{"type":"Feature","properties":{"code":"67285","nom":"Matzenheim","departement":"67","region":"44","epci":"200067924"},"geometry":{"type":"Polygon","coordinates":[[[7.658,48.368],[7.606,48.393],[7.612,48.404],[7.672,48.375],[7.658,48.368]]]}},{"type":"Feature","properties":{"code":"67286","nom":"Meistratzheim","departement":"67","region":"44","epci":"246701080"},"geometry":{"type":"Polygon","coordinates":[[[7.589,48.441],[7.537,48.437],[7.544,48.471],[7.545,48.473],[7.592,48.468],[7.592,48.447],[7.593,48.445],[7.589,48.442],[7.589,48.441]]]}},{"type":"Feature","properties":{"code":"67287","nom":"Melsheim","departement":"67","region":"44","epci":"246700959"},"geometry":{"type":"Polygon","coordinates":[[[7.535,48.744],[7.526,48.744],[7.498,48.768],[7.504,48.779],[7.512,48.78],[7.52,48.773],[7.531,48.755],[7.535,48.744]]]}},{"type":"Feature","properties":{"code":"67288","nom":"Memmelshoffen","departement":"67","region":"44","epci":"200040178"},"geometry":{"type":"Polygon","coordinates":[[[7.868,48.967],[7.885,48.96],[7.87,48.951],[7.868,48.967]]]}},{"type":"Feature","properties":{"code":"67289","nom":"Menchhoffen","departement":"67","region":"44","epci":"200067783"},"geometry":{"type":"Polygon","coordinates":[[[7.485,48.856],[7.483,48.862],[7.505,48.879],[7.512,48.857],[7.504,48.852],[7.485,48.856]]]}},{"type":"Feature","properties":{"code":"67290","nom":"Merkwiller-Pechelbronn","departement":"67","region":"44","epci":"200013050"},"geometry":{"type":"Polygon","coordinates":[[[7.817,48.919],[7.821,48.926],[7.825,48.942],[7.831,48.943],[7.842,48.92],[7.817,48.919]]]}},{"type":"Feature","properties":{"code":"67291","nom":"Mertzwiller","departement":"67","region":"44","epci":"246701098"},"geometry":{"type":"Polygon","coordinates":[[[7.668,48.865],[7.668,48.879],[7.697,48.891],[7.705,48.887],[7.693,48.866],[7.668,48.865]]]}},{"type":"Feature","properties":{"code":"67292","nom":"Mietesheim","departement":"67","region":"44","epci":"246701098"},"geometry":{"type":"Polygon","coordinates":[[[7.668,48.865],[7.641,48.861],[7.624,48.873],[7.63,48.895],[7.663,48.885],[7.668,48.879],[7.668,48.865]]]}},{"type":"Feature","properties":{"code":"67293","nom":"Minversheim","departement":"67","region":"44","epci":"246700959"},"geometry":{"type":"Polygon","coordinates":[[[7.64,48.788],[7.634,48.771],[7.623,48.771],[7.606,48.781],[7.617,48.802],[7.64,48.788]]]}},{"type":"Feature","properties":{"code":"67295","nom":"Mittelbergheim","departement":"67","region":"44","epci":"200034270"},"geometry":{"type":"Polygon","coordinates":[[[7.449,48.386],[7.437,48.387],[7.423,48.401],[7.463,48.393],[7.449,48.386]]]}},{"type":"Feature","properties":{"code":"67296","nom":"Mittelhausbergen","departement":"67","region":"44","epci":"246700488"},"geometry":{"type":"Polygon","coordinates":[[[7.683,48.62],[7.69,48.622],[7.702,48.616],[7.706,48.606],[7.683,48.62]]]}},{"type":"Feature","properties":{"code":"67298","nom":"Mittelschaeffolsheim","departement":"67","region":"44","epci":"200067874"},"geometry":{"type":"Polygon","coordinates":[[[7.663,48.701],[7.662,48.689],[7.637,48.699],[7.65,48.707],[7.663,48.701]]]}},{"type":"Feature","properties":{"code":"67299","nom":"Mollkirch","departement":"67","region":"44","epci":"246700744"},"geometry":{"type":"Polygon","coordinates":[[[7.391,48.501],[7.391,48.5],[7.38,48.488],[7.338,48.493],[7.335,48.505],[7.346,48.522],[7.366,48.519],[7.382,48.528],[7.391,48.501]]]}},{"type":"Feature","properties":{"code":"67300","nom":"Molsheim","departement":"67","region":"44","epci":"246701064"},"geometry":{"type":"Polygon","coordinates":[[[7.51,48.562],[7.516,48.561],[7.534,48.541],[7.515,48.531],[7.482,48.529],[7.464,48.552],[7.475,48.556],[7.51,48.562]]]}},{"type":"Feature","properties":{"code":"67301","nom":"Mommenheim","departement":"67","region":"44","epci":"200067874"},"geometry":{"type":"Polygon","coordinates":[[[7.646,48.746],[7.625,48.754],[7.623,48.771],[7.634,48.771],[7.667,48.767],[7.669,48.765],[7.672,48.758],[7.67,48.745],[7.663,48.736],[7.646,48.746]]]}},{"type":"Feature","properties":{"code":"67302","nom":"Monswiller","departement":"67","region":"44","epci":"200068112"},"geometry":{"type":"Polygon","coordinates":[[[7.374,48.765],[7.387,48.768],[7.407,48.741],[7.365,48.756],[7.364,48.757],[7.374,48.765]]]}},{"type":"Feature","properties":{"code":"67303","nom":"Morsbronn-les-Bains","departement":"67","region":"44","epci":"200013050"},"geometry":{"type":"Polygon","coordinates":[[[7.746,48.896],[7.726,48.889],[7.72,48.906],[7.717,48.923],[7.732,48.926],[7.752,48.918],[7.754,48.913],[7.746,48.896]]]}},{"type":"Feature","properties":{"code":"67304","nom":"Morschwiller","departement":"67","region":"44","epci":"200067874"},"geometry":{"type":"Polygon","coordinates":[[[7.619,48.825],[7.62,48.834],[7.638,48.829],[7.645,48.814],[7.619,48.806],[7.619,48.825]]]}},{"type":"Feature","properties":{"code":"67306","nom":"Muhlbach-sur-Bruche","departement":"67","region":"44","epci":"246700306"},"geometry":{"type":"Polygon","coordinates":[[[7.335,48.505],[7.292,48.499],[7.281,48.508],[7.281,48.51],[7.302,48.523],[7.346,48.522],[7.346,48.522],[7.335,48.505]]]}},{"type":"Feature","properties":{"code":"67307","nom":"Mulhausen","departement":"67","region":"44","epci":"200067783"},"geometry":{"type":"Polygon","coordinates":[[[7.545,48.877],[7.535,48.884],[7.553,48.897],[7.577,48.894],[7.545,48.877]]]}},{"type":"Feature","properties":{"code":"67309","nom":"Mundolsheim","departement":"67","region":"44","epci":"246700488"},"geometry":{"type":"Polygon","coordinates":[[[7.723,48.655],[7.73,48.652],[7.737,48.64],[7.719,48.626],[7.694,48.629],[7.697,48.64],[7.696,48.643],[7.723,48.655]]]}},{"type":"Feature","properties":{"code":"67310","nom":"Mussig","departement":"67","region":"44","epci":"246700967"},"geometry":{"type":"Polygon","coordinates":[[[7.537,48.205],[7.498,48.214],[7.507,48.253],[7.55,48.223],[7.547,48.22],[7.537,48.205]]]}},{"type":"Feature","properties":{"code":"67311","nom":"Muttersholtz","departement":"67","region":"44","epci":"246700967"},"geometry":{"type":"Polygon","coordinates":[[[7.562,48.253],[7.495,48.263],[7.512,48.284],[7.538,48.285],[7.568,48.268],[7.562,48.253]]]}},{"type":"Feature","properties":{"code":"67312","nom":"Mutzenhouse","departement":"67","region":"44","epci":"246700959"},"geometry":{"type":"Polygon","coordinates":[[[7.6,48.74],[7.598,48.735],[7.58,48.734],[7.593,48.75],[7.6,48.74]]]}},{"type":"Feature","properties":{"code":"67313","nom":"Mutzig","departement":"67","region":"44","epci":"246701064"},"geometry":{"type":"Polygon","coordinates":[[[7.435,48.519],[7.432,48.52],[7.434,48.539],[7.445,48.554],[7.459,48.553],[7.464,48.552],[7.482,48.529],[7.435,48.519]]]}},{"type":"Feature","properties":{"code":"67314","nom":"Natzwiller","departement":"67","region":"44","epci":"246700306"},"geometry":{"type":"Polygon","coordinates":[[[7.285,48.446],[7.267,48.434],[7.226,48.449],[7.222,48.451],[7.213,48.456],[7.278,48.453],[7.285,48.446],[7.285,48.446]]]}},{"type":"Feature","properties":{"code":"67317","nom":"Neubois","departement":"67","region":"44","epci":"246700777"},"geometry":{"type":"Polygon","coordinates":[[[7.291,48.294],[7.282,48.296],[7.284,48.308],[7.309,48.313],[7.346,48.319],[7.354,48.312],[7.359,48.307],[7.343,48.297],[7.321,48.288],[7.291,48.294]]]}},{"type":"Feature","properties":{"code":"67320","nom":"Neuve-Église","departement":"67","region":"44","epci":"246700777"},"geometry":{"type":"Polygon","coordinates":[[[7.316,48.339],[7.325,48.332],[7.335,48.325],[7.309,48.313],[7.284,48.308],[7.295,48.332],[7.316,48.339]]]}},{"type":"Feature","properties":{"code":"67321","nom":"Neuviller-la-Roche","departement":"67","region":"44","epci":"246700306"},"geometry":{"type":"Polygon","coordinates":[[[7.296,48.421],[7.239,48.422],[7.235,48.424],[7.226,48.449],[7.267,48.434],[7.285,48.446],[7.296,48.421]]]}},{"type":"Feature","properties":{"code":"67322","nom":"Neuwiller-lès-Saverne","departement":"67","region":"44","epci":"200067783"},"geometry":{"type":"Polygon","coordinates":[[[7.341,48.798],[7.31,48.799],[7.304,48.824],[7.314,48.842],[7.375,48.852],[7.428,48.844],[7.442,48.821],[7.421,48.814],[7.408,48.819],[7.392,48.813],[7.381,48.803],[7.372,48.829],[7.372,48.843],[7.336,48.819],[7.349,48.799],[7.345,48.798],[7.341,48.798]]]}},{"type":"Feature","properties":{"code":"67324","nom":"Niederbronn-les-Bains","departement":"67","region":"44","epci":"246701098"},"geometry":{"type":"Polygon","coordinates":[[[7.593,48.984],[7.671,48.991],[7.695,48.967],[7.67,48.956],[7.631,48.918],[7.615,48.951],[7.584,48.966],[7.593,48.984]]]}},{"type":"Feature","properties":{"code":"67325","nom":"Niederhaslach","departement":"67","region":"44","epci":"246701064"},"geometry":{"type":"Polygon","coordinates":[[[7.366,48.519],[7.346,48.522],[7.346,48.522],[7.327,48.537],[7.351,48.556],[7.362,48.55],[7.366,48.519]]]}},{"type":"Feature","properties":{"code":"67326","nom":"Niederhausbergen","departement":"67","region":"44","epci":"246700488"},"geometry":{"type":"Polygon","coordinates":[[[7.718,48.616],[7.702,48.616],[7.69,48.622],[7.694,48.629],[7.719,48.626],[7.721,48.623],[7.718,48.62],[7.718,48.616]]]}},{"type":"Feature","properties":{"code":"67328","nom":"Niedermodern","departement":"67","region":"44","epci":"200067874"},"geometry":{"type":"Polygon","coordinates":[[[7.661,48.848],[7.638,48.829],[7.62,48.834],[7.657,48.847],[7.661,48.848]]]}},{"type":"Feature","properties":{"code":"67329","nom":"Niedernai","departement":"67","region":"44","epci":"246701080"},"geometry":{"type":"Polygon","coordinates":[[[7.565,48.427],[7.505,48.435],[7.494,48.438],[7.496,48.453],[7.544,48.471],[7.537,48.437],[7.589,48.441],[7.579,48.436],[7.572,48.429],[7.565,48.427]]]}},{"type":"Feature","properties":{"code":"67331","nom":"Niederschaeffolsheim","departement":"67","region":"44","epci":"200067874"},"geometry":{"type":"Polygon","coordinates":[[[7.72,48.766],[7.718,48.769],[7.724,48.781],[7.755,48.784],[7.756,48.759],[7.72,48.766]]]}},{"type":"Feature","properties":{"code":"67333","nom":"Niedersoultzbach","departement":"67","region":"44","epci":"200067783"},"geometry":{"type":"Polygon","coordinates":[[[7.464,48.86],[7.483,48.862],[7.485,48.856],[7.486,48.842],[7.462,48.839],[7.464,48.86]]]}},{"type":"Feature","properties":{"code":"67334","nom":"Niedersteinbach","departement":"67","region":"44","epci":"200013050"},"geometry":{"type":"Polygon","coordinates":[[[7.732,49.044],[7.732,49.027],[7.687,49.021],[7.698,49.05],[7.732,49.044]]]}},{"type":"Feature","properties":{"code":"67335","nom":"Nordheim","departement":"67","region":"44","epci":"200068864"},"geometry":{"type":"Polygon","coordinates":[[[7.478,48.649],[7.483,48.653],[7.526,48.637],[7.529,48.63],[7.473,48.642],[7.478,48.649]]]}},{"type":"Feature","properties":{"code":"67336","nom":"Nordhouse","departement":"67","region":"44","epci":"200067924"},"geometry":{"type":"Polygon","coordinates":[[[7.695,48.451],[7.699,48.45],[7.74,48.439],[7.634,48.444],[7.659,48.461],[7.695,48.451]]]}},{"type":"Feature","properties":{"code":"67337","nom":"Nothalten","departement":"67","region":"44","epci":"200034270"},"geometry":{"type":"Polygon","coordinates":[[[7.414,48.365],[7.42,48.364],[7.44,48.347],[7.391,48.352],[7.402,48.362],[7.414,48.365]]]}},{"type":"Feature","properties":{"code":"67338","nom":"Obenheim","departement":"67","region":"44","epci":"200067924"},"geometry":{"type":"Polygon","coordinates":[[[7.653,48.343],[7.657,48.355],[7.678,48.37],[7.715,48.361],[7.712,48.354],[7.704,48.35],[7.653,48.343]]]}},{"type":"Feature","properties":{"code":"67339","nom":"Betschdorf","departement":"67","region":"44","epci":"200040178"},"geometry":{"type":"Polygon","coordinates":[[[8.012,48.863],[7.959,48.865],[7.904,48.89],[7.859,48.894],[7.868,48.919],[7.927,48.921],[7.936,48.914],[7.955,48.89],[8.012,48.863]]]}},{"type":"Feature","properties":{"code":"67340","nom":"Oberbronn","departement":"67","region":"44","epci":"246701098"},"geometry":{"type":"Polygon","coordinates":[[[7.58,48.962],[7.584,48.966],[7.615,48.951],[7.631,48.918],[7.615,48.91],[7.56,48.934],[7.557,48.936],[7.58,48.962]]]}},{"type":"Feature","properties":{"code":"67341","nom":"Oberdorf-Spachbach","departement":"67","region":"44","epci":"200013050"},"geometry":{"type":"Polygon","coordinates":[[[7.754,48.923],[7.752,48.931],[7.774,48.933],[7.79,48.923],[7.754,48.923]]]}},{"type":"Feature","properties":{"code":"67342","nom":"Oberhaslach","departement":"67","region":"44","epci":"246701064"},"geometry":{"type":"Polygon","coordinates":[[[7.26,48.561],[7.241,48.574],[7.256,48.589],[7.266,48.592],[7.315,48.59],[7.311,48.582],[7.351,48.556],[7.327,48.537],[7.26,48.561]]]}},{"type":"Feature","properties":{"code":"67343","nom":"Oberhausbergen","departement":"67","region":"44","epci":"246700488"},"geometry":{"type":"Polygon","coordinates":[[[7.683,48.62],[7.683,48.62],[7.706,48.606],[7.709,48.604],[7.688,48.598],[7.673,48.598],[7.667,48.609],[7.667,48.612],[7.683,48.62]]]}},{"type":"Feature","properties":{"code":"67344","nom":"Oberhoffen-lès-Wissembourg","departement":"67","region":"44","epci":"246700926"},"geometry":{"type":"Polygon","coordinates":[[[7.924,49.026],[7.931,49.023],[7.906,48.994],[7.9,49.004],[7.924,49.026]]]}},{"type":"Feature","properties":{"code":"67345","nom":"Oberhoffen-sur-Moder","departement":"67","region":"44","epci":"200067874"},"geometry":{"type":"Polygon","coordinates":[[[7.855,48.783],[7.846,48.792],[7.88,48.797],[7.926,48.78],[7.905,48.761],[7.9,48.759],[7.855,48.783]]]}},{"type":"Feature","properties":{"code":"67347","nom":"Obermodern-Zutzendorf","departement":"67","region":"44","epci":"200067783"},"geometry":{"type":"Polygon","coordinates":[[[7.545,48.826],[7.542,48.827],[7.51,48.829],[7.508,48.834],[7.504,48.852],[7.512,48.857],[7.545,48.872],[7.573,48.861],[7.579,48.852],[7.58,48.848],[7.551,48.825],[7.545,48.826]]]}},{"type":"Feature","properties":{"code":"67348","nom":"Obernai","departement":"67","region":"44","epci":"246701080"},"geometry":{"type":"Polygon","coordinates":[[[7.539,48.481],[7.545,48.473],[7.544,48.471],[7.496,48.453],[7.494,48.438],[7.461,48.43],[7.424,48.432],[7.418,48.435],[7.433,48.442],[7.441,48.453],[7.431,48.465],[7.456,48.478],[7.539,48.481]]]}},{"type":"Feature","properties":{"code":"67350","nom":"Oberschaeffolsheim","departement":"67","region":"44","epci":"246700488"},"geometry":{"type":"Polygon","coordinates":[[[7.65,48.568],[7.63,48.598],[7.654,48.611],[7.667,48.612],[7.667,48.609],[7.654,48.6],[7.652,48.567],[7.65,48.568]]]}},{"type":"Feature","properties":{"code":"67352","nom":"Obersoultzbach","departement":"67","region":"44","epci":"200067783"},"geometry":{"type":"Polygon","coordinates":[[[7.432,48.843],[7.433,48.861],[7.459,48.866],[7.464,48.86],[7.462,48.839],[7.432,48.843]]]}},{"type":"Feature","properties":{"code":"67353","nom":"Obersteinbach","departement":"67","region":"44","epci":"200013050"},"geometry":{"type":"Polygon","coordinates":[[[7.687,49.021],[7.684,49.02],[7.651,49.042],[7.626,49.034],[7.635,49.054],[7.675,49.045],[7.698,49.05],[7.687,49.021]]]}},{"type":"Feature","properties":{"code":"67354","nom":"Odratzheim","departement":"67","region":"44","epci":"200068864"},"geometry":{"type":"Polygon","coordinates":[[[7.47,48.602],[7.469,48.604],[7.516,48.597],[7.512,48.596],[7.488,48.597],[7.47,48.602]]]}},{"type":"Feature","properties":{"code":"67355","nom":"Oermingen","departement":"67","region":"44","epci":"200067841"},"geometry":{"type":"Polygon","coordinates":[[[7.122,49.023],[7.13,49.005],[7.162,49.002],[7.159,48.993],[7.103,48.976],[7.088,48.992],[7.122,49.023]]]}},{"type":"Feature","properties":{"code":"67356","nom":"Offendorf","departement":"67","region":"44","epci":"200041325"},"geometry":{"type":"Polygon","coordinates":[[[7.871,48.717],[7.932,48.722],[7.95,48.735],[7.968,48.73],[7.925,48.69],[7.912,48.704],[7.868,48.715],[7.871,48.717]]]}},{"type":"Feature","properties":{"code":"67358","nom":"Offwiller","departement":"67","region":"44","epci":"246701098"},"geometry":{"type":"Polygon","coordinates":[[[7.513,48.943],[7.557,48.936],[7.56,48.934],[7.579,48.902],[7.577,48.894],[7.553,48.897],[7.538,48.898],[7.513,48.924],[7.513,48.943]]]}},{"type":"Feature","properties":{"code":"67359","nom":"Ohlungen","departement":"67","region":"44","epci":"200067874"},"geometry":{"type":"Polygon","coordinates":[[[7.657,48.799],[7.656,48.801],[7.713,48.833],[7.718,48.806],[7.695,48.802],[7.662,48.796],[7.657,48.799]]]}},{"type":"Feature","properties":{"code":"67360","nom":"Ohnenheim","departement":"67","region":"44","epci":"200030526"},"geometry":{"type":"Polygon","coordinates":[[[7.533,48.197],[7.537,48.193],[7.534,48.179],[7.527,48.166],[7.473,48.182],[7.473,48.198],[7.477,48.204],[7.481,48.209],[7.533,48.197]]]}},{"type":"Feature","properties":{"code":"67361","nom":"Olwisheim","departement":"67","region":"44","epci":"200067874"},"geometry":{"type":"Polygon","coordinates":[[[7.662,48.689],[7.663,48.701],[7.677,48.709],[7.691,48.697],[7.669,48.686],[7.662,48.689]]]}},{"type":"Feature","properties":{"code":"67362","nom":"Orschwiller","departement":"67","region":"44","epci":"246700967"},"geometry":{"type":"Polygon","coordinates":[[[7.314,48.264],[7.332,48.27],[7.348,48.254],[7.406,48.234],[7.414,48.225],[7.359,48.245],[7.327,48.244],[7.314,48.264]]]}},{"type":"Feature","properties":{"code":"67363","nom":"Osthoffen","departement":"67","region":"44","epci":"246700488"},"geometry":{"type":"Polygon","coordinates":[[[7.587,48.589],[7.587,48.588],[7.584,48.581],[7.558,48.582],[7.544,48.585],[7.539,48.597],[7.565,48.602],[7.587,48.589]]]}},{"type":"Feature","properties":{"code":"67364","nom":"Osthouse","departement":"67","region":"44","epci":"200067924"},"geometry":{"type":"Polygon","coordinates":[[[7.619,48.41],[7.629,48.414],[7.682,48.392],[7.672,48.375],[7.612,48.404],[7.619,48.41]]]}},{"type":"Feature","properties":{"code":"67365","nom":"Ostwald","departement":"67","region":"44","epci":"246700488"},"geometry":{"type":"Polygon","coordinates":[[[7.696,48.534],[7.688,48.547],[7.704,48.558],[7.73,48.551],[7.696,48.534]]]}},{"type":"Feature","properties":{"code":"67366","nom":"Ottersthal","departement":"67","region":"44","epci":"200068112"},"geometry":{"type":"Polygon","coordinates":[[[7.364,48.757],[7.365,48.756],[7.34,48.75],[7.32,48.765],[7.364,48.757]]]}},{"type":"Feature","properties":{"code":"67367","nom":"Otterswiller","departement":"67","region":"44","epci":"200068112"},"geometry":{"type":"Polygon","coordinates":[[[7.393,48.713],[7.367,48.718],[7.361,48.724],[7.395,48.727],[7.393,48.713]]]}},{"type":"Feature","properties":{"code":"67368","nom":"Ottrott","departement":"67","region":"44","epci":"246700744"},"geometry":{"type":"Polygon","coordinates":[[[7.406,48.434],[7.316,48.428],[7.296,48.421],[7.285,48.446],[7.285,48.446],[7.335,48.445],[7.407,48.469],[7.431,48.465],[7.441,48.453],[7.429,48.449],[7.406,48.434]]]}},{"type":"Feature","properties":{"code":"67369","nom":"Ottwiller","departement":"67","region":"44","epci":"200067841"},"geometry":{"type":"Polygon","coordinates":[[[7.212,48.865],[7.241,48.877],[7.254,48.866],[7.234,48.85],[7.213,48.853],[7.212,48.865]]]}},{"type":"Feature","properties":{"code":"67370","nom":"Petersbach","departement":"67","region":"44","epci":"200067783"},"geometry":{"type":"Polygon","coordinates":[[[7.293,48.865],[7.254,48.866],[7.241,48.877],[7.251,48.888],[7.287,48.891],[7.293,48.865]]]}},{"type":"Feature","properties":{"code":"67371","nom":"La Petite-Pierre","departement":"67","region":"44","epci":"200067783"},"geometry":{"type":"Polygon","coordinates":[[[7.326,48.889],[7.346,48.873],[7.382,48.869],[7.374,48.852],[7.375,48.852],[7.314,48.842],[7.296,48.855],[7.293,48.865],[7.287,48.891],[7.289,48.894],[7.315,48.894],[7.326,48.889]]]}},{"type":"Feature","properties":{"code":"67372","nom":"Val-de-Moder","departement":"67","region":"44","epci":"200067874"},"geometry":{"type":"Polygon","coordinates":[[[7.619,48.825],[7.599,48.82],[7.587,48.833],[7.58,48.848],[7.579,48.852],[7.61,48.858],[7.638,48.857],[7.657,48.847],[7.62,48.834],[7.619,48.825]]]}},{"type":"Feature","properties":{"code":"67373","nom":"Pfalzweyer","departement":"67","region":"44","epci":"200067783"},"geometry":{"type":"Polygon","coordinates":[[[7.27,48.803],[7.261,48.797],[7.246,48.81],[7.263,48.819],[7.27,48.803]]]}},{"type":"Feature","properties":{"code":"67375","nom":"Pfulgriesheim","departement":"67","region":"44","epci":"200034635"},"geometry":{"type":"Polygon","coordinates":[[[7.696,48.643],[7.697,48.64],[7.637,48.638],[7.637,48.641],[7.669,48.654],[7.696,48.643]]]}},{"type":"Feature","properties":{"code":"67377","nom":"Plaine","departement":"67","region":"44","epci":"246700306"},"geometry":{"type":"Polygon","coordinates":[[[7.109,48.439],[7.145,48.447],[7.184,48.436],[7.183,48.433],[7.176,48.418],[7.159,48.407],[7.096,48.405],[7.096,48.427],[7.109,48.439]]]}},{"type":"Feature","properties":{"code":"67378","nom":"Plobsheim","departement":"67","region":"44","epci":"246700488"},"geometry":{"type":"Polygon","coordinates":[[[7.753,48.434],[7.74,48.439],[7.699,48.45],[7.721,48.48],[7.767,48.464],[7.753,48.434]]]}},{"type":"Feature","properties":{"code":"67379","nom":"Preuschdorf","departement":"67","region":"44","epci":"200013050"},"geometry":{"type":"Polygon","coordinates":[[[7.803,48.973],[7.804,48.974],[7.825,48.942],[7.821,48.926],[7.784,48.945],[7.803,48.973]]]}},{"type":"Feature","properties":{"code":"67380","nom":"Printzheim","departement":"67","region":"44","epci":"200068112"},"geometry":{"type":"Polygon","coordinates":[[[7.459,48.784],[7.451,48.784],[7.487,48.803],[7.491,48.783],[7.459,48.784]]]}},{"type":"Feature","properties":{"code":"67381","nom":"Puberg","departement":"67","region":"44","epci":"200067783"},"geometry":{"type":"Polygon","coordinates":[[[7.288,48.922],[7.287,48.924],[7.321,48.927],[7.324,48.914],[7.313,48.898],[7.29,48.915],[7.288,48.922]]]}},{"type":"Feature","properties":{"code":"67382","nom":"Quatzenheim","departement":"67","region":"44","epci":"200034635"},"geometry":{"type":"Polygon","coordinates":[[[7.56,48.622],[7.567,48.635],[7.587,48.635],[7.596,48.626],[7.574,48.618],[7.56,48.622]]]}},{"type":"Feature","properties":{"code":"67383","nom":"Rangen","departement":"67","region":"44","epci":"200068864"},"geometry":{"type":"Polygon","coordinates":[[[7.47,48.672],[7.468,48.675],[7.477,48.683],[7.485,48.665],[7.479,48.662],[7.47,48.672]]]}},{"type":"Feature","properties":{"code":"67384","nom":"Ranrupt","departement":"67","region":"44","epci":"246700306"},"geometry":{"type":"Polygon","coordinates":[[[7.195,48.353],[7.171,48.351],[7.151,48.382],[7.181,48.379],[7.208,48.395],[7.244,48.382],[7.195,48.353]]]}},{"type":"Feature","properties":{"code":"67385","nom":"Ratzwiller","departement":"67","region":"44","epci":"200067841"},"geometry":{"type":"Polygon","coordinates":[[[7.258,48.936],[7.236,48.947],[7.222,48.96],[7.267,48.955],[7.291,48.967],[7.29,48.956],[7.258,48.936]]]}},{"type":"Feature","properties":{"code":"67386","nom":"Rauwiller","departement":"67","region":"44","epci":"200067841"},"geometry":{"type":"Polygon","coordinates":[[[7.127,48.801],[7.118,48.799],[7.105,48.797],[7.09,48.814],[7.108,48.822],[7.139,48.817],[7.127,48.801]]]}},{"type":"Feature","properties":{"code":"67387","nom":"Reichsfeld","departement":"67","region":"44","epci":"200034270"},"geometry":{"type":"Polygon","coordinates":[[[7.391,48.352],[7.387,48.347],[7.377,48.355],[7.357,48.371],[7.386,48.373],[7.402,48.362],[7.391,48.352]]]}},{"type":"Feature","properties":{"code":"67388","nom":"Reichshoffen","departement":"67","region":"44","epci":"246701098"},"geometry":{"type":"Polygon","coordinates":[[[7.64,48.906],[7.631,48.918],[7.67,48.956],[7.695,48.967],[7.702,48.97],[7.716,48.951],[7.702,48.943],[7.692,48.924],[7.64,48.906]]]}},{"type":"Feature","properties":{"code":"67389","nom":"Reichstett","departement":"67","region":"44","epci":"246700488"},"geometry":{"type":"Polygon","coordinates":[[[7.73,48.652],[7.784,48.651],[7.785,48.64],[7.781,48.639],[7.779,48.639],[7.737,48.64],[7.73,48.652]]]}},{"type":"Feature","properties":{"code":"67391","nom":"Reinhardsmunster","departement":"67","region":"44","epci":"200068112"},"geometry":{"type":"Polygon","coordinates":[[[7.313,48.661],[7.304,48.66],[7.271,48.663],[7.282,48.704],[7.307,48.707],[7.321,48.684],[7.334,48.684],[7.339,48.674],[7.313,48.661]]]}},{"type":"Feature","properties":{"code":"67392","nom":"Reipertswiller","departement":"67","region":"44","epci":"200067783"},"geometry":{"type":"Polygon","coordinates":[[[7.392,48.953],[7.452,48.968],[7.487,48.95],[7.49,48.935],[7.459,48.925],[7.42,48.936],[7.392,48.953]]]}},{"type":"Feature","properties":{"code":"67394","nom":"Retschwiller","departement":"67","region":"44","epci":"200040178"},"geometry":{"type":"Polygon","coordinates":[[[7.902,48.947],[7.892,48.945],[7.87,48.951],[7.885,48.96],[7.896,48.959],[7.902,48.947]]]}},{"type":"Feature","properties":{"code":"67395","nom":"Reutenbourg","departement":"67","region":"44","epci":"200068112"},"geometry":{"type":"Polygon","coordinates":[[[7.397,48.674],[7.389,48.679],[7.396,48.693],[7.428,48.687],[7.427,48.676],[7.397,48.674]]]}},{"type":"Feature","properties":{"code":"67396","nom":"Rexingen","departement":"67","region":"44","epci":"200067841"},"geometry":{"type":"Polygon","coordinates":[[[7.164,48.91],[7.164,48.911],[7.182,48.915],[7.192,48.899],[7.185,48.895],[7.168,48.902],[7.164,48.91]]]}},{"type":"Feature","properties":{"code":"67397","nom":"Rhinau","departement":"67","region":"44","epci":"200067924"},"geometry":{"type":"Polygon","coordinates":[[[7.692,48.315],[7.704,48.35],[7.712,48.354],[7.744,48.34],[7.741,48.323],[7.694,48.302],[7.681,48.258],[7.667,48.274],[7.678,48.299],[7.692,48.315]]]}},{"type":"Feature","properties":{"code":"67398","nom":"Richtolsheim","departement":"67","region":"44","epci":"200030526"},"geometry":{"type":"Polygon","coordinates":[[[7.582,48.225],[7.589,48.235],[7.595,48.232],[7.622,48.224],[7.623,48.215],[7.582,48.225]]]}},{"type":"Feature","properties":{"code":"67401","nom":"Rimsdorf","departement":"67","region":"44","epci":"200067841"},"geometry":{"type":"Polygon","coordinates":[[[7.117,48.914],[7.114,48.916],[7.082,48.932],[7.122,48.942],[7.142,48.934],[7.14,48.926],[7.117,48.914]]]}},{"type":"Feature","properties":{"code":"67403","nom":"Ringendorf","departement":"67","region":"44","epci":"200067783"},"geometry":{"type":"Polygon","coordinates":[[[7.542,48.827],[7.545,48.826],[7.57,48.815],[7.568,48.801],[7.547,48.801],[7.542,48.812],[7.542,48.827]]]}},{"type":"Feature","properties":{"code":"67406","nom":"Rohr","departement":"67","region":"44","epci":"200034635"},"geometry":{"type":"Polygon","coordinates":[[[7.527,48.698],[7.553,48.706],[7.548,48.695],[7.545,48.689],[7.519,48.684],[7.518,48.693],[7.527,48.698]]]}},{"type":"Feature","properties":{"code":"67407","nom":"Rohrwiller","departement":"67","region":"44","epci":"200067874"},"geometry":{"type":"Polygon","coordinates":[[[7.884,48.74],[7.886,48.742],[7.9,48.759],[7.905,48.761],[7.921,48.752],[7.884,48.74]]]}},{"type":"Feature","properties":{"code":"67408","nom":"Romanswiller","departement":"67","region":"44","epci":"200068864"},"geometry":{"type":"Polygon","coordinates":[[[7.348,48.621],[7.339,48.649],[7.372,48.641],[7.399,48.66],[7.415,48.653],[7.415,48.638],[7.348,48.621]]]}},{"type":"Feature","properties":{"code":"67410","nom":"Rosenwiller","departement":"67","region":"44","epci":"246700744"},"geometry":{"type":"Polygon","coordinates":[[[7.453,48.508],[7.391,48.5],[7.391,48.501],[7.432,48.52],[7.435,48.519],[7.453,48.508]]]}},{"type":"Feature","properties":{"code":"67411","nom":"Rosheim","departement":"67","region":"44","epci":"246700744"},"geometry":{"type":"Polygon","coordinates":[[[7.391,48.5],[7.453,48.508],[7.514,48.511],[7.512,48.494],[7.459,48.485],[7.407,48.487],[7.341,48.462],[7.321,48.466],[7.338,48.493],[7.38,48.488],[7.391,48.5]]]}},{"type":"Feature","properties":{"code":"67412","nom":"Rossfeld","departement":"67","region":"44","epci":"200067924"},"geometry":{"type":"Polygon","coordinates":[[[7.597,48.322],[7.591,48.323],[7.59,48.323],[7.599,48.341],[7.609,48.347],[7.64,48.327],[7.64,48.327],[7.632,48.321],[7.597,48.322]]]}},{"type":"Feature","properties":{"code":"67413","nom":"Rosteig","departement":"67","region":"44","epci":"200067783"},"geometry":{"type":"Polygon","coordinates":[[[7.355,48.954],[7.344,48.915],[7.324,48.914],[7.321,48.927],[7.327,48.943],[7.355,48.954]]]}},{"type":"Feature","properties":{"code":"67414","nom":"Rothau","departement":"67","region":"44","epci":"246700306"},"geometry":{"type":"Polygon","coordinates":[[[7.213,48.434],[7.187,48.44],[7.218,48.473],[7.218,48.472],[7.213,48.456],[7.222,48.451],[7.213,48.434]]]}},{"type":"Feature","properties":{"code":"67415","nom":"Rothbach","departement":"67","region":"44","epci":"246701098"},"geometry":{"type":"Polygon","coordinates":[[[7.512,48.892],[7.487,48.903],[7.513,48.924],[7.538,48.898],[7.512,48.892]]]}},{"type":"Feature","properties":{"code":"67416","nom":"Rott","departement":"67","region":"44","epci":"246700926"},"geometry":{"type":"Polygon","coordinates":[[[7.9,49.004],[7.892,49.012],[7.924,49.026],[7.9,49.004]]]}},{"type":"Feature","properties":{"code":"67417","nom":"Rottelsheim","departement":"67","region":"44","epci":"200067874"},"geometry":{"type":"Polygon","coordinates":[[[7.7,48.76],[7.705,48.765],[7.718,48.769],[7.72,48.766],[7.721,48.752],[7.704,48.754],[7.7,48.76]]]}},{"type":"Feature","properties":{"code":"67420","nom":"Russ","departement":"67","region":"44","epci":"246700306"},"geometry":{"type":"Polygon","coordinates":[[[7.292,48.499],[7.288,48.471],[7.27,48.462],[7.243,48.489],[7.244,48.489],[7.281,48.508],[7.292,48.499]]]}},{"type":"Feature","properties":{"code":"67421","nom":"Saales","departement":"67","region":"44","epci":"246700306"},"geometry":{"type":"Polygon","coordinates":[[[7.076,48.353],[7.086,48.36],[7.101,48.374],[7.148,48.333],[7.141,48.332],[7.106,48.344],[7.076,48.353]]]}},{"type":"Feature","properties":{"code":"67422","nom":"Saasenheim","departement":"67","region":"44","epci":"200030526"},"geometry":{"type":"Polygon","coordinates":[[[7.595,48.232],[7.62,48.245],[7.645,48.238],[7.622,48.224],[7.595,48.232]]]}},{"type":"Feature","properties":{"code":"67423","nom":"Saessolsheim","departement":"67","region":"44","epci":"200068112"},"geometry":{"type":"Polygon","coordinates":[[[7.494,48.714],[7.51,48.725],[7.525,48.722],[7.527,48.698],[7.518,48.693],[7.495,48.695],[7.494,48.714]]]}},{"type":"Feature","properties":{"code":"67424","nom":"Saint-Blaise-la-Roche","departement":"67","region":"44","epci":"246700306"},"geometry":{"type":"Polygon","coordinates":[[[7.155,48.404],[7.159,48.407],[7.176,48.418],[7.184,48.409],[7.188,48.4],[7.155,48.404]]]}},{"type":"Feature","properties":{"code":"67425","nom":"Saint-Jean-Saverne","departement":"67","region":"44","epci":"200068112"},"geometry":{"type":"Polygon","coordinates":[[[7.387,48.768],[7.374,48.765],[7.327,48.781],[7.341,48.798],[7.345,48.798],[7.348,48.784],[7.39,48.771],[7.387,48.768]]]}},{"type":"Feature","properties":{"code":"67426","nom":"Saint-Martin","departement":"67","region":"44","epci":"246700777"},"geometry":{"type":"Polygon","coordinates":[[[7.305,48.356],[7.284,48.341],[7.263,48.341],[7.277,48.358],[7.306,48.361],[7.305,48.356]]]}},{"type":"Feature","properties":{"code":"67427","nom":"Saint-Maurice","departement":"67","region":"44","epci":"246700777"},"geometry":{"type":"Polygon","coordinates":[[[7.345,48.338],[7.344,48.332],[7.335,48.325],[7.335,48.325],[7.325,48.332],[7.345,48.338]]]}},{"type":"Feature","properties":{"code":"67428","nom":"Saint-Nabor","departement":"67","region":"44","epci":"246700744"},"geometry":{"type":"Polygon","coordinates":[[[7.429,48.449],[7.433,48.442],[7.418,48.435],[7.406,48.434],[7.429,48.449]]]}},{"type":"Feature","properties":{"code":"67429","nom":"Saint-Pierre","departement":"67","region":"44","epci":"200034270"},"geometry":{"type":"Polygon","coordinates":[[[7.453,48.375],[7.449,48.386],[7.463,48.393],[7.477,48.393],[7.483,48.386],[7.464,48.376],[7.453,48.375]]]}},{"type":"Feature","properties":{"code":"67430","nom":"Saint-Pierre-Bois","departement":"67","region":"44","epci":"246700777"},"geometry":{"type":"Polygon","coordinates":[[[7.361,48.308],[7.359,48.307],[7.354,48.312],[7.344,48.332],[7.345,48.338],[7.356,48.349],[7.377,48.355],[7.387,48.347],[7.39,48.346],[7.361,48.308]]]}},{"type":"Feature","properties":{"code":"67433","nom":"Sand","departement":"67","region":"44","epci":"200067924"},"geometry":{"type":"Polygon","coordinates":[[[7.589,48.384],[7.589,48.392],[7.593,48.393],[7.606,48.393],[7.658,48.368],[7.655,48.361],[7.626,48.365],[7.589,48.384]]]}},{"type":"Feature","properties":{"code":"67434","nom":"Sarre-Union","departement":"67","region":"44","epci":"200067841"},"geometry":{"type":"Polygon","coordinates":[[[7.066,48.959],[7.1,48.965],[7.121,48.953],[7.122,48.942],[7.082,48.932],[7.05,48.923],[7.053,48.937],[7.066,48.959]]]}},{"type":"Feature","properties":{"code":"67435","nom":"Sarrewerden","departement":"67","region":"44","epci":"200067841"},"geometry":{"type":"Polygon","coordinates":[[[7.06,48.887],[7.041,48.902],[7.05,48.923],[7.082,48.932],[7.114,48.916],[7.094,48.893],[7.06,48.887]]]}},{"type":"Feature","properties":{"code":"67436","nom":"Saulxures","departement":"67","region":"44","epci":"246700306"},"geometry":{"type":"Polygon","coordinates":[[[7.155,48.404],[7.145,48.39],[7.107,48.376],[7.093,48.394],[7.085,48.398],[7.096,48.405],[7.159,48.407],[7.155,48.404]]]}},{"type":"Feature","properties":{"code":"67437","nom":"Saverne","departement":"67","region":"44","epci":"200068112"},"geometry":{"type":"Polygon","coordinates":[[[7.415,48.723],[7.395,48.727],[7.361,48.724],[7.349,48.723],[7.308,48.721],[7.287,48.731],[7.313,48.767],[7.32,48.765],[7.34,48.75],[7.365,48.756],[7.407,48.741],[7.408,48.741],[7.42,48.731],[7.415,48.723]]]}},{"type":"Feature","properties":{"code":"67438","nom":"Schaeffersheim","departement":"67","region":"44","epci":"200067924"},"geometry":{"type":"Polygon","coordinates":[[[7.589,48.442],[7.593,48.445],[7.627,48.447],[7.623,48.418],[7.589,48.442]]]}},{"type":"Feature","properties":{"code":"67441","nom":"Schalkendorf","departement":"67","region":"44","epci":"200067783"},"geometry":{"type":"Polygon","coordinates":[[[7.587,48.833],[7.572,48.829],[7.551,48.825],[7.58,48.848],[7.587,48.833]]]}},{"type":"Feature","properties":{"code":"67442","nom":"Scharrachbergheim-Irmstett","departement":"67","region":"44","epci":"200068864"},"geometry":{"type":"Polygon","coordinates":[[[7.472,48.585],[7.468,48.588],[7.488,48.597],[7.512,48.596],[7.481,48.581],[7.472,48.585]]]}},{"type":"Feature","properties":{"code":"67444","nom":"Scherlenheim","departement":"67","region":"44","epci":"246700959"},"geometry":{"type":"Polygon","coordinates":[[[7.52,48.773],[7.544,48.77],[7.531,48.755],[7.52,48.773]]]}},{"type":"Feature","properties":{"code":"67445","nom":"Scherwiller","departement":"67","region":"44","epci":"246700967"},"geometry":{"type":"Polygon","coordinates":[[[7.428,48.272],[7.412,48.29],[7.37,48.291],[7.359,48.307],[7.361,48.308],[7.399,48.313],[7.423,48.301],[7.472,48.302],[7.469,48.298],[7.428,48.272]]]}},{"type":"Feature","properties":{"code":"67446","nom":"Schillersdorf","departement":"67","region":"44","epci":"200067783"},"geometry":{"type":"Polygon","coordinates":[[[7.545,48.877],[7.545,48.872],[7.512,48.857],[7.505,48.879],[7.517,48.887],[7.535,48.884],[7.545,48.877]]]}},{"type":"Feature","properties":{"code":"67447","nom":"Schiltigheim","departement":"67","region":"44","epci":"246700488"},"geometry":{"type":"Polygon","coordinates":[[[7.768,48.617],[7.778,48.626],[7.803,48.629],[7.765,48.603],[7.709,48.604],[7.706,48.606],[7.702,48.616],[7.718,48.616],[7.768,48.617]]]}},{"type":"Feature","properties":{"code":"67448","nom":"Schirmeck","departement":"67","region":"44","epci":"246700306"},"geometry":{"type":"Polygon","coordinates":[[[7.173,48.484],[7.17,48.516],[7.191,48.504],[7.244,48.489],[7.243,48.489],[7.218,48.472],[7.218,48.473],[7.173,48.484]]]}},{"type":"Feature","properties":{"code":"67449","nom":"Schirrhein","departement":"67","region":"44","epci":"200067874"},"geometry":{"type":"Polygon","coordinates":[[[7.88,48.797],[7.915,48.805],[7.932,48.807],[7.937,48.805],[7.927,48.779],[7.926,48.78],[7.88,48.797]]]}},{"type":"Feature","properties":{"code":"67452","nom":"Schnersheim","departement":"67","region":"44","epci":"200034635"},"geometry":{"type":"Polygon","coordinates":[[[7.567,48.637],[7.554,48.643],[7.54,48.672],[7.549,48.679],[7.583,48.673],[7.586,48.669],[7.593,48.65],[7.589,48.649],[7.567,48.637]]]}},{"type":"Feature","properties":{"code":"67453","nom":"Schœnau","departement":"67","region":"44","epci":"200030526"},"geometry":{"type":"Polygon","coordinates":[[[7.623,48.215],[7.622,48.224],[7.645,48.238],[7.68,48.254],[7.668,48.224],[7.642,48.204],[7.623,48.215]]]}},{"type":"Feature","properties":{"code":"67454","nom":"Schœnbourg","departement":"67","region":"44","epci":"200067783"},"geometry":{"type":"Polygon","coordinates":[[[7.258,48.822],[7.25,48.834],[7.277,48.843],[7.263,48.819],[7.258,48.822]]]}},{"type":"Feature","properties":{"code":"67455","nom":"Schœnenbourg","departement":"67","region":"44","epci":"200040178"},"geometry":{"type":"Polygon","coordinates":[[[7.896,48.959],[7.9,48.964],[7.937,48.946],[7.902,48.947],[7.896,48.959]]]}},{"type":"Feature","properties":{"code":"67456","nom":"Schopperten","departement":"67","region":"44","epci":"200067841"},"geometry":{"type":"Polygon","coordinates":[[[7.053,48.937],[7.037,48.954],[7.066,48.959],[7.053,48.937]]]}},{"type":"Feature","properties":{"code":"67458","nom":"Schweighouse-sur-Moder","departement":"67","region":"44","epci":"200067874"},"geometry":{"type":"Polygon","coordinates":[[[7.713,48.833],[7.709,48.834],[7.71,48.836],[7.739,48.837],[7.769,48.808],[7.736,48.802],[7.718,48.806],[7.718,48.806],[7.713,48.833]]]}},{"type":"Feature","properties":{"code":"67459","nom":"Schwenheim","departement":"67","region":"44","epci":"200068112"},"geometry":{"type":"Polygon","coordinates":[[[7.395,48.727],[7.415,48.723],[7.432,48.71],[7.433,48.707],[7.402,48.705],[7.393,48.713],[7.395,48.727]]]}},{"type":"Feature","properties":{"code":"67460","nom":"Schwindratzheim","departement":"67","region":"44","epci":"246700959"},"geometry":{"type":"Polygon","coordinates":[[[7.581,48.786],[7.606,48.781],[7.623,48.771],[7.625,48.754],[7.6,48.74],[7.593,48.75],[7.585,48.773],[7.581,48.786]]]}},{"type":"Feature","properties":{"code":"67461","nom":"Schwobsheim","departement":"67","region":"44","epci":"200030526"},"geometry":{"type":"Polygon","coordinates":[[[7.589,48.235],[7.582,48.225],[7.575,48.221],[7.56,48.245],[7.562,48.251],[7.585,48.237],[7.589,48.235]]]}},{"type":"Feature","properties":{"code":"67462","nom":"Sélestat","departement":"67","region":"44","epci":"246700967"},"geometry":{"type":"Polygon","coordinates":[[[7.498,48.214],[7.481,48.209],[7.477,48.204],[7.435,48.218],[7.414,48.225],[7.406,48.234],[7.422,48.259],[7.428,48.272],[7.469,48.298],[7.508,48.285],[7.512,48.284],[7.495,48.263],[7.507,48.253],[7.498,48.214]]]}},{"type":"Feature","properties":{"code":"67464","nom":"Sermersheim","departement":"67","region":"44","epci":"200067924"},"geometry":{"type":"Polygon","coordinates":[[[7.518,48.35],[7.514,48.357],[7.531,48.365],[7.564,48.357],[7.59,48.323],[7.591,48.323],[7.566,48.32],[7.55,48.341],[7.518,48.35]]]}},{"type":"Feature","properties":{"code":"67467","nom":"Siewiller","departement":"67","region":"44","epci":"200067841"},"geometry":{"type":"Polygon","coordinates":[[[7.218,48.828],[7.22,48.819],[7.204,48.827],[7.185,48.85],[7.195,48.855],[7.213,48.853],[7.234,48.85],[7.228,48.848],[7.218,48.828]]]}},{"type":"Feature","properties":{"code":"67468","nom":"Siltzheim","departement":"67","region":"44","epci":"200070746"},"geometry":{"type":"Polygon","coordinates":[[[7.079,49.05],[7.072,49.057],[7.099,49.078],[7.113,49.065],[7.106,49.045],[7.079,49.05]]]}},{"type":"Feature","properties":{"code":"67470","nom":"Solbach","departement":"67","region":"44","epci":"246700306"},"geometry":{"type":"Polygon","coordinates":[[[7.216,48.427],[7.204,48.422],[7.183,48.433],[7.184,48.436],[7.187,48.44],[7.213,48.434],[7.216,48.427]]]}},{"type":"Feature","properties":{"code":"67471","nom":"Souffelweyersheim","departement":"67","region":"44","epci":"246700488"},"geometry":{"type":"Polygon","coordinates":[[[7.721,48.623],[7.719,48.626],[7.737,48.64],[7.779,48.639],[7.758,48.632],[7.755,48.629],[7.721,48.623]]]}},{"type":"Feature","properties":{"code":"67473","nom":"Soultz-les-Bains","departement":"67","region":"44","epci":"246701064"},"geometry":{"type":"Polygon","coordinates":[[[7.475,48.556],[7.464,48.552],[7.459,48.553],[7.469,48.576],[7.472,48.585],[7.481,48.581],[7.489,48.574],[7.496,48.567],[7.475,48.556]]]}},{"type":"Feature","properties":{"code":"67474","nom":"Soultz-sous-Forêts","departement":"67","region":"44","epci":"200040178"},"geometry":{"type":"Polygon","coordinates":[[[7.927,48.921],[7.868,48.919],[7.858,48.92],[7.858,48.952],[7.822,48.974],[7.845,48.992],[7.85,48.987],[7.864,48.972],[7.868,48.967],[7.87,48.951],[7.892,48.945],[7.927,48.921]]]}},{"type":"Feature","properties":{"code":"67475","nom":"Sparsbach","departement":"67","region":"44","epci":"200067783"},"geometry":{"type":"Polygon","coordinates":[[[7.41,48.896],[7.451,48.884],[7.409,48.866],[7.374,48.852],[7.382,48.869],[7.372,48.895],[7.399,48.896],[7.41,48.896]]]}},{"type":"Feature","properties":{"code":"67477","nom":"Steige","departement":"67","region":"44","epci":"246700777"},"geometry":{"type":"Polygon","coordinates":[[[7.195,48.353],[7.244,48.382],[7.248,48.381],[7.259,48.37],[7.231,48.351],[7.21,48.348],[7.195,48.353]]]}},{"type":"Feature","properties":{"code":"67478","nom":"Steinbourg","departement":"67","region":"44","epci":"200068112"},"geometry":{"type":"Polygon","coordinates":[[[7.414,48.789],[7.433,48.776],[7.437,48.745],[7.408,48.741],[7.407,48.741],[7.387,48.768],[7.39,48.771],[7.401,48.789],[7.414,48.789]]]}},{"type":"Feature","properties":{"code":"67480","nom":"Still","departement":"67","region":"44","epci":"246701064"},"geometry":{"type":"Polygon","coordinates":[[[7.375,48.582],[7.407,48.568],[7.431,48.56],[7.395,48.543],[7.362,48.55],[7.351,48.556],[7.311,48.582],[7.315,48.59],[7.375,48.582]]]}},{"type":"Feature","properties":{"code":"67481","nom":"Stotzheim","departement":"67","region":"44","epci":"200034270"},"geometry":{"type":"Polygon","coordinates":[[[7.532,48.368],[7.531,48.365],[7.514,48.357],[7.464,48.376],[7.483,48.386],[7.542,48.396],[7.532,48.368]]]}},{"type":"Feature","properties":{"code":"67482","nom":"Strasbourg","departement":"67","region":"44","epci":"246700488"},"geometry":{"type":"Polygon","coordinates":[[[7.688,48.598],[7.709,48.604],[7.765,48.603],[7.803,48.629],[7.794,48.636],[7.836,48.633],[7.8,48.583],[7.805,48.513],[7.771,48.492],[7.757,48.493],[7.767,48.516],[7.753,48.542],[7.73,48.551],[7.704,48.558],[7.702,48.568],[7.688,48.598]]]}},{"type":"Feature","properties":{"code":"67483","nom":"Struth","departement":"67","region":"44","epci":"200067783"},"geometry":{"type":"Polygon","coordinates":[[[7.251,48.888],[7.25,48.893],[7.266,48.904],[7.283,48.902],[7.289,48.894],[7.287,48.891],[7.251,48.888]]]}},{"type":"Feature","properties":{"code":"67485","nom":"Stutzheim-Offenheim","departement":"67","region":"44","epci":"200034635"},"geometry":{"type":"Polygon","coordinates":[[[7.649,48.613],[7.633,48.609],[7.605,48.628],[7.612,48.641],[7.637,48.641],[7.637,48.638],[7.64,48.631],[7.649,48.613]]]}},{"type":"Feature","properties":{"code":"67486","nom":"Sundhouse","departement":"67","region":"44","epci":"200030526"},"geometry":{"type":"Polygon","coordinates":[[[7.645,48.238],[7.62,48.245],[7.595,48.232],[7.589,48.235],[7.585,48.237],[7.607,48.267],[7.639,48.273],[7.667,48.274],[7.681,48.258],[7.68,48.254],[7.645,48.238]]]}},{"type":"Feature","properties":{"code":"67487","nom":"Surbourg","departement":"67","region":"44","epci":"200040178"},"geometry":{"type":"Polygon","coordinates":[[[7.8,48.903],[7.8,48.923],[7.817,48.919],[7.842,48.92],[7.858,48.92],[7.868,48.919],[7.859,48.894],[7.807,48.902],[7.8,48.903]]]}},{"type":"Feature","properties":{"code":"67488","nom":"Thal-Drulingen","departement":"67","region":"44","epci":"200067841"},"geometry":{"type":"Polygon","coordinates":[[[7.164,48.911],[7.164,48.91],[7.125,48.904],[7.117,48.914],[7.14,48.926],[7.164,48.911]]]}},{"type":"Feature","properties":{"code":"67489","nom":"Thal-Marmoutier","departement":"67","region":"44","epci":"200068112"},"geometry":{"type":"Polygon","coordinates":[[[7.36,48.708],[7.361,48.707],[7.334,48.684],[7.321,48.684],[7.334,48.705],[7.36,48.708]]]}},{"type":"Feature","properties":{"code":"67490","nom":"Thanvillé","departement":"67","region":"44","epci":"246700777"},"geometry":{"type":"Polygon","coordinates":[[[7.346,48.319],[7.335,48.325],[7.344,48.332],[7.354,48.312],[7.346,48.319]]]}},{"type":"Feature","properties":{"code":"67491","nom":"Tieffenbach","departement":"67","region":"44","epci":"200067783"},"geometry":{"type":"Polygon","coordinates":[[[7.235,48.891],[7.219,48.899],[7.222,48.906],[7.231,48.908],[7.272,48.914],[7.266,48.904],[7.25,48.893],[7.235,48.891]]]}},{"type":"Feature","properties":{"code":"67492","nom":"Traenheim","departement":"67","region":"44","epci":"200068864"},"geometry":{"type":"Polygon","coordinates":[[[7.449,48.586],[7.446,48.591],[7.47,48.602],[7.488,48.597],[7.468,48.588],[7.449,48.586]]]}},{"type":"Feature","properties":{"code":"67493","nom":"Triembach-au-Val","departement":"67","region":"44","epci":"246700777"},"geometry":{"type":"Polygon","coordinates":[[[7.325,48.332],[7.316,48.339],[7.324,48.349],[7.356,48.349],[7.345,48.338],[7.325,48.332]]]}},{"type":"Feature","properties":{"code":"67495","nom":"Truchtersheim","departement":"67","region":"44","epci":"200034635"},"geometry":{"type":"Polygon","coordinates":[[[7.612,48.641],[7.593,48.65],[7.586,48.669],[7.673,48.664],[7.669,48.654],[7.637,48.641],[7.612,48.641]]]}},{"type":"Feature","properties":{"code":"67497","nom":"Uhlwiller","departement":"67","region":"44","epci":"200067874"},"geometry":{"type":"Polygon","coordinates":[[[7.709,48.834],[7.713,48.833],[7.656,48.801],[7.65,48.812],[7.675,48.831],[7.709,48.834]]]}},{"type":"Feature","properties":{"code":"67498","nom":"Uhrwiller","departement":"67","region":"44","epci":"200067874"},"geometry":{"type":"Polygon","coordinates":[[[7.606,48.888],[7.602,48.874],[7.573,48.861],[7.545,48.872],[7.545,48.877],[7.577,48.894],[7.579,48.902],[7.605,48.907],[7.606,48.888]]]}},{"type":"Feature","properties":{"code":"67499","nom":"Urbeis","departement":"67","region":"44","epci":"246700777"},"geometry":{"type":"Polygon","coordinates":[[[7.204,48.31],[7.198,48.31],[7.17,48.342],[7.171,48.351],[7.195,48.353],[7.21,48.348],[7.212,48.333],[7.25,48.324],[7.204,48.31]]]}},{"type":"Feature","properties":{"code":"67500","nom":"Urmatt","departement":"67","region":"44","epci":"246700306"},"geometry":{"type":"Polygon","coordinates":[[[7.302,48.523],[7.258,48.542],[7.26,48.561],[7.327,48.537],[7.346,48.522],[7.302,48.523]]]}},{"type":"Feature","properties":{"code":"67501","nom":"Uttenheim","departement":"67","region":"44","epci":"200067924"},"geometry":{"type":"Polygon","coordinates":[[[7.619,48.41],[7.612,48.404],[7.606,48.393],[7.593,48.393],[7.591,48.417],[7.572,48.429],[7.579,48.436],[7.596,48.425],[7.602,48.415],[7.619,48.41]]]}},{"type":"Feature","properties":{"code":"67502","nom":"Uttenhoffen","departement":"67","region":"44","epci":"246701098"},"geometry":{"type":"Polygon","coordinates":[[[7.646,48.899],[7.663,48.885],[7.63,48.895],[7.629,48.896],[7.646,48.899]]]}},{"type":"Feature","properties":{"code":"67503","nom":"Uttwiller","departement":"67","region":"44","epci":"200067783"},"geometry":{"type":"Polygon","coordinates":[[[7.508,48.834],[7.486,48.842],[7.485,48.856],[7.504,48.852],[7.508,48.834]]]}},{"type":"Feature","properties":{"code":"67504","nom":"Valff","departement":"67","region":"44","epci":"200034270"},"geometry":{"type":"Polygon","coordinates":[[[7.505,48.435],[7.565,48.427],[7.548,48.414],[7.497,48.41],[7.496,48.425],[7.505,48.435]]]}},{"type":"Feature","properties":{"code":"67505","nom":"La Vancelle","departement":"67","region":"44","epci":"246700967"},"geometry":{"type":"Polygon","coordinates":[[[7.291,48.291],[7.291,48.294],[7.321,48.288],[7.343,48.297],[7.348,48.279],[7.334,48.272],[7.297,48.268],[7.291,48.291]]]}},{"type":"Feature","properties":{"code":"67506","nom":"Vendenheim","departement":"67","region":"44","epci":"246700488"},"geometry":{"type":"Polygon","coordinates":[[[7.688,48.669],[7.687,48.671],[7.719,48.686],[7.747,48.687],[7.764,48.669],[7.797,48.669],[7.784,48.651],[7.73,48.652],[7.723,48.655],[7.688,48.669]]]}},{"type":"Feature","properties":{"code":"67507","nom":"Villé","departement":"67","region":"44","epci":"246700777"},"geometry":{"type":"Polygon","coordinates":[[[7.295,48.332],[7.293,48.333],[7.284,48.341],[7.305,48.356],[7.324,48.349],[7.316,48.339],[7.295,48.332]]]}},{"type":"Feature","properties":{"code":"67508","nom":"Vœllerdingen","departement":"67","region":"44","epci":"200067841"},"geometry":{"type":"Polygon","coordinates":[[[7.121,48.953],[7.1,48.965],[7.103,48.976],[7.159,48.993],[7.166,48.975],[7.163,48.964],[7.121,48.953]]]}},{"type":"Feature","properties":{"code":"67509","nom":"Volksberg","departement":"67","region":"44","epci":"200067841"},"geometry":{"type":"Polygon","coordinates":[[[7.287,48.924],[7.283,48.928],[7.258,48.936],[7.29,48.956],[7.327,48.943],[7.321,48.927],[7.287,48.924]]]}},{"type":"Feature","properties":{"code":"67510","nom":"Wahlenheim","departement":"67","region":"44","epci":"200067874"},"geometry":{"type":"Polygon","coordinates":[[[7.705,48.765],[7.7,48.76],[7.672,48.758],[7.669,48.765],[7.687,48.773],[7.705,48.765]]]}},{"type":"Feature","properties":{"code":"67511","nom":"Walbourg","departement":"67","region":"44","epci":"200013050"},"geometry":{"type":"Polygon","coordinates":[[[7.801,48.89],[7.759,48.879],[7.753,48.882],[7.75,48.887],[7.785,48.895],[7.801,48.89]]]}},{"type":"Feature","properties":{"code":"67513","nom":"Waldersbach","departement":"67","region":"44","epci":"246700306"},"geometry":{"type":"Polygon","coordinates":[[[7.203,48.415],[7.204,48.422],[7.216,48.427],[7.235,48.424],[7.239,48.422],[7.222,48.407],[7.205,48.411],[7.203,48.415]]]}},{"type":"Feature","properties":{"code":"67514","nom":"Waldhambach","departement":"67","region":"44","epci":"200067841"},"geometry":{"type":"Polygon","coordinates":[[[7.258,48.936],[7.283,48.928],[7.251,48.929],[7.231,48.908],[7.222,48.906],[7.197,48.915],[7.188,48.93],[7.236,48.947],[7.258,48.936]]]}},{"type":"Feature","properties":{"code":"67515","nom":"Waldolwisheim","departement":"67","region":"44","epci":"200068112"},"geometry":{"type":"Polygon","coordinates":[[[7.408,48.741],[7.437,48.745],[7.452,48.747],[7.454,48.733],[7.449,48.719],[7.42,48.731],[7.408,48.741]]]}},{"type":"Feature","properties":{"code":"67516","nom":"Waltenheim-sur-Zorn","departement":"67","region":"44","epci":"246700959"},"geometry":{"type":"Polygon","coordinates":[[[7.625,48.754],[7.646,48.746],[7.598,48.731],[7.598,48.735],[7.6,48.74],[7.625,48.754]]]}},{"type":"Feature","properties":{"code":"67517","nom":"Wangen","departement":"67","region":"44","epci":"200068864"},"geometry":{"type":"Polygon","coordinates":[[[7.479,48.611],[7.464,48.609],[7.442,48.615],[7.457,48.63],[7.479,48.611]]]}},{"type":"Feature","properties":{"code":"67519","nom":"La Wantzenau","departement":"67","region":"44","epci":"246700488"},"geometry":{"type":"Polygon","coordinates":[[[7.785,48.64],[7.784,48.651],[7.797,48.669],[7.818,48.687],[7.859,48.667],[7.872,48.675],[7.896,48.667],[7.844,48.645],[7.836,48.633],[7.794,48.636],[7.785,48.64]]]}},{"type":"Feature","properties":{"code":"67520","nom":"Wasselonne","departement":"67","region":"44","epci":"200068864"},"geometry":{"type":"Polygon","coordinates":[[[7.413,48.627],[7.415,48.638],[7.415,48.653],[7.448,48.658],[7.478,48.649],[7.473,48.642],[7.457,48.63],[7.442,48.615],[7.413,48.627]]]}},{"type":"Feature","properties":{"code":"67521","nom":"Weinbourg","departement":"67","region":"44","epci":"200067783"},"geometry":{"type":"Polygon","coordinates":[[[7.459,48.866],[7.433,48.861],[7.409,48.866],[7.451,48.884],[7.459,48.866]]]}},{"type":"Feature","properties":{"code":"67522","nom":"Weislingen","departement":"67","region":"44","epci":"200067841"},"geometry":{"type":"Polygon","coordinates":[[[7.283,48.928],[7.287,48.924],[7.288,48.922],[7.272,48.914],[7.231,48.908],[7.251,48.929],[7.283,48.928]]]}},{"type":"Feature","properties":{"code":"67523","nom":"Weitbruch","departement":"67","region":"44","epci":"246700843"},"geometry":{"type":"Polygon","coordinates":[[[7.793,48.744],[7.787,48.737],[7.757,48.744],[7.748,48.752],[7.756,48.759],[7.755,48.784],[7.814,48.778],[7.793,48.744]]]}},{"type":"Feature","properties":{"code":"67524","nom":"Weiterswiller","departement":"67","region":"44","epci":"200067783"},"geometry":{"type":"Polygon","coordinates":[[[7.375,48.852],[7.374,48.852],[7.409,48.866],[7.433,48.861],[7.432,48.843],[7.428,48.844],[7.375,48.852]]]}},{"type":"Feature","properties":{"code":"67525","nom":"Westhoffen","departement":"67","region":"44","epci":"200068864"},"geometry":{"type":"Polygon","coordinates":[[[7.469,48.604],[7.47,48.602],[7.446,48.591],[7.409,48.585],[7.372,48.599],[7.374,48.618],[7.413,48.627],[7.442,48.615],[7.464,48.609],[7.469,48.604]]]}},{"type":"Feature","properties":{"code":"67526","nom":"Westhouse","departement":"67","region":"44","epci":"200067924"},"geometry":{"type":"Polygon","coordinates":[[[7.589,48.392],[7.55,48.396],[7.548,48.414],[7.565,48.427],[7.572,48.429],[7.591,48.417],[7.593,48.393],[7.589,48.392]]]}},{"type":"Feature","properties":{"code":"67527","nom":"Westhouse-Marmoutier","departement":"67","region":"44","epci":"200068112"},"geometry":{"type":"Polygon","coordinates":[[[7.49,48.686],[7.478,48.685],[7.434,48.676],[7.427,48.676],[7.428,48.687],[7.43,48.689],[7.463,48.692],[7.485,48.689],[7.49,48.686]]]}},{"type":"Feature","properties":{"code":"67528","nom":"Weyer","departement":"67","region":"44","epci":"200067841"},"geometry":{"type":"Polygon","coordinates":[[[7.174,48.842],[7.149,48.845],[7.129,48.85],[7.135,48.857],[7.144,48.872],[7.165,48.875],[7.173,48.879],[7.195,48.855],[7.185,48.85],[7.174,48.842]]]}},{"type":"Feature","properties":{"code":"67529","nom":"Weyersheim","departement":"67","region":"44","epci":"246700843"},"geometry":{"type":"Polygon","coordinates":[[[7.886,48.742],[7.884,48.74],[7.871,48.717],[7.868,48.715],[7.84,48.699],[7.818,48.69],[7.792,48.711],[7.792,48.73],[7.827,48.732],[7.862,48.731],[7.886,48.742]]]}},{"type":"Feature","properties":{"code":"67530","nom":"Wickersheim-Wilshausen","departement":"67","region":"44","epci":"246700959"},"geometry":{"type":"Polygon","coordinates":[[[7.52,48.773],[7.512,48.78],[7.54,48.793],[7.546,48.784],[7.559,48.772],[7.544,48.77],[7.52,48.773]]]}},{"type":"Feature","properties":{"code":"67531","nom":"Wildersbach","departement":"67","region":"44","epci":"246700306"},"geometry":{"type":"Polygon","coordinates":[[[7.222,48.451],[7.226,48.449],[7.235,48.424],[7.216,48.427],[7.213,48.434],[7.222,48.451]]]}},{"type":"Feature","properties":{"code":"67532","nom":"Willgottheim","departement":"67","region":"44","epci":"200034635"},"geometry":{"type":"Polygon","coordinates":[[[7.54,48.672],[7.524,48.662],[7.485,48.66],[7.479,48.662],[7.485,48.665],[7.492,48.686],[7.519,48.684],[7.545,48.689],[7.549,48.679],[7.54,48.672]]]}},{"type":"Feature","properties":{"code":"67534","nom":"Wilwisheim","departement":"67","region":"44","epci":"246700959"},"geometry":{"type":"Polygon","coordinates":[[[7.482,48.763],[7.498,48.768],[7.526,48.744],[7.511,48.744],[7.48,48.748],[7.482,48.763]]]}},{"type":"Feature","properties":{"code":"67535","nom":"Wimmenau","departement":"67","region":"44","epci":"200067783"},"geometry":{"type":"Polygon","coordinates":[[[7.38,48.951],[7.392,48.953],[7.42,48.936],[7.459,48.925],[7.446,48.901],[7.41,48.896],[7.399,48.896],[7.387,48.906],[7.38,48.951]]]}},{"type":"Feature","properties":{"code":"67536","nom":"Windstein","departement":"67","region":"44","epci":"246701098"},"geometry":{"type":"Polygon","coordinates":[[[7.671,48.991],[7.696,49.013],[7.712,49],[7.725,48.985],[7.702,48.97],[7.695,48.967],[7.671,48.991]]]}},{"type":"Feature","properties":{"code":"67537","nom":"Wingen","departement":"67","region":"44","epci":"200013050"},"geometry":{"type":"Polygon","coordinates":[[[7.834,49.02],[7.811,49.014],[7.788,49.034],[7.779,49.058],[7.794,49.066],[7.855,49.036],[7.834,49.02]]]}},{"type":"Feature","properties":{"code":"67538","nom":"Wingen-sur-Moder","departement":"67","region":"44","epci":"200067783"},"geometry":{"type":"Polygon","coordinates":[[[7.355,48.954],[7.355,48.955],[7.368,48.954],[7.38,48.951],[7.387,48.906],[7.369,48.898],[7.344,48.915],[7.355,48.954]]]}},{"type":"Feature","properties":{"code":"67539","nom":"Wingersheim les Quatre Bans","departement":"67","region":"44","epci":"246700959"},"geometry":{"type":"Polygon","coordinates":[[[7.601,48.704],[7.566,48.716],[7.561,48.72],[7.598,48.731],[7.646,48.746],[7.663,48.736],[7.672,48.734],[7.673,48.733],[7.65,48.714],[7.65,48.707],[7.637,48.699],[7.601,48.704]]]}},{"type":"Feature","properties":{"code":"67540","nom":"Wintershouse","departement":"67","region":"44","epci":"200067874"},"geometry":{"type":"Polygon","coordinates":[[[7.718,48.806],[7.718,48.806],[7.688,48.786],[7.695,48.802],[7.718,48.806]]]}},{"type":"Feature","properties":{"code":"67542","nom":"Wintzenheim-Kochersberg","departement":"67","region":"44","epci":"200034635"},"geometry":{"type":"Polygon","coordinates":[[[7.524,48.662],[7.525,48.656],[7.489,48.657],[7.485,48.66],[7.524,48.662]]]}},{"type":"Feature","properties":{"code":"67543","nom":"Wisches","departement":"67","region":"44","epci":"246700306"},"geometry":{"type":"Polygon","coordinates":[[[7.187,48.537],[7.235,48.515],[7.281,48.51],[7.281,48.508],[7.244,48.489],[7.191,48.504],[7.17,48.516],[7.168,48.528],[7.169,48.529],[7.187,48.537]]]}},{"type":"Feature","properties":{"code":"67544","nom":"Wissembourg","departement":"67","region":"44","epci":"246700926"},"geometry":{"type":"Polygon","coordinates":[[[8.068,48.999],[8.066,48.992],[8.032,49],[8.006,48.987],[7.969,48.981],[7.95,49.009],[7.931,49.023],[7.924,49.026],[7.892,49.012],[7.87,49.014],[7.868,49.033],[7.889,49.049],[7.914,49.041],[7.932,49.058],[8.068,48.999]]]}},{"type":"Feature","properties":{"code":"67545","nom":"Witternheim","departement":"67","region":"44","epci":"200067924"},"geometry":{"type":"Polygon","coordinates":[[[7.625,48.3],[7.61,48.302],[7.597,48.322],[7.632,48.321],[7.625,48.3]]]}},{"type":"Feature","properties":{"code":"67546","nom":"Wittersheim","departement":"67","region":"44","epci":"200067874"},"geometry":{"type":"Polygon","coordinates":[[[7.634,48.771],[7.64,48.788],[7.657,48.799],[7.662,48.796],[7.673,48.785],[7.667,48.767],[7.634,48.771]]]}},{"type":"Feature","properties":{"code":"67547","nom":"Wittisheim","departement":"67","region":"44","epci":"200030526"},"geometry":{"type":"Polygon","coordinates":[[[7.585,48.237],[7.562,48.251],[7.562,48.253],[7.568,48.268],[7.594,48.281],[7.639,48.281],[7.639,48.273],[7.607,48.267],[7.585,48.237]]]}},{"type":"Feature","properties":{"code":"67548","nom":"Wiwersheim","departement":"67","region":"44","epci":"200034635"},"geometry":{"type":"Polygon","coordinates":[[[7.605,48.628],[7.596,48.626],[7.587,48.635],[7.589,48.649],[7.593,48.65],[7.612,48.641],[7.605,48.628]]]}},{"type":"Feature","properties":{"code":"67550","nom":"Wœrth","departement":"67","region":"44","epci":"200013050"},"geometry":{"type":"Polygon","coordinates":[[[7.754,48.923],[7.752,48.918],[7.732,48.926],[7.734,48.953],[7.761,48.968],[7.762,48.968],[7.752,48.931],[7.754,48.923]]]}},{"type":"Feature","properties":{"code":"67551","nom":"Wolfisheim","departement":"67","region":"44","epci":"246700488"},"geometry":{"type":"Polygon","coordinates":[[[7.667,48.609],[7.673,48.598],[7.664,48.566],[7.652,48.567],[7.654,48.6],[7.667,48.609]]]}},{"type":"Feature","properties":{"code":"67552","nom":"Wolfskirchen","departement":"67","region":"44","epci":"200067841"},"geometry":{"type":"Polygon","coordinates":[[[7.056,48.865],[7.06,48.887],[7.094,48.893],[7.105,48.881],[7.107,48.868],[7.094,48.863],[7.051,48.859],[7.056,48.865]]]}},{"type":"Feature","properties":{"code":"67553","nom":"Wolschheim","departement":"67","region":"44","epci":"200068112"},"geometry":{"type":"Polygon","coordinates":[[[7.45,48.699],[7.435,48.704],[7.433,48.707],[7.432,48.71],[7.45,48.716],[7.472,48.712],[7.471,48.704],[7.45,48.699]]]}},{"type":"Feature","properties":{"code":"67554","nom":"Wolxheim","departement":"67","region":"44","epci":"246701064"},"geometry":{"type":"Polygon","coordinates":[[[7.516,48.561],[7.51,48.562],[7.496,48.567],[7.489,48.574],[7.507,48.579],[7.518,48.561],[7.516,48.561]]]}},{"type":"Feature","properties":{"code":"67555","nom":"Zehnacker","departement":"67","region":"44","epci":"200068864"},"geometry":{"type":"Polygon","coordinates":[[[7.468,48.675],[7.47,48.672],[7.443,48.662],[7.441,48.664],[7.434,48.675],[7.468,48.675]]]}},{"type":"Feature","properties":{"code":"67556","nom":"Zeinheim","departement":"67","region":"44","epci":"200068864"},"geometry":{"type":"Polygon","coordinates":[[[7.478,48.685],[7.49,48.686],[7.492,48.686],[7.485,48.665],[7.477,48.683],[7.478,48.685]]]}},{"type":"Feature","properties":{"code":"67557","nom":"Zellwiller","departement":"67","region":"44","epci":"200034270"},"geometry":{"type":"Polygon","coordinates":[[[7.477,48.393],[7.481,48.399],[7.492,48.409],[7.497,48.41],[7.548,48.414],[7.542,48.396],[7.483,48.386],[7.477,48.393]]]}},{"type":"Feature","properties":{"code":"67558","nom":"Zinswiller","departement":"67","region":"44","epci":"246701098"},"geometry":{"type":"Polygon","coordinates":[[[7.605,48.907],[7.579,48.902],[7.56,48.934],[7.615,48.91],[7.605,48.907]]]}},{"type":"Feature","properties":{"code":"67559","nom":"Zittersheim","departement":"67","region":"44","epci":"200067783"},"geometry":{"type":"Polygon","coordinates":[[[7.369,48.898],[7.326,48.889],[7.315,48.894],[7.313,48.898],[7.324,48.914],[7.344,48.915],[7.369,48.898]]]}},{"type":"Feature","properties":{"code":"68005","nom":"Ammerschwihr","departement":"68","region":"44","epci":"246800551"},"geometry":{"type":"Polygon","coordinates":[[[7.332,48.121],[7.329,48.114],[7.302,48.116],[7.251,48.108],[7.231,48.1],[7.219,48.098],[7.202,48.125],[7.269,48.135],[7.332,48.121]]]}},{"type":"Feature","properties":{"code":"68007","nom":"Andolsheim","departement":"68","region":"44","epci":"246800726"},"geometry":{"type":"Polygon","coordinates":[[[7.415,48.083],[7.433,48.085],[7.459,48.066],[7.469,48.044],[7.411,48.059],[7.415,48.083]]]}},{"type":"Feature","properties":{"code":"68009","nom":"Artzenheim","departement":"68","region":"44","epci":"200066025"},"geometry":{"type":"Polygon","coordinates":[[[7.518,48.104],[7.512,48.112],[7.519,48.128],[7.577,48.12],[7.58,48.107],[7.518,48.104]]]}},{"type":"Feature","properties":{"code":"68014","nom":"Aubure","departement":"68","region":"44","epci":"246800577"},"geometry":{"type":"Polygon","coordinates":[[[7.219,48.181],[7.218,48.181],[7.189,48.21],[7.221,48.214],[7.225,48.192],[7.219,48.181]]]}},{"type":"Feature","properties":{"code":"68019","nom":"Baltzenheim","departement":"68","region":"44","epci":"200066025"},"geometry":{"type":"Polygon","coordinates":[[[7.524,48.095],[7.518,48.104],[7.58,48.107],[7.574,48.091],[7.524,48.095]]]}},{"type":"Feature","properties":{"code":"68023","nom":"Beblenheim","departement":"68","region":"44","epci":"246800577"},"geometry":{"type":"Polygon","coordinates":[[[7.36,48.169],[7.354,48.148],[7.335,48.148],[7.319,48.157],[7.318,48.164],[7.36,48.169]]]}},{"type":"Feature","properties":{"code":"68026","nom":"Bennwihr","departement":"68","region":"44","epci":"246800577"},"geometry":{"type":"Polygon","coordinates":[[[7.368,48.13],[7.349,48.125],[7.349,48.126],[7.304,48.144],[7.335,48.148],[7.354,48.148],[7.368,48.13]]]}},{"type":"Feature","properties":{"code":"68028","nom":"Bergheim","departement":"68","region":"44","epci":"246800577"},"geometry":{"type":"Polygon","coordinates":[[[7.348,48.22],[7.383,48.219],[7.431,48.211],[7.383,48.204],[7.368,48.191],[7.328,48.213],[7.297,48.22],[7.302,48.244],[7.348,48.22]]]}},{"type":"Feature","properties":{"code":"68036","nom":"Biesheim","departement":"68","region":"44","epci":"200066025"},"geometry":{"type":"Polygon","coordinates":[[[7.52,48.037],[7.505,48.044],[7.504,48.068],[7.518,48.07],[7.573,48.06],[7.579,48.025],[7.566,48.028],[7.52,48.037]]]}},{"type":"Feature","properties":{"code":"68038","nom":"Bischwihr","departement":"68","region":"44","epci":"246800726"},"geometry":{"type":"Polygon","coordinates":[[[7.433,48.085],[7.415,48.083],[7.417,48.099],[7.424,48.104],[7.447,48.105],[7.439,48.098],[7.433,48.085]]]}},{"type":"Feature","properties":{"code":"68044","nom":"Le Bonhomme","departement":"68","region":"44","epci":"246800551"},"geometry":{"type":"Polygon","coordinates":[[[7.078,48.171],[7.083,48.177],[7.106,48.194],[7.14,48.194],[7.117,48.154],[7.084,48.129],[7.058,48.138],[7.078,48.171]]]}},{"type":"Feature","properties":{"code":"68066","nom":"Colmar","departement":"68","region":"44","epci":"246800726"},"geometry":{"type":"Polygon","coordinates":[[[7.329,48.114],[7.332,48.121],[7.349,48.126],[7.349,48.125],[7.388,48.125],[7.391,48.154],[7.39,48.174],[7.408,48.175],[7.443,48.181],[7.464,48.158],[7.467,48.143],[7.457,48.133],[7.431,48.14],[7.398,48.106],[7.388,48.068],[7.4,48.058],[7.372,48.042],[7.353,48.043],[7.323,48.06],[7.325,48.088],[7.329,48.114]]]}},{"type":"Feature","properties":{"code":"68076","nom":"Durrenentzen","departement":"68","region":"44","epci":"200066025"},"geometry":{"type":"Polygon","coordinates":[[[7.49,48.093],[7.495,48.108],[7.512,48.112],[7.518,48.104],[7.524,48.095],[7.515,48.074],[7.49,48.093]]]}},{"type":"Feature","properties":{"code":"68078","nom":"Eguisheim","departement":"68","region":"44","epci":"246800494"},"geometry":{"type":"Polygon","coordinates":[[[7.242,48.036],[7.255,48.041],[7.307,48.051],[7.35,48.04],[7.348,48.028],[7.295,48.029],[7.274,48.026],[7.242,48.036]],[[7.285,48.035],[7.277,48.04],[7.276,48.027],[7.285,48.035]]]}},{"type":"Feature","properties":{"code":"68095","nom":"Fortschwihr","departement":"68","region":"44","epci":"246800726"},"geometry":{"type":"Polygon","coordinates":[[[7.459,48.066],[7.433,48.085],[7.439,48.098],[7.468,48.088],[7.468,48.078],[7.459,48.066]]]}},{"type":"Feature","properties":{"code":"68097","nom":"Fréland","departement":"68","region":"44","epci":"246800551"},"geometry":{"type":"Polygon","coordinates":[[[7.151,48.192],[7.189,48.21],[7.218,48.181],[7.209,48.154],[7.179,48.16],[7.151,48.192]]]}},{"type":"Feature","properties":{"code":"68110","nom":"Grussenheim","departement":"68","region":"44","epci":"200030526"},"geometry":{"type":"Polygon","coordinates":[[[7.464,48.158],[7.47,48.16],[7.52,48.149],[7.516,48.133],[7.467,48.143],[7.464,48.158]]]}},{"type":"Feature","properties":{"code":"68113","nom":"Guémar","departement":"68","region":"44","epci":"246800577"},"geometry":{"type":"Polygon","coordinates":[[[7.39,48.174],[7.367,48.175],[7.367,48.185],[7.368,48.191],[7.383,48.204],[7.431,48.211],[7.435,48.218],[7.477,48.204],[7.473,48.198],[7.446,48.199],[7.408,48.175],[7.39,48.174]]]}},{"type":"Feature","properties":{"code":"68117","nom":"Gunsbach","departement":"68","region":"44","epci":"246800585"},"geometry":{"type":"Polygon","coordinates":[[[7.149,48.064],[7.15,48.079],[7.163,48.08],[7.185,48.042],[7.166,48.041],[7.149,48.064]]]}},{"type":"Feature","properties":{"code":"68142","nom":"Hohrod","departement":"68","region":"44","epci":"246800585"},"geometry":{"type":"Polygon","coordinates":[[[7.15,48.079],[7.149,48.064],[7.119,48.049],[7.117,48.063],[7.133,48.078],[7.15,48.079]]]}},{"type":"Feature","properties":{"code":"68143","nom":"Porte du Ried","departement":"68","region":"44","epci":"246800726"},"geometry":{"type":"Polygon","coordinates":[[[7.417,48.099],[7.398,48.106],[7.431,48.14],[7.457,48.133],[7.446,48.121],[7.424,48.104],[7.417,48.099]]]}},{"type":"Feature","properties":{"code":"68145","nom":"Horbourg-Wihr","departement":"68","region":"44","epci":"246800726"},"geometry":{"type":"Polygon","coordinates":[[[7.411,48.059],[7.4,48.058],[7.388,48.068],[7.398,48.106],[7.417,48.099],[7.415,48.083],[7.411,48.059]]]}},{"type":"Feature","properties":{"code":"68146","nom":"Houssen","departement":"68","region":"44","epci":"246800726"},"geometry":{"type":"Polygon","coordinates":[[[7.349,48.125],[7.368,48.13],[7.391,48.154],[7.388,48.125],[7.349,48.125]]]}},{"type":"Feature","properties":{"code":"68147","nom":"Hunawihr","departement":"68","region":"44","epci":"246800577"},"geometry":{"type":"Polygon","coordinates":[[[7.277,48.194],[7.323,48.19],[7.324,48.174],[7.302,48.172],[7.277,48.194]]]}},{"type":"Feature","properties":{"code":"68153","nom":"Illhaeusern","departement":"68","region":"44","epci":"246800577"},"geometry":{"type":"Polygon","coordinates":[[[7.464,48.158],[7.443,48.181],[7.408,48.175],[7.446,48.199],[7.473,48.198],[7.473,48.182],[7.47,48.16],[7.464,48.158]]]}},{"type":"Feature","properties":{"code":"68155","nom":"Ingersheim","departement":"68","region":"44","epci":"246800726"},"geometry":{"type":"Polygon","coordinates":[[[7.302,48.116],[7.329,48.114],[7.325,48.088],[7.304,48.089],[7.288,48.095],[7.302,48.116]]]}},{"type":"Feature","properties":{"code":"68157","nom":"Jebsheim","departement":"68","region":"44","epci":"246800726"},"geometry":{"type":"Polygon","coordinates":[[[7.446,48.121],[7.457,48.133],[7.467,48.143],[7.516,48.133],[7.519,48.128],[7.512,48.112],[7.495,48.108],[7.452,48.11],[7.446,48.121]]]}},{"type":"Feature","properties":{"code":"68161","nom":"Katzenthal","departement":"68","region":"44","epci":"246800551"},"geometry":{"type":"Polygon","coordinates":[[[7.288,48.095],[7.278,48.095],[7.251,48.108],[7.302,48.116],[7.288,48.095]]]}},{"type":"Feature","properties":{"code":"68162","nom":"Kaysersberg Vignoble","departement":"68","region":"44","epci":"246800551"},"geometry":{"type":"Polygon","coordinates":[[[7.218,48.181],[7.219,48.181],[7.258,48.181],[7.292,48.153],[7.304,48.144],[7.349,48.126],[7.332,48.121],[7.269,48.135],[7.202,48.125],[7.206,48.143],[7.209,48.154],[7.218,48.181]]]}},{"type":"Feature","properties":{"code":"68172","nom":"Kunheim","departement":"68","region":"44","epci":"200066025"},"geometry":{"type":"Polygon","coordinates":[[[7.524,48.095],[7.574,48.091],[7.573,48.06],[7.518,48.07],[7.515,48.074],[7.524,48.095]]]}},{"type":"Feature","properties":{"code":"68173","nom":"Labaroche","departement":"68","region":"44","epci":"246800551"},"geometry":{"type":"Polygon","coordinates":[[[7.192,48.136],[7.206,48.143],[7.202,48.125],[7.219,48.098],[7.196,48.084],[7.186,48.085],[7.163,48.08],[7.176,48.083],[7.179,48.119],[7.192,48.136]]]}},{"type":"Feature","properties":{"code":"68175","nom":"Lapoutroie","departement":"68","region":"44","epci":"246800551"},"geometry":{"type":"Polygon","coordinates":[[[7.209,48.154],[7.206,48.143],[7.192,48.136],[7.15,48.137],[7.117,48.154],[7.14,48.194],[7.151,48.192],[7.179,48.16],[7.209,48.154]]]}},{"type":"Feature","properties":{"code":"68185","nom":"Lièpvre","departement":"68","region":"44","epci":"246800395"},"geometry":{"type":"Polygon","coordinates":[[[7.334,48.272],[7.332,48.27],[7.314,48.264],[7.261,48.253],[7.258,48.24],[7.256,48.236],[7.241,48.277],[7.271,48.276],[7.291,48.291],[7.297,48.268],[7.334,48.272]]]}},{"type":"Feature","properties":{"code":"68209","nom":"Mittelwihr","departement":"68","region":"44","epci":"246800577"},"geometry":{"type":"Polygon","coordinates":[[[7.335,48.148],[7.304,48.144],[7.292,48.153],[7.319,48.157],[7.335,48.148]]]}},{"type":"Feature","properties":{"code":"68226","nom":"Munster","departement":"68","region":"44","epci":"246800585"},"geometry":{"type":"Polygon","coordinates":[[[7.166,48.041],[7.158,48.03],[7.134,48.029],[7.097,48.04],[7.119,48.049],[7.149,48.064],[7.166,48.041]]]}},{"type":"Feature","properties":{"code":"68227","nom":"Muntzenheim","departement":"68","region":"44","epci":"246800726"},"geometry":{"type":"Polygon","coordinates":[[[7.468,48.088],[7.439,48.098],[7.447,48.105],[7.452,48.11],[7.495,48.108],[7.49,48.093],[7.468,48.088]]]}},{"type":"Feature","properties":{"code":"68237","nom":"Niedermorschwihr","departement":"68","region":"44","epci":"246800726"},"geometry":{"type":"Polygon","coordinates":[[[7.251,48.108],[7.278,48.095],[7.231,48.1],[7.251,48.108]]]}},{"type":"Feature","properties":{"code":"68249","nom":"Orbey","departement":"68","region":"44","epci":"246800551"},"geometry":{"type":"Polygon","coordinates":[[[7.084,48.129],[7.117,48.154],[7.15,48.137],[7.192,48.136],[7.179,48.119],[7.176,48.083],[7.163,48.08],[7.15,48.079],[7.133,48.078],[7.077,48.109],[7.084,48.129]]]}},{"type":"Feature","properties":{"code":"68252","nom":"Ostheim","departement":"68","region":"44","epci":"246800577"},"geometry":{"type":"Polygon","coordinates":[[[7.367,48.175],[7.39,48.174],[7.391,48.154],[7.368,48.13],[7.354,48.148],[7.36,48.169],[7.367,48.175]]]}},{"type":"Feature","properties":{"code":"68269","nom":"Ribeauvillé","departement":"68","region":"44","epci":"246800577"},"geometry":{"type":"Polygon","coordinates":[[[7.256,48.236],[7.277,48.238],[7.297,48.22],[7.328,48.213],[7.368,48.191],[7.367,48.185],[7.324,48.174],[7.323,48.19],[7.277,48.194],[7.259,48.205],[7.225,48.192],[7.221,48.214],[7.231,48.227],[7.256,48.236]]]}},{"type":"Feature","properties":{"code":"68277","nom":"Riquewihr","departement":"68","region":"44","epci":"246800577"},"geometry":{"type":"Polygon","coordinates":[[[7.219,48.181],[7.225,48.192],[7.259,48.205],[7.277,48.194],[7.302,48.172],[7.318,48.164],[7.319,48.157],[7.292,48.153],[7.258,48.181],[7.219,48.181]]]}},{"type":"Feature","properties":{"code":"68280","nom":"Rodern","departement":"68","region":"44","epci":"246800577"},"geometry":{"type":"Polygon","coordinates":[[[7.277,48.238],[7.256,48.236],[7.258,48.24],[7.301,48.254],[7.329,48.234],[7.362,48.226],[7.348,48.22],[7.302,48.244],[7.277,48.238]]]}},{"type":"Feature","properties":{"code":"68283","nom":"Rombach-le-Franc","departement":"68","region":"44","epci":"246800395"},"geometry":{"type":"Polygon","coordinates":[[[7.282,48.296],[7.291,48.294],[7.291,48.291],[7.271,48.276],[7.241,48.277],[7.194,48.302],[7.198,48.31],[7.204,48.31],[7.259,48.305],[7.282,48.296]]]}},{"type":"Feature","properties":{"code":"68285","nom":"Rorschwihr","departement":"68","region":"44","epci":"246800577"},"geometry":{"type":"Polygon","coordinates":[[[7.383,48.219],[7.348,48.22],[7.362,48.226],[7.383,48.219]]]}},{"type":"Feature","properties":{"code":"68294","nom":"Sainte-Croix-aux-Mines","departement":"68","region":"44","epci":"246800395"},"geometry":{"type":"Polygon","coordinates":[[[7.158,48.268],[7.159,48.268],[7.172,48.297],[7.194,48.302],[7.241,48.277],[7.256,48.236],[7.231,48.227],[7.22,48.259],[7.192,48.251],[7.158,48.268]]]}},{"type":"Feature","properties":{"code":"68296","nom":"Saint-Hippolyte","departement":"68","region":"44","epci":"246800577"},"geometry":{"type":"Polygon","coordinates":[[[7.362,48.226],[7.329,48.234],[7.301,48.254],[7.258,48.24],[7.261,48.253],[7.314,48.264],[7.327,48.244],[7.359,48.245],[7.414,48.225],[7.435,48.218],[7.431,48.211],[7.383,48.219],[7.362,48.226]]]}},{"type":"Feature","properties":{"code":"68298","nom":"Sainte-Marie-aux-Mines","departement":"68","region":"44","epci":"246800395"},"geometry":{"type":"Polygon","coordinates":[[[7.106,48.194],[7.105,48.201],[7.126,48.225],[7.133,48.243],[7.158,48.268],[7.192,48.251],[7.22,48.259],[7.231,48.227],[7.221,48.214],[7.189,48.21],[7.151,48.192],[7.14,48.194],[7.106,48.194]]]}},{"type":"Feature","properties":{"code":"68317","nom":"Soultzeren","departement":"68","region":"44","epci":"246800585"},"geometry":{"type":"Polygon","coordinates":[[[7.133,48.078],[7.117,48.063],[7.052,48.083],[7.07,48.106],[7.077,48.109],[7.133,48.078]]]}},{"type":"Feature","properties":{"code":"68329","nom":"Stosswihr","departement":"68","region":"44","epci":"246800585"},"geometry":{"type":"Polygon","coordinates":[[[7.019,48.055],[7.052,48.083],[7.117,48.063],[7.119,48.049],[7.097,48.04],[7.089,48.038],[7.034,48.036],[7.016,48.037],[7.01,48.043],[7.019,48.055]]]}},{"type":"Feature","properties":{"code":"68331","nom":"Sundhoffen","departement":"68","region":"44","epci":"246800726"},"geometry":{"type":"Polygon","coordinates":[[[7.43,48.032],[7.409,48.031],[7.372,48.042],[7.4,48.058],[7.411,48.059],[7.469,48.044],[7.472,48.039],[7.47,48.034],[7.43,48.032]]]}},{"type":"Feature","properties":{"code":"68335","nom":"Thannenkirch","departement":"68","region":"44","epci":"246800577"},"geometry":{"type":"Polygon","coordinates":[[[7.277,48.238],[7.302,48.244],[7.297,48.22],[7.277,48.238]]]}},{"type":"Feature","properties":{"code":"68338","nom":"Turckheim","departement":"68","region":"44","epci":"246800726"},"geometry":{"type":"Polygon","coordinates":[[[7.207,48.077],[7.196,48.084],[7.219,48.098],[7.231,48.1],[7.278,48.095],[7.288,48.095],[7.304,48.089],[7.306,48.073],[7.25,48.074],[7.207,48.077]]]}},{"type":"Feature","properties":{"code":"68345","nom":"Urschenheim","departement":"68","region":"44","epci":"200066025"},"geometry":{"type":"Polygon","coordinates":[[[7.468,48.088],[7.49,48.093],[7.515,48.074],[7.518,48.07],[7.504,48.068],[7.468,48.078],[7.468,48.088]]]}},{"type":"Feature","properties":{"code":"68354","nom":"Walbach","departement":"68","region":"44","epci":"246800726"},"geometry":{"type":"Polygon","coordinates":[[[7.196,48.084],[7.207,48.077],[7.234,48.066],[7.225,48.055],[7.182,48.075],[7.186,48.085],[7.196,48.084]]]}},{"type":"Feature","properties":{"code":"68365","nom":"Wettolsheim","departement":"68","region":"44","epci":"246800726"},"geometry":{"type":"Polygon","coordinates":[[[7.353,48.043],[7.35,48.04],[7.307,48.051],[7.255,48.041],[7.272,48.057],[7.323,48.06],[7.353,48.043]]]}},{"type":"Feature","properties":{"code":"68366","nom":"Wickerschwihr","departement":"68","region":"44","epci":"246800726"},"geometry":{"type":"Polygon","coordinates":[[[7.446,48.121],[7.452,48.11],[7.447,48.105],[7.424,48.104],[7.446,48.121]]]}},{"type":"Feature","properties":{"code":"68367","nom":"Widensolen","departement":"68","region":"44","epci":"200066025"},"geometry":{"type":"Polygon","coordinates":[[[7.469,48.044],[7.459,48.066],[7.468,48.078],[7.504,48.068],[7.505,48.044],[7.472,48.039],[7.469,48.044]]]}},{"type":"Feature","properties":{"code":"68368","nom":"Wihr-au-Val","departement":"68","region":"44","epci":"246800585"},"geometry":{"type":"Polygon","coordinates":[[[7.188,48.03],[7.185,48.042],[7.163,48.08],[7.186,48.085],[7.182,48.075],[7.225,48.055],[7.236,48.037],[7.233,48.034],[7.188,48.03]]]}},{"type":"Feature","properties":{"code":"68374","nom":"Wintzenheim","departement":"68","region":"44","epci":"246800726"},"geometry":{"type":"Polygon","coordinates":[[[7.255,48.041],[7.242,48.036],[7.236,48.037],[7.225,48.055],[7.234,48.066],[7.25,48.074],[7.306,48.073],[7.304,48.089],[7.325,48.088],[7.323,48.06],[7.272,48.057],[7.255,48.041]]]}},{"type":"Feature","properties":{"code":"68383","nom":"Zellenberg","departement":"68","region":"44","epci":"246800577"},"geometry":{"type":"Polygon","coordinates":[[[7.318,48.164],[7.302,48.172],[7.324,48.174],[7.367,48.185],[7.367,48.175],[7.36,48.169],[7.318,48.164]]]}},{"type":"Feature","properties":{"code":"68385","nom":"Zimmerbach","departement":"68","region":"44","epci":"246800726"},"geometry":{"type":"Polygon","coordinates":[[[7.207,48.077],[7.25,48.074],[7.234,48.066],[7.207,48.077]]]}},{"type":"Feature","properties":{"code":"88001","nom":"Les Ableuvenettes","departement":"88","region":"44","epci":"200068369"},"geometry":{"type":"Polygon","coordinates":[[[6.187,48.177],[6.176,48.186],[6.174,48.189],[6.199,48.205],[6.214,48.2],[6.187,48.177]]]}},{"type":"Feature","properties":{"code":"88002","nom":"Ahéville","departement":"88","region":"44","epci":"200068369"},"geometry":{"type":"Polygon","coordinates":[[[6.215,48.298],[6.216,48.295],[6.218,48.279],[6.214,48.277],[6.186,48.269],[6.184,48.273],[6.198,48.298],[6.215,48.298]]]}},{"type":"Feature","properties":{"code":"88003","nom":"Aingeville","departement":"88","region":"44","epci":"200068682"},"geometry":{"type":"Polygon","coordinates":[[[5.791,48.199],[5.762,48.196],[5.74,48.2],[5.756,48.213],[5.781,48.213],[5.791,48.21],[5.791,48.199]]]}},{"type":"Feature","properties":{"code":"88005","nom":"Allarmont","departement":"88","region":"44","epci":"200071066"},"geometry":{"type":"Polygon","coordinates":[[[6.982,48.478],[7.029,48.492],[7.053,48.461],[7.013,48.448],[6.982,48.478]]]}},{"type":"Feature","properties":{"code":"88006","nom":"Ambacourt","departement":"88","region":"44","epci":"200068369"},"geometry":{"type":"Polygon","coordinates":[[[6.117,48.354],[6.125,48.367],[6.133,48.363],[6.152,48.363],[6.162,48.353],[6.151,48.34],[6.142,48.337],[6.14,48.336],[6.115,48.345],[6.117,48.354],[6.117,48.354]]]}},{"type":"Feature","properties":{"code":"88008","nom":"Anglemont","departement":"88","region":"44","epci":"200005957"},"geometry":{"type":"Polygon","coordinates":[[[6.696,48.365],[6.673,48.365],[6.649,48.373],[6.654,48.39],[6.677,48.386],[6.696,48.365]]]}},{"type":"Feature","properties":{"code":"88009","nom":"Anould","departement":"88","region":"44","epci":"200071066"},"geometry":{"type":"Polygon","coordinates":[[[6.978,48.201],[6.97,48.19],[6.955,48.147],[6.917,48.165],[6.917,48.183],[6.898,48.205],[6.922,48.212],[6.978,48.201]]]}},{"type":"Feature","properties":{"code":"88010","nom":"Aouze","departement":"88","region":"44","epci":"200068559"},"geometry":{"type":"Polygon","coordinates":[[[5.864,48.358],[5.849,48.388],[5.855,48.409],[5.87,48.406],[5.895,48.39],[5.891,48.375],[5.864,48.358]]]}},{"type":"Feature","properties":{"code":"88011","nom":"Arches","departement":"88","region":"44","epci":"200068757"},"geometry":{"type":"Polygon","coordinates":[[[6.527,48.086],[6.496,48.116],[6.462,48.129],[6.465,48.132],[6.51,48.142],[6.511,48.142],[6.542,48.116],[6.553,48.073],[6.527,48.086]]]}},{"type":"Feature","properties":{"code":"88012","nom":"Archettes","departement":"88","region":"44","epci":"200068757"},"geometry":{"type":"Polygon","coordinates":[[[6.558,48.118],[6.542,48.116],[6.511,48.142],[6.533,48.148],[6.569,48.145],[6.586,48.126],[6.558,48.118]]]}},{"type":"Feature","properties":{"code":"88013","nom":"Aroffe","departement":"88","region":"44","epci":"200068559"},"geometry":{"type":"Polygon","coordinates":[[[5.87,48.406],[5.895,48.405],[5.898,48.436],[5.931,48.434],[5.908,48.417],[5.92,48.401],[5.895,48.39],[5.87,48.406]]]}},{"type":"Feature","properties":{"code":"88014","nom":"Arrentès-de-Corcieux","departement":"88","region":"44","epci":"200071066"},"geometry":{"type":"Polygon","coordinates":[[[6.871,48.107],[6.839,48.149],[6.84,48.162],[6.896,48.14],[6.897,48.102],[6.871,48.107]]]}},{"type":"Feature","properties":{"code":"88015","nom":"Attignéville","departement":"88","region":"44","epci":"200068559"},"geometry":{"type":"Polygon","coordinates":[[[5.849,48.388],[5.825,48.368],[5.802,48.38],[5.794,48.387],[5.833,48.425],[5.859,48.416],[5.855,48.409],[5.849,48.388]]]}},{"type":"Feature","properties":{"code":"88016","nom":"Attigny","departement":"88","region":"44","epci":"200068773"},"geometry":{"type":"Polygon","coordinates":[[[5.997,48.039],[5.986,48.052],[5.991,48.065],[6.003,48.073],[6.03,48.083],[6.064,48.057],[6.062,48.051],[5.997,48.039]]]}},{"type":"Feature","properties":{"code":"88017","nom":"Aulnois","departement":"88","region":"44","epci":"200068682"},"geometry":{"type":"Polygon","coordinates":[[[5.778,48.276],[5.797,48.261],[5.774,48.247],[5.761,48.266],[5.778,48.276]]]}},{"type":"Feature","properties":{"code":"88019","nom":"Autigny-la-Tour","departement":"88","region":"44","epci":"200068559"},"geometry":{"type":"Polygon","coordinates":[[[5.748,48.391],[5.749,48.408],[5.778,48.436],[5.815,48.441],[5.828,48.432],[5.769,48.389],[5.748,48.391]]]}},{"type":"Feature","properties":{"code":"88020","nom":"Autreville","departement":"88","region":"44","epci":"200068559"},"geometry":{"type":"Polygon","coordinates":[[[5.907,48.495],[5.899,48.485],[5.862,48.485],[5.844,48.466],[5.836,48.501],[5.838,48.505],[5.866,48.504],[5.907,48.495]]]}},{"type":"Feature","properties":{"code":"88021","nom":"Autrey","departement":"88","region":"44","epci":"200005957"},"geometry":{"type":"Polygon","coordinates":[[[6.704,48.278],[6.675,48.31],[6.673,48.314],[6.688,48.323],[6.702,48.299],[6.734,48.288],[6.779,48.296],[6.785,48.286],[6.722,48.269],[6.704,48.278]]]}},{"type":"Feature","properties":{"code":"88022","nom":"Auzainvilliers","departement":"88","region":"44","epci":"200068682"},"geometry":{"type":"Polygon","coordinates":[[[5.869,48.248],[5.884,48.246],[5.886,48.242],[5.862,48.222],[5.828,48.241],[5.869,48.248]]]}},{"type":"Feature","properties":{"code":"88023","nom":"Avillers","departement":"88","region":"44","epci":"200068369"},"geometry":{"type":"Polygon","coordinates":[[[6.191,48.309],[6.186,48.315],[6.184,48.322],[6.209,48.329],[6.228,48.316],[6.215,48.298],[6.198,48.298],[6.191,48.309]]]}},{"type":"Feature","properties":{"code":"88024","nom":"Avrainville","departement":"88","region":"44","epci":"200068369"},"geometry":{"type":"Polygon","coordinates":[[[6.235,48.393],[6.238,48.388],[6.233,48.373],[6.209,48.367],[6.201,48.378],[6.235,48.393]]]}},{"type":"Feature","properties":{"code":"88025","nom":"Avranville","departement":"88","region":"44","epci":"200068559"},"geometry":{"type":"Polygon","coordinates":[[[5.561,48.441],[5.567,48.434],[5.545,48.425],[5.545,48.392],[5.53,48.399],[5.514,48.411],[5.516,48.431],[5.561,48.441]]]}},{"type":"Feature","properties":{"code":"88026","nom":"Aydoilles","departement":"88","region":"44","epci":"200068757"},"geometry":{"type":"Polygon","coordinates":[[[6.58,48.19],[6.578,48.19],[6.559,48.201],[6.556,48.201],[6.549,48.217],[6.55,48.234],[6.554,48.237],[6.568,48.232],[6.601,48.19],[6.6,48.19],[6.58,48.19]]]}},{"type":"Feature","properties":{"code":"88027","nom":"Badménil-aux-Bois","departement":"88","region":"44","epci":"200068757"},"geometry":{"type":"Polygon","coordinates":[[[6.512,48.328],[6.521,48.336],[6.543,48.318],[6.532,48.287],[6.524,48.288],[6.52,48.29],[6.504,48.304],[6.512,48.328]]]}},{"type":"Feature","properties":{"code":"88028","nom":"La Baffe","departement":"88","region":"44","epci":"200068757"},"geometry":{"type":"Polygon","coordinates":[[[6.578,48.19],[6.58,48.19],[6.576,48.152],[6.569,48.145],[6.533,48.148],[6.554,48.175],[6.578,48.19]]]}},{"type":"Feature","properties":{"code":"88029","nom":"La Vôge-les-Bains","departement":"88","region":"44","epci":"200068757"},"geometry":{"type":"Polygon","coordinates":[[[6.222,48.071],[6.221,48.072],[6.245,48.057],[6.276,48.065],[6.277,48.049],[6.259,48.04],[6.301,48.013],[6.294,47.991],[6.274,47.968],[6.224,47.976],[6.239,48.012],[6.21,48.025],[6.21,48.044],[6.222,48.071]]]}},{"type":"Feature","properties":{"code":"88030","nom":"Bainville-aux-Saules","departement":"88","region":"44","epci":"200068369"},"geometry":{"type":"Polygon","coordinates":[[[6.119,48.198],[6.117,48.207],[6.131,48.224],[6.149,48.214],[6.146,48.202],[6.137,48.193],[6.119,48.198]]]}},{"type":"Feature","properties":{"code":"88031","nom":"Balléville","departement":"88","region":"44","epci":"200068559"},"geometry":{"type":"Polygon","coordinates":[[[5.827,48.324],[5.824,48.335],[5.826,48.337],[5.844,48.351],[5.86,48.349],[5.864,48.348],[5.865,48.342],[5.858,48.322],[5.827,48.324]]]}},{"type":"Feature","properties":{"code":"88032","nom":"Ban-de-Laveline","departement":"88","region":"44","epci":"200071066"},"geometry":{"type":"Polygon","coordinates":[[[7.061,48.253],[7.076,48.253],[7.12,48.243],[7.126,48.225],[7.105,48.201],[7.039,48.229],[7.042,48.248],[7.061,48.253]]]}},{"type":"Feature","properties":{"code":"88033","nom":"Ban-de-Sapt","departement":"88","region":"44","epci":"200071066"},"geometry":{"type":"Polygon","coordinates":[[[7.008,48.314],[7.004,48.316],[6.978,48.346],[6.971,48.357],[6.975,48.364],[7.012,48.365],[7.061,48.348],[7.053,48.334],[7.033,48.313],[7.008,48.314]]]}},{"type":"Feature","properties":{"code":"88035","nom":"Barbey-Seroux","departement":"88","region":"44","epci":"200071066"},"geometry":{"type":"Polygon","coordinates":[[[6.871,48.107],[6.867,48.107],[6.823,48.14],[6.828,48.151],[6.839,48.149],[6.871,48.107]]]}},{"type":"Feature","properties":{"code":"88036","nom":"Barville","departement":"88","region":"44","epci":"200068559"},"geometry":{"type":"Polygon","coordinates":[[[5.79,48.371],[5.761,48.364],[5.749,48.373],[5.748,48.391],[5.769,48.389],[5.794,48.387],[5.802,48.38],[5.79,48.371]]]}},{"type":"Feature","properties":{"code":"88038","nom":"Battexey","departement":"88","region":"44","epci":"200068369"},"geometry":{"type":"Polygon","coordinates":[[[6.178,48.398],[6.2,48.398],[6.187,48.38],[6.168,48.386],[6.178,48.398]]]}},{"type":"Feature","properties":{"code":"88039","nom":"Baudricourt","departement":"88","region":"44","epci":"200068369"},"geometry":{"type":"Polygon","coordinates":[[[6.045,48.322],[6.066,48.317],[6.071,48.304],[6.059,48.296],[6.052,48.299],[6.041,48.319],[6.045,48.322]]]}},{"type":"Feature","properties":{"code":"88040","nom":"Bayecourt","departement":"88","region":"44","epci":"200068757"},"geometry":{"type":"Polygon","coordinates":[[[6.5,48.255],[6.484,48.253],[6.464,48.264],[6.52,48.29],[6.524,48.288],[6.5,48.275],[6.5,48.255]]]}},{"type":"Feature","properties":{"code":"88041","nom":"Bazegney","departement":"88","region":"44","epci":"200068369"},"geometry":{"type":"Polygon","coordinates":[[[6.254,48.26],[6.216,48.252],[6.214,48.277],[6.218,48.279],[6.249,48.272],[6.254,48.26]]]}},{"type":"Feature","properties":{"code":"88042","nom":"Bazien","departement":"88","region":"44","epci":"200005957"},"geometry":{"type":"Polygon","coordinates":[[[6.7,48.413],[6.699,48.413],[6.662,48.409],[6.669,48.426],[6.679,48.422],[6.683,48.425],[6.7,48.413]]]}},{"type":"Feature","properties":{"code":"88043","nom":"Bazoilles-et-Ménil","departement":"88","region":"44","epci":"200068682"},"geometry":{"type":"Polygon","coordinates":[[[6.087,48.271],[6.115,48.266],[6.127,48.254],[6.125,48.251],[6.103,48.245],[6.084,48.261],[6.087,48.271]]]}},{"type":"Feature","properties":{"code":"88044","nom":"Bazoilles-sur-Meuse","departement":"88","region":"44","epci":"200068559"},"geometry":{"type":"Polygon","coordinates":[[[5.682,48.306],[5.654,48.269],[5.612,48.292],[5.623,48.309],[5.646,48.325],[5.686,48.32],[5.682,48.306]]]}},{"type":"Feature","properties":{"code":"88045","nom":"Beaufremont","departement":"88","region":"44","epci":"200068682"},"geometry":{"type":"Polygon","coordinates":[[[5.745,48.24],[5.743,48.24],[5.714,48.249],[5.722,48.26],[5.737,48.271],[5.761,48.266],[5.774,48.247],[5.745,48.24]]]}},{"type":"Feature","properties":{"code":"88046","nom":"Beauménil","departement":"88","region":"44","epci":"200042000"},"geometry":{"type":"Polygon","coordinates":[[[6.743,48.185],[6.707,48.152],[6.7,48.154],[6.729,48.183],[6.743,48.185]]]}},{"type":"Feature","properties":{"code":"88047","nom":"Begnécourt","departement":"88","region":"44","epci":"200068369"},"geometry":{"type":"Polygon","coordinates":[[[6.162,48.195],[6.146,48.202],[6.149,48.214],[6.182,48.225],[6.186,48.212],[6.162,48.195]]]}},{"type":"Feature","properties":{"code":"88049","nom":"Belmont-lès-Darney","departement":"88","region":"44","epci":"200068773"},"geometry":{"type":"Polygon","coordinates":[[[6.03,48.083],[6.003,48.073],[6,48.091],[6.025,48.098],[6.03,48.083]]]}},{"type":"Feature","properties":{"code":"88050","nom":"Belmont-sur-Buttant","departement":"88","region":"44","epci":"200042000"},"geometry":{"type":"Polygon","coordinates":[[[6.767,48.203],[6.744,48.211],[6.752,48.224],[6.746,48.24],[6.785,48.238],[6.794,48.223],[6.785,48.215],[6.772,48.207],[6.767,48.203]]]}},{"type":"Feature","properties":{"code":"88051","nom":"Belmont-sur-Vair","departement":"88","region":"44","epci":"200068682"},"geometry":{"type":"Polygon","coordinates":[[[5.937,48.273],[5.942,48.266],[5.926,48.252],[5.894,48.243],[5.886,48.242],[5.884,48.246],[5.9,48.263],[5.936,48.274],[5.937,48.273]]]}},{"type":"Feature","properties":{"code":"88052","nom":"Belrupt","departement":"88","region":"44","epci":"200068773"},"geometry":{"type":"Polygon","coordinates":[[[6.102,48.09],[6.107,48.085],[6.086,48.069],[6.062,48.081],[6.096,48.113],[6.1,48.121],[6.108,48.108],[6.102,48.09]]]}},{"type":"Feature","properties":{"code":"88053","nom":"Belval","departement":"88","region":"44","epci":"200071066"},"geometry":{"type":"Polygon","coordinates":[[[7.085,48.398],[7.071,48.398],[7.044,48.403],[7.096,48.427],[7.096,48.405],[7.085,48.398]]]}},{"type":"Feature","properties":{"code":"88054","nom":"Bertrimoutier","departement":"88","region":"44","epci":"200071066"},"geometry":{"type":"Polygon","coordinates":[[[7.076,48.253],[7.061,48.253],[7.042,48.271],[7.049,48.28],[7.08,48.263],[7.076,48.253]]]}},{"type":"Feature","properties":{"code":"88055","nom":"Bettegney-Saint-Brice","departement":"88","region":"44","epci":"200068369"},"geometry":{"type":"Polygon","coordinates":[[[6.316,48.316],[6.34,48.308],[6.333,48.297],[6.3,48.295],[6.285,48.298],[6.299,48.308],[6.316,48.316]]]}},{"type":"Feature","properties":{"code":"88056","nom":"Bettoncourt","departement":"88","region":"44","epci":"200068369"},"geometry":{"type":"Polygon","coordinates":[[[6.175,48.326],[6.171,48.327],[6.151,48.34],[6.162,48.353],[6.175,48.351],[6.175,48.326]]]}},{"type":"Feature","properties":{"code":"88057","nom":"Le Beulay","departement":"88","region":"44","epci":"200071066"},"geometry":{"type":"Polygon","coordinates":[[[7.048,48.306],[7.054,48.316],[7.082,48.299],[7.074,48.295],[7.048,48.306]]]}},{"type":"Feature","properties":{"code":"88058","nom":"Biécourt","departement":"88","region":"44","epci":"200068369"},"geometry":{"type":"Polygon","coordinates":[[[5.941,48.318],[5.934,48.332],[5.937,48.339],[5.969,48.335],[5.973,48.317],[5.955,48.311],[5.941,48.318]]]}},{"type":"Feature","properties":{"code":"88059","nom":"Biffontaine","departement":"88","region":"44","epci":"200071066"},"geometry":{"type":"Polygon","coordinates":[[[6.828,48.202],[6.8,48.198],[6.785,48.215],[6.794,48.223],[6.837,48.224],[6.828,48.202]]]}},{"type":"Feature","properties":{"code":"88060","nom":"Blémerey","departement":"88","region":"44","epci":"200068369"},"geometry":{"type":"Polygon","coordinates":[[[6.047,48.366],[6.061,48.36],[6.04,48.351],[6.026,48.353],[6.025,48.357],[6.047,48.366]]]}},{"type":"Feature","properties":{"code":"88061","nom":"Bleurville","departement":"88","region":"44","epci":"200068773"},"geometry":{"type":"Polygon","coordinates":[[[5.991,48.065],[5.986,48.052],[5.936,48.037],[5.929,48.041],[5.926,48.071],[5.934,48.082],[5.939,48.092],[5.953,48.097],[5.962,48.097],[5.991,48.065]]]}},{"type":"Feature","properties":{"code":"88062","nom":"Blevaincourt","departement":"88","region":"44","epci":"200068773"},"geometry":{"type":"Polygon","coordinates":[[[5.684,48.105],[5.672,48.109],[5.657,48.121],[5.663,48.129],[5.677,48.136],[5.741,48.123],[5.757,48.118],[5.755,48.117],[5.694,48.118],[5.684,48.105]]]}},{"type":"Feature","properties":{"code":"88063","nom":"Bocquegney","departement":"88","region":"44","epci":"200068369"},"geometry":{"type":"Polygon","coordinates":[[[6.305,48.241],[6.305,48.24],[6.318,48.221],[6.33,48.208],[6.313,48.206],[6.293,48.219],[6.301,48.239],[6.302,48.24],[6.305,48.241]]]}},{"type":"Feature","properties":{"code":"88064","nom":"Bois-de-Champ","departement":"88","region":"44","epci":"200071066"},"geometry":{"type":"Polygon","coordinates":[[[6.843,48.246],[6.837,48.224],[6.794,48.223],[6.785,48.238],[6.746,48.24],[6.764,48.249],[6.799,48.261],[6.828,48.254],[6.843,48.246]]]}},{"type":"Feature","properties":{"code":"88065","nom":"Bonvillet","departement":"88","region":"44","epci":"200068773"},"geometry":{"type":"Polygon","coordinates":[[[6.096,48.113],[6.062,48.081],[6.033,48.103],[6.054,48.115],[6.096,48.113]]]}},{"type":"Feature","properties":{"code":"88066","nom":"Boulaincourt","departement":"88","region":"44","epci":"200068369"},"geometry":{"type":"Polygon","coordinates":[[[6.077,48.38],[6.091,48.382],[6.094,48.364],[6.08,48.364],[6.077,48.38]]]}},{"type":"Feature","properties":{"code":"88068","nom":"La Bourgonce","departement":"88","region":"44","epci":"200071066"},"geometry":{"type":"Polygon","coordinates":[[[6.853,48.292],[6.811,48.283],[6.785,48.286],[6.779,48.296],[6.783,48.317],[6.788,48.319],[6.836,48.32],[6.844,48.313],[6.853,48.292]]]}},{"type":"Feature","properties":{"code":"88069","nom":"Bouxières-aux-Bois","departement":"88","region":"44","epci":"200068369"},"geometry":{"type":"Polygon","coordinates":[[[6.302,48.24],[6.296,48.261],[6.299,48.265],[6.299,48.269],[6.339,48.27],[6.349,48.267],[6.305,48.241],[6.302,48.24]]]}},{"type":"Feature","properties":{"code":"88070","nom":"Bouxurulles","departement":"88","region":"44","epci":"200068369"},"geometry":{"type":"Polygon","coordinates":[[[6.25,48.329],[6.253,48.327],[6.236,48.318],[6.228,48.316],[6.209,48.329],[6.219,48.336],[6.231,48.347],[6.25,48.329]]]}},{"type":"Feature","properties":{"code":"88071","nom":"Bouzemont","departement":"88","region":"44","epci":"200068369"},"geometry":{"type":"Polygon","coordinates":[[[6.216,48.252],[6.254,48.26],[6.262,48.251],[6.238,48.238],[6.218,48.25],[6.216,48.252]]]}},{"type":"Feature","properties":{"code":"88073","nom":"Brantigny","departement":"88","region":"44","epci":"200068757"},"geometry":{"type":"Polygon","coordinates":[[[6.27,48.353],[6.275,48.359],[6.296,48.351],[6.258,48.336],[6.27,48.353]]]}},{"type":"Feature","properties":{"code":"88074","nom":"Brechainville","departement":"88","region":"44","epci":"200068559"},"geometry":{"type":"Polygon","coordinates":[[[5.549,48.358],[5.527,48.347],[5.474,48.355],[5.46,48.376],[5.552,48.368],[5.549,48.358]]]}},{"type":"Feature","properties":{"code":"88075","nom":"La Bresse","departement":"88","region":"44","epci":"200096634"},"geometry":{"type":"Polygon","coordinates":[[[7.016,48.037],[6.982,48.01],[6.944,47.992],[6.858,47.984],[6.824,47.997],[6.884,48.024],[6.909,48.034],[6.93,48.057],[7.01,48.043],[7.016,48.037]]]}},{"type":"Feature","properties":{"code":"88076","nom":"Brouvelieures","departement":"88","region":"44","epci":"200042000"},"geometry":{"type":"Polygon","coordinates":[[[6.708,48.241],[6.726,48.252],[6.723,48.26],[6.759,48.259],[6.74,48.233],[6.73,48.222],[6.708,48.241]]]}},{"type":"Feature","properties":{"code":"88077","nom":"Brû","departement":"88","region":"44","epci":"200005957"},"geometry":{"type":"Polygon","coordinates":[[[6.696,48.365],[6.712,48.37],[6.71,48.34],[6.663,48.343],[6.673,48.365],[6.696,48.365]]]}},{"type":"Feature","properties":{"code":"88078","nom":"Bruyères","departement":"88","region":"44","epci":"200042000"},"geometry":{"type":"Polygon","coordinates":[[[6.767,48.203],[6.764,48.199],[6.747,48.191],[6.712,48.199],[6.673,48.206],[6.66,48.211],[6.689,48.22],[6.708,48.241],[6.73,48.222],[6.744,48.211],[6.767,48.203]]]}},{"type":"Feature","properties":{"code":"88079","nom":"Bulgnéville","departement":"88","region":"44","epci":"200068682"},"geometry":{"type":"Polygon","coordinates":[[[5.822,48.244],[5.828,48.241],[5.862,48.222],[5.867,48.204],[5.854,48.19],[5.838,48.181],[5.818,48.212],[5.815,48.235],[5.814,48.239],[5.822,48.244]]]}},{"type":"Feature","properties":{"code":"88080","nom":"Bult","departement":"88","region":"44","epci":"200005957"},"geometry":{"type":"Polygon","coordinates":[[[6.601,48.278],[6.592,48.296],[6.562,48.313],[6.589,48.318],[6.628,48.3],[6.623,48.285],[6.601,48.278]]]}},{"type":"Feature","properties":{"code":"88082","nom":"Celles-sur-Plaine","departement":"88","region":"44","epci":"200071066"},"geometry":{"type":"Polygon","coordinates":[[[6.918,48.435],[6.921,48.439],[6.965,48.472],[6.982,48.478],[7.013,48.448],[7,48.439],[6.976,48.436],[6.929,48.424],[6.918,48.435]]]}},{"type":"Feature","properties":{"code":"88083","nom":"Certilleux","departement":"88","region":"44","epci":"200068559"},"geometry":{"type":"Polygon","coordinates":[[[5.718,48.321],[5.75,48.336],[5.749,48.321],[5.755,48.305],[5.717,48.311],[5.718,48.321]]]}},{"type":"Feature","properties":{"code":"88084","nom":"Chamagne","departement":"88","region":"44","epci":"200068757"},"geometry":{"type":"Polygon","coordinates":[[[6.336,48.405],[6.354,48.404],[6.302,48.392],[6.266,48.392],[6.26,48.406],[6.27,48.426],[6.303,48.428],[6.307,48.412],[6.336,48.405]]]}},{"type":"Feature","properties":{"code":"88085","nom":"Champdray","departement":"88","region":"44","epci":"200096642"},"geometry":{"type":"Polygon","coordinates":[[[6.733,48.132],[6.733,48.139],[6.763,48.147],[6.783,48.107],[6.767,48.103],[6.733,48.132]]]}},{"type":"Feature","properties":{"code":"88086","nom":"Champ-le-Duc","departement":"88","region":"44","epci":"200042000"},"geometry":{"type":"Polygon","coordinates":[[[6.712,48.199],[6.747,48.191],[6.743,48.185],[6.729,48.183],[6.711,48.19],[6.712,48.199]]]}},{"type":"Feature","properties":{"code":"88087","nom":"Chantraine","departement":"88","region":"44","epci":"200068757"},"geometry":{"type":"Polygon","coordinates":[[[6.403,48.145],[6.403,48.16],[6.415,48.189],[6.427,48.177],[6.427,48.157],[6.403,48.145]]]}},{"type":"Feature","properties":{"code":"88088","nom":"La Chapelle-aux-Bois","departement":"88","region":"44","epci":"200068757"},"geometry":{"type":"Polygon","coordinates":[[[6.301,48.013],[6.328,48.034],[6.309,48.049],[6.277,48.049],[6.276,48.065],[6.28,48.066],[6.303,48.071],[6.342,48.058],[6.369,48.002],[6.294,47.991],[6.301,48.013]]]}},{"type":"Feature","properties":{"code":"88089","nom":"La Chapelle-devant-Bruyères","departement":"88","region":"44","epci":"200071066"},"geometry":{"type":"Polygon","coordinates":[[[6.8,48.198],[6.828,48.202],[6.833,48.184],[6.843,48.169],[6.84,48.162],[6.839,48.149],[6.828,48.151],[6.77,48.176],[6.764,48.199],[6.767,48.203],[6.772,48.207],[6.8,48.198]]]}},{"type":"Feature","properties":{"code":"88090","nom":"Charmes","departement":"88","region":"44","epci":"200068757"},"geometry":{"type":"Polygon","coordinates":[[[6.362,48.407],[6.364,48.408],[6.384,48.4],[6.344,48.379],[6.304,48.386],[6.307,48.357],[6.307,48.356],[6.296,48.351],[6.275,48.359],[6.254,48.387],[6.266,48.392],[6.302,48.392],[6.354,48.404],[6.362,48.407]]]}},{"type":"Feature","properties":{"code":"88091","nom":"Charmois-devant-Bruyères","departement":"88","region":"44","epci":"200042000"},"geometry":{"type":"Polygon","coordinates":[[[6.58,48.19],[6.6,48.19],[6.606,48.159],[6.576,48.152],[6.58,48.19]]]}},{"type":"Feature","properties":{"code":"88092","nom":"Charmois-l'Orgueilleux","departement":"88","region":"44","epci":"200068757"},"geometry":{"type":"Polygon","coordinates":[[[6.291,48.12],[6.303,48.117],[6.311,48.099],[6.298,48.081],[6.28,48.066],[6.276,48.065],[6.245,48.057],[6.221,48.072],[6.223,48.105],[6.232,48.114],[6.291,48.12]]]}},{"type":"Feature","properties":{"code":"88093","nom":"Châtas","departement":"88","region":"44","epci":"200071066"},"geometry":{"type":"Polygon","coordinates":[[[7.065,48.352],[7.061,48.348],[7.012,48.365],[7.023,48.385],[7.036,48.379],[7.065,48.352]]]}},{"type":"Feature","properties":{"code":"88094","nom":"Châtel-sur-Moselle","departement":"88","region":"44","epci":"200068757"},"geometry":{"type":"Polygon","coordinates":[[[6.36,48.326],[6.362,48.336],[6.438,48.327],[6.437,48.321],[6.422,48.308],[6.4,48.297],[6.36,48.326]]]}},{"type":"Feature","properties":{"code":"88095","nom":"Châtenois","departement":"88","region":"44","epci":"200068559"},"geometry":{"type":"Polygon","coordinates":[[[5.812,48.289],[5.8,48.293],[5.782,48.321],[5.798,48.335],[5.802,48.332],[5.827,48.324],[5.858,48.322],[5.868,48.306],[5.869,48.304],[5.857,48.293],[5.812,48.289]]]}},{"type":"Feature","properties":{"code":"88097","nom":"Chauffecourt","departement":"88","region":"44","epci":"200068369"},"geometry":{"type":"Polygon","coordinates":[[[6.151,48.34],[6.171,48.327],[6.142,48.337],[6.151,48.34]]]}},{"type":"Feature","properties":{"code":"88098","nom":"Chaumousey","departement":"88","region":"44","epci":"200068757"},"geometry":{"type":"Polygon","coordinates":[[[6.36,48.16],[6.357,48.159],[6.336,48.154],[6.304,48.173],[6.29,48.183],[6.327,48.189],[6.359,48.186],[6.36,48.16]]]}},{"type":"Feature","properties":{"code":"88099","nom":"Chavelot","departement":"88","region":"44","epci":"200068757"},"geometry":{"type":"Polygon","coordinates":[[[6.447,48.234],[6.444,48.215],[6.409,48.217],[6.414,48.236],[6.447,48.234]]]}},{"type":"Feature","properties":{"code":"88100","nom":"Chef-Haut","departement":"88","region":"44","epci":"200068369"},"geometry":{"type":"Polygon","coordinates":[[[5.998,48.345],[5.993,48.354],[6.02,48.361],[6.025,48.357],[6.026,48.353],[5.998,48.345]]]}},{"type":"Feature","properties":{"code":"88101","nom":"Cheniménil","departement":"88","region":"44","epci":"200042000"},"geometry":{"type":"Polygon","coordinates":[[[6.569,48.145],[6.576,48.152],[6.606,48.159],[6.623,48.124],[6.622,48.114],[6.586,48.126],[6.569,48.145]]]}},{"type":"Feature","properties":{"code":"88102","nom":"Chermisey","departement":"88","region":"44","epci":"200068559"},"geometry":{"type":"Polygon","coordinates":[[[5.6,48.416],[5.6,48.406],[5.545,48.392],[5.545,48.425],[5.567,48.434],[5.577,48.432],[5.6,48.416]]]}},{"type":"Feature","properties":{"code":"88103","nom":"Circourt","departement":"88","region":"44","epci":"200068369"},"geometry":{"type":"Polygon","coordinates":[[[6.296,48.261],[6.302,48.24],[6.301,48.239],[6.296,48.237],[6.265,48.245],[6.263,48.248],[6.296,48.261]]]}},{"type":"Feature","properties":{"code":"88104","nom":"Circourt-sur-Mouzon","departement":"88","region":"44","epci":"200068559"},"geometry":{"type":"Polygon","coordinates":[[[5.718,48.29],[5.709,48.277],[5.704,48.279],[5.682,48.306],[5.686,48.32],[5.694,48.33],[5.718,48.321],[5.717,48.311],[5.718,48.29]]]}},{"type":"Feature","properties":{"code":"88105","nom":"Claudon","departement":"88","region":"44","epci":"200068773"},"geometry":{"type":"Polygon","coordinates":[[[5.997,48.039],[6.062,48.051],[6.091,48.04],[6.086,48.013],[6.073,48.016],[6.003,48.019],[5.997,48.039]]]}},{"type":"Feature","properties":{"code":"88106","nom":"Ban-sur-Meurthe-Clefcy","departement":"88","region":"44","epci":"200071066"},"geometry":{"type":"Polygon","coordinates":[[[7.005,48.108],[7.003,48.07],[6.93,48.104],[6.955,48.147],[6.97,48.19],[7.003,48.172],[6.998,48.135],[7.005,48.108]]]}},{"type":"Feature","properties":{"code":"88107","nom":"Clérey-la-Côte","departement":"88","region":"44","epci":"200068559"},"geometry":{"type":"Polygon","coordinates":[[[5.746,48.476],[5.765,48.497],[5.779,48.487],[5.749,48.474],[5.746,48.476]]]}},{"type":"Feature","properties":{"code":"88109","nom":"Cleurie","departement":"88","region":"44","epci":"200096634"},"geometry":{"type":"Polygon","coordinates":[[[6.704,48.058],[6.674,48.034],[6.658,48.036],[6.655,48.066],[6.681,48.075],[6.688,48.077],[6.696,48.073],[6.704,48.058]]]}},{"type":"Feature","properties":{"code":"88110","nom":"Clézentaine","departement":"88","region":"44","epci":"200005957"},"geometry":{"type":"Polygon","coordinates":[[[6.502,48.415],[6.518,48.424],[6.534,48.432],[6.544,48.428],[6.554,48.401],[6.55,48.388],[6.541,48.382],[6.525,48.382],[6.502,48.415]]]}},{"type":"Feature","properties":{"code":"88111","nom":"Coinches","departement":"88","region":"44","epci":"200071066"},"geometry":{"type":"Polygon","coordinates":[[[7.039,48.229],[7.033,48.226],[7.008,48.256],[7.034,48.258],[7.042,48.248],[7.039,48.229]]]}},{"type":"Feature","properties":{"code":"88113","nom":"Combrimont","departement":"88","region":"44","epci":"200071066"},"geometry":{"type":"Polygon","coordinates":[[[7.099,48.272],[7.103,48.269],[7.08,48.263],[7.049,48.28],[7.049,48.285],[7.064,48.284],[7.099,48.272]]]}},{"type":"Feature","properties":{"code":"88114","nom":"Contrexéville","departement":"88","region":"44","epci":"200068682"},"geometry":{"type":"Polygon","coordinates":[[[5.917,48.199],[5.925,48.174],[5.923,48.167],[5.897,48.165],[5.854,48.19],[5.867,48.204],[5.898,48.207],[5.917,48.199]]]}},{"type":"Feature","properties":{"code":"88115","nom":"Corcieux","departement":"88","region":"44","epci":"200071066"},"geometry":{"type":"Polygon","coordinates":[[[6.865,48.181],[6.88,48.19],[6.917,48.183],[6.917,48.165],[6.896,48.14],[6.84,48.162],[6.843,48.169],[6.865,48.181]]]}},{"type":"Feature","properties":{"code":"88117","nom":"Courcelles-sous-Châtenois","departement":"88","region":"44","epci":"200068559"},"geometry":{"type":"Polygon","coordinates":[[[5.824,48.335],[5.827,48.324],[5.802,48.332],[5.824,48.335]]]}},{"type":"Feature","properties":{"code":"88118","nom":"Coussey","departement":"88","region":"44","epci":"200068559"},"geometry":{"type":"Polygon","coordinates":[[[5.686,48.436],[5.687,48.435],[5.71,48.403],[5.709,48.391],[5.707,48.393],[5.673,48.4],[5.62,48.419],[5.637,48.428],[5.686,48.436]]]}},{"type":"Feature","properties":{"code":"88119","nom":"Crainvilliers","departement":"88","region":"44","epci":"200068682"},"geometry":{"type":"Polygon","coordinates":[[[5.853,48.134],[5.815,48.132],[5.817,48.165],[5.82,48.168],[5.833,48.17],[5.861,48.146],[5.853,48.134]]]}},{"type":"Feature","properties":{"code":"88120","nom":"La Croix-aux-Mines","departement":"88","region":"44","epci":"200071066"},"geometry":{"type":"Polygon","coordinates":[[[7.105,48.201],[7.106,48.194],[7.083,48.177],[7.027,48.197],[7.034,48.221],[7.033,48.226],[7.039,48.229],[7.105,48.201]]]}},{"type":"Feature","properties":{"code":"88121","nom":"Damas-aux-Bois","departement":"88","region":"44","epci":"200068757"},"geometry":{"type":"Polygon","coordinates":[[[6.448,48.415],[6.471,48.409],[6.469,48.377],[6.42,48.377],[6.394,48.359],[6.35,48.361],[6.332,48.368],[6.373,48.38],[6.384,48.395],[6.401,48.395],[6.448,48.415]]]}},{"type":"Feature","properties":{"code":"88122","nom":"Damas-et-Bettegney","departement":"88","region":"44","epci":"200068369"},"geometry":{"type":"Polygon","coordinates":[[[6.268,48.2],[6.263,48.179],[6.249,48.181],[6.233,48.198],[6.265,48.245],[6.296,48.237],[6.268,48.2]]]}},{"type":"Feature","properties":{"code":"88123","nom":"Damblain","departement":"88","region":"44","epci":"200068773"},"geometry":{"type":"Polygon","coordinates":[[[5.649,48.105],[5.672,48.109],[5.684,48.105],[5.705,48.097],[5.696,48.078],[5.658,48.086],[5.649,48.105]]]}},{"type":"Feature","properties":{"code":"88124","nom":"Darney","departement":"88","region":"44","epci":"200068773"},"geometry":{"type":"Polygon","coordinates":[[[6.086,48.069],[6.064,48.057],[6.03,48.083],[6.025,48.098],[6.033,48.103],[6.062,48.081],[6.086,48.069]]]}},{"type":"Feature","properties":{"code":"88125","nom":"Darney-aux-Chênes","departement":"88","region":"44","epci":"200068559"},"geometry":{"type":"Polygon","coordinates":[[[5.8,48.293],[5.812,48.289],[5.827,48.275],[5.826,48.274],[5.793,48.282],[5.8,48.293]]]}},{"type":"Feature","properties":{"code":"88126","nom":"Darnieulles","departement":"88","region":"44","epci":"200068757"},"geometry":{"type":"Polygon","coordinates":[[[6.313,48.206],[6.33,48.208],[6.358,48.21],[6.361,48.187],[6.359,48.186],[6.327,48.189],[6.305,48.197],[6.313,48.206]]]}},{"type":"Feature","properties":{"code":"88127","nom":"Deinvillers","departement":"88","region":"44","epci":"200005957"},"geometry":{"type":"Polygon","coordinates":[[[6.544,48.428],[6.579,48.416],[6.585,48.408],[6.554,48.401],[6.544,48.428]]]}},{"type":"Feature","properties":{"code":"88128","nom":"Denipaire","departement":"88","region":"44","epci":"200071066"},"geometry":{"type":"Polygon","coordinates":[[[6.954,48.324],[6.941,48.332],[6.954,48.359],[6.971,48.357],[6.978,48.346],[6.971,48.321],[6.954,48.324]]]}},{"type":"Feature","properties":{"code":"88129","nom":"Derbamont","departement":"88","region":"44","epci":"200068369"},"geometry":{"type":"Polygon","coordinates":[[[6.294,48.27],[6.299,48.265],[6.296,48.261],[6.263,48.248],[6.262,48.251],[6.254,48.26],[6.249,48.272],[6.266,48.281],[6.28,48.277],[6.294,48.27]]]}},{"type":"Feature","properties":{"code":"88130","nom":"Destord","departement":"88","region":"44","epci":"200042000"},"geometry":{"type":"Polygon","coordinates":[[[6.623,48.285],[6.644,48.276],[6.639,48.274],[6.62,48.263],[6.612,48.262],[6.601,48.266],[6.601,48.278],[6.623,48.285]]]}},{"type":"Feature","properties":{"code":"88131","nom":"Deycimont","departement":"88","region":"44","epci":"200042000"},"geometry":{"type":"Polygon","coordinates":[[[6.639,48.192],[6.663,48.167],[6.645,48.157],[6.632,48.16],[6.621,48.184],[6.639,48.192]]]}},{"type":"Feature","properties":{"code":"88132","nom":"Deyvillers","departement":"88","region":"44","epci":"200068757"},"geometry":{"type":"Polygon","coordinates":[[[6.556,48.201],[6.559,48.201],[6.544,48.18],[6.514,48.187],[6.508,48.21],[6.556,48.201]]]}},{"type":"Feature","properties":{"code":"88133","nom":"Dignonville","departement":"88","region":"44","epci":"200068757"},"geometry":{"type":"Polygon","coordinates":[[[6.484,48.253],[6.5,48.255],[6.515,48.255],[6.518,48.238],[6.491,48.228],[6.48,48.241],[6.484,48.253]]]}},{"type":"Feature","properties":{"code":"88134","nom":"Dinozé","departement":"88","region":"44","epci":"200068757"},"geometry":{"type":"Polygon","coordinates":[[[6.465,48.132],[6.461,48.135],[6.51,48.142],[6.465,48.132]]]}},{"type":"Feature","properties":{"code":"88135","nom":"Docelles","departement":"88","region":"44","epci":"200042000"},"geometry":{"type":"Polygon","coordinates":[[[6.642,48.142],[6.645,48.14],[6.623,48.124],[6.606,48.159],[6.632,48.16],[6.645,48.157],[6.642,48.142]]]}},{"type":"Feature","properties":{"code":"88136","nom":"Dogneville","departement":"88","region":"44","epci":"200068757"},"geometry":{"type":"Polygon","coordinates":[[[6.473,48.199],[6.448,48.197],[6.444,48.215],[6.447,48.234],[6.48,48.241],[6.491,48.228],[6.473,48.199]]]}},{"type":"Feature","properties":{"code":"88137","nom":"Dolaincourt","departement":"88","region":"44","epci":"200068559"},"geometry":{"type":"Polygon","coordinates":[[[5.824,48.335],[5.802,48.332],[5.798,48.335],[5.826,48.337],[5.824,48.335]]]}},{"type":"Feature","properties":{"code":"88138","nom":"Dombasle-devant-Darney","departement":"88","region":"44","epci":"200068773"},"geometry":{"type":"Polygon","coordinates":[[[6.1,48.121],[6.096,48.113],[6.054,48.115],[6.049,48.128],[6.077,48.141],[6.1,48.14],[6.1,48.139],[6.1,48.121]]]}},{"type":"Feature","properties":{"code":"88139","nom":"Dombasle-en-Xaintois","departement":"88","region":"44","epci":"200068369"},"geometry":{"type":"Polygon","coordinates":[[[6.004,48.323],[6.008,48.32],[5.99,48.284],[5.983,48.314],[6.004,48.323]]]}},{"type":"Feature","properties":{"code":"88140","nom":"Dombrot-le-Sec","departement":"88","region":"44","epci":"200068773"},"geometry":{"type":"Polygon","coordinates":[[[5.89,48.123],[5.859,48.124],[5.853,48.134],[5.861,48.146],[5.897,48.165],[5.923,48.167],[5.943,48.15],[5.913,48.129],[5.9,48.128],[5.89,48.123]]]}},{"type":"Feature","properties":{"code":"88141","nom":"Dombrot-sur-Vair","departement":"88","region":"44","epci":"200068682"},"geometry":{"type":"Polygon","coordinates":[[[5.884,48.246],[5.869,48.248],[5.867,48.266],[5.893,48.287],[5.928,48.28],[5.929,48.281],[5.936,48.274],[5.9,48.263],[5.884,48.246]]]}},{"type":"Feature","properties":{"code":"88142","nom":"Domèvre-sur-Avière","departement":"88","region":"44","epci":"200068757"},"geometry":{"type":"Polygon","coordinates":[[[6.366,48.234],[6.374,48.241],[6.414,48.236],[6.409,48.217],[6.401,48.207],[6.361,48.211],[6.362,48.228],[6.366,48.234]]]}},{"type":"Feature","properties":{"code":"88143","nom":"Domèvre-sur-Durbion","departement":"88","region":"44","epci":"200068757"},"geometry":{"type":"Polygon","coordinates":[[[6.464,48.264],[6.457,48.274],[6.466,48.302],[6.466,48.31],[6.504,48.304],[6.52,48.29],[6.464,48.264]]]}},{"type":"Feature","properties":{"code":"88144","nom":"Domèvre-sous-Montfort","departement":"88","region":"44","epci":"200068682"},"geometry":{"type":"Polygon","coordinates":[[[6.08,48.273],[6.083,48.273],[6.086,48.272],[6.087,48.271],[6.084,48.261],[6.064,48.243],[6.056,48.247],[6.08,48.273]]]}},{"type":"Feature","properties":{"code":"88145","nom":"Domfaing","departement":"88","region":"44","epci":"200042000"},"geometry":{"type":"Polygon","coordinates":[[[6.765,48.251],[6.764,48.249],[6.746,48.24],[6.752,48.224],[6.74,48.233],[6.759,48.259],[6.765,48.251]]]}},{"type":"Feature","properties":{"code":"88146","nom":"Domjulien","departement":"88","region":"44","epci":"200068682"},"geometry":{"type":"Polygon","coordinates":[[[5.993,48.277],[6.033,48.26],[6.035,48.252],[6.027,48.249],[5.995,48.237],[5.968,48.245],[5.965,48.26],[5.993,48.277]]]}},{"type":"Feature","properties":{"code":"88147","nom":"Dommartin-aux-Bois","departement":"88","region":"44","epci":"200068369"},"geometry":{"type":"Polygon","coordinates":[[[6.303,48.117],[6.291,48.12],[6.265,48.154],[6.263,48.179],[6.29,48.183],[6.304,48.173],[6.322,48.123],[6.303,48.117]]]}},{"type":"Feature","properties":{"code":"88149","nom":"Dommartin-lès-Vallois","departement":"88","region":"44","epci":"200068773"},"geometry":{"type":"Polygon","coordinates":[[[6.085,48.172],[6.086,48.171],[6.1,48.14],[6.077,48.141],[6.07,48.157],[6.085,48.172]]]}},{"type":"Feature","properties":{"code":"88150","nom":"Dommartin-sur-Vraine","departement":"88","region":"44","epci":"200068559"},"geometry":{"type":"Polygon","coordinates":[[[5.912,48.331],[5.885,48.34],[5.913,48.357],[5.925,48.355],[5.937,48.339],[5.934,48.332],[5.912,48.331]]]}},{"type":"Feature","properties":{"code":"88151","nom":"Dompaire","departement":"88","region":"44","epci":"200068369"},"geometry":{"type":"Polygon","coordinates":[[[6.199,48.205],[6.186,48.212],[6.182,48.225],[6.181,48.233],[6.181,48.235],[6.181,48.235],[6.218,48.25],[6.238,48.238],[6.226,48.2],[6.214,48.2],[6.199,48.205]]]}},{"type":"Feature","properties":{"code":"88152","nom":"Dompierre","departement":"88","region":"44","epci":"200068757"},"geometry":{"type":"Polygon","coordinates":[[[6.586,48.263],[6.584,48.238],[6.568,48.232],[6.554,48.237],[6.555,48.267],[6.586,48.263]]]}},{"type":"Feature","properties":{"code":"88153","nom":"Domptail","departement":"88","region":"44","epci":"200005957"},"geometry":{"type":"Polygon","coordinates":[[[6.594,48.462],[6.597,48.467],[6.635,48.471],[6.645,48.429],[6.622,48.422],[6.595,48.422],[6.594,48.462]]]}},{"type":"Feature","properties":{"code":"88154","nom":"Domrémy-la-Pucelle","departement":"88","region":"44","epci":"200068559"},"geometry":{"type":"Polygon","coordinates":[[[5.627,48.449],[5.649,48.455],[5.684,48.444],[5.686,48.436],[5.637,48.428],[5.627,48.449]]]}},{"type":"Feature","properties":{"code":"88155","nom":"Domvallier","departement":"88","region":"44","epci":"200068369"},"geometry":{"type":"Polygon","coordinates":[[[6.086,48.317],[6.093,48.295],[6.087,48.288],[6.071,48.304],[6.066,48.317],[6.085,48.317],[6.086,48.317]]]}},{"type":"Feature","properties":{"code":"88156","nom":"Doncières","departement":"88","region":"44","epci":"200005957"},"geometry":{"type":"Polygon","coordinates":[[[6.652,48.405],[6.654,48.39],[6.649,48.373],[6.641,48.371],[6.615,48.397],[6.638,48.41],[6.652,48.405]]]}},{"type":"Feature","properties":{"code":"88157","nom":"Dounoux","departement":"88","region":"44","epci":"200068757"},"geometry":{"type":"Polygon","coordinates":[[[6.461,48.135],[6.465,48.132],[6.462,48.129],[6.452,48.102],[6.42,48.081],[6.43,48.123],[6.461,48.135]]]}},{"type":"Feature","properties":{"code":"88158","nom":"Éloyes","departement":"88","region":"44","epci":"200068377"},"geometry":{"type":"Polygon","coordinates":[[[6.628,48.108],[6.635,48.112],[6.655,48.094],[6.616,48.07],[6.594,48.097],[6.596,48.105],[6.628,48.108]]]}},{"type":"Feature","properties":{"code":"88159","nom":"Entre-deux-Eaux","departement":"88","region":"44","epci":"200071066"},"geometry":{"type":"Polygon","coordinates":[[[7.034,48.221],[6.968,48.225],[6.969,48.227],[6.986,48.256],[6.988,48.258],[7.008,48.256],[7.033,48.226],[7.034,48.221]]]}},{"type":"Feature","properties":{"code":"88160","nom":"Épinal","departement":"88","region":"44","epci":"200068757"},"geometry":{"type":"Polygon","coordinates":[[[6.559,48.201],[6.578,48.19],[6.554,48.175],[6.533,48.148],[6.511,48.142],[6.51,48.142],[6.461,48.135],[6.43,48.123],[6.394,48.129],[6.403,48.145],[6.427,48.157],[6.427,48.177],[6.448,48.197],[6.473,48.199],[6.481,48.183],[6.514,48.187],[6.544,48.18],[6.559,48.201]]]}},{"type":"Feature","properties":{"code":"88161","nom":"Escles","departement":"88","region":"44","epci":"200068773"},"geometry":{"type":"Polygon","coordinates":[[[6.232,48.114],[6.223,48.105],[6.186,48.11],[6.102,48.09],[6.108,48.108],[6.12,48.115],[6.151,48.107],[6.173,48.148],[6.185,48.141],[6.217,48.136],[6.232,48.114]]]}},{"type":"Feature","properties":{"code":"88162","nom":"Esley","departement":"88","region":"44","epci":"200068773"},"geometry":{"type":"Polygon","coordinates":[[[6.054,48.196],[6.085,48.172],[6.07,48.157],[6.051,48.153],[6.035,48.188],[6.045,48.195],[6.054,48.196]]]}},{"type":"Feature","properties":{"code":"88163","nom":"Essegney","departement":"88","region":"44","epci":"200068757"},"geometry":{"type":"Polygon","coordinates":[[[6.307,48.357],[6.304,48.386],[6.344,48.379],[6.384,48.4],[6.384,48.395],[6.373,48.38],[6.332,48.368],[6.312,48.357],[6.307,48.357]]]}},{"type":"Feature","properties":{"code":"88164","nom":"Estrennes","departement":"88","region":"44","epci":"200068682"},"geometry":{"type":"Polygon","coordinates":[[[6.035,48.252],[6.033,48.26],[6.041,48.263],[6.057,48.269],[6.08,48.273],[6.056,48.247],[6.035,48.252]]]}},{"type":"Feature","properties":{"code":"88165","nom":"Étival-Clairefontaine","departement":"88","region":"44","epci":"200071066"},"geometry":{"type":"Polygon","coordinates":[[[6.777,48.369],[6.807,48.371],[6.855,48.396],[6.895,48.354],[6.885,48.341],[6.85,48.342],[6.81,48.362],[6.785,48.343],[6.777,48.369]]]}},{"type":"Feature","properties":{"code":"88166","nom":"Évaux-et-Ménil","departement":"88","region":"44","epci":"200068369"},"geometry":{"type":"Polygon","coordinates":[[[6.299,48.308],[6.286,48.315],[6.291,48.333],[6.304,48.343],[6.316,48.316],[6.299,48.308]]]}},{"type":"Feature","properties":{"code":"88167","nom":"Faucompierre","departement":"88","region":"44","epci":"200042000"},"geometry":{"type":"Polygon","coordinates":[[[6.645,48.14],[6.642,48.142],[6.686,48.138],[6.685,48.137],[6.657,48.137],[6.645,48.14]]]}},{"type":"Feature","properties":{"code":"88168","nom":"Fauconcourt","departement":"88","region":"44","epci":"200005957"},"geometry":{"type":"Polygon","coordinates":[[[6.517,48.381],[6.525,48.382],[6.541,48.382],[6.561,48.37],[6.525,48.361],[6.522,48.363],[6.517,48.381]]]}},{"type":"Feature","properties":{"code":"88169","nom":"Fays","departement":"88","region":"44","epci":"200042000"},"geometry":{"type":"Polygon","coordinates":[[[6.651,48.204],[6.66,48.211],[6.673,48.206],[6.683,48.183],[6.651,48.204]]]}},{"type":"Feature","properties":{"code":"88172","nom":"Fiménil","departement":"88","region":"44","epci":"200042000"},"geometry":{"type":"Polygon","coordinates":[[[6.7,48.154],[6.696,48.156],[6.697,48.168],[6.695,48.185],[6.711,48.19],[6.729,48.183],[6.7,48.154]]]}},{"type":"Feature","properties":{"code":"88173","nom":"Florémont","departement":"88","region":"44","epci":"200068757"},"geometry":{"type":"Polygon","coordinates":[[[6.275,48.359],[6.27,48.353],[6.244,48.359],[6.233,48.373],[6.238,48.388],[6.254,48.387],[6.275,48.359]]]}},{"type":"Feature","properties":{"code":"88174","nom":"Fomerey","departement":"88","region":"44","epci":"200068757"},"geometry":{"type":"Polygon","coordinates":[[[6.361,48.211],[6.358,48.21],[6.33,48.208],[6.318,48.221],[6.362,48.228],[6.361,48.211]]]}},{"type":"Feature","properties":{"code":"88175","nom":"Fontenay","departement":"88","region":"44","epci":"200042000"},"geometry":{"type":"Polygon","coordinates":[[[6.608,48.192],[6.601,48.19],[6.568,48.232],[6.584,48.238],[6.601,48.233],[6.608,48.192]]]}},{"type":"Feature","properties":{"code":"88177","nom":"La Forge","departement":"88","region":"44","epci":"200096634"},"geometry":{"type":"Polygon","coordinates":[[[6.696,48.073],[6.734,48.067],[6.704,48.058],[6.696,48.073]]]}},{"type":"Feature","properties":{"code":"88178","nom":"Les Forges","departement":"88","region":"44","epci":"200068757"},"geometry":{"type":"Polygon","coordinates":[[[6.389,48.159],[6.376,48.177],[6.411,48.19],[6.415,48.189],[6.403,48.16],[6.389,48.159]]]}},{"type":"Feature","properties":{"code":"88180","nom":"Frain","departement":"88","region":"44","epci":"200068773"},"geometry":{"type":"Polygon","coordinates":[[[5.855,48.092],[5.861,48.101],[5.908,48.076],[5.889,48.065],[5.855,48.092]]]}},{"type":"Feature","properties":{"code":"88181","nom":"Fraize","departement":"88","region":"44","epci":"200071066"},"geometry":{"type":"Polygon","coordinates":[[[7.083,48.177],[7.078,48.171],[7.024,48.18],[7.003,48.172],[6.97,48.19],[6.978,48.201],[6.979,48.202],[7.027,48.197],[7.083,48.177]]]}},{"type":"Feature","properties":{"code":"88182","nom":"Frapelle","departement":"88","region":"44","epci":"200071066"},"geometry":{"type":"Polygon","coordinates":[[[7.038,48.308],[7.048,48.306],[7.074,48.295],[7.073,48.291],[7.064,48.284],[7.049,48.285],[7.032,48.302],[7.038,48.308]]]}},{"type":"Feature","properties":{"code":"88183","nom":"Frebécourt","departement":"88","region":"44","epci":"200068559"},"geometry":{"type":"Polygon","coordinates":[[[5.673,48.364],[5.645,48.373],[5.644,48.387],[5.673,48.4],[5.707,48.393],[5.673,48.364]]]}},{"type":"Feature","properties":{"code":"88184","nom":"Fremifontaine","departement":"88","region":"44","epci":"200042000"},"geometry":{"type":"Polygon","coordinates":[[[6.704,48.278],[6.722,48.269],[6.723,48.26],[6.726,48.252],[6.675,48.249],[6.68,48.273],[6.704,48.278]]]}},{"type":"Feature","properties":{"code":"88185","nom":"Frenelle-la-Grande","departement":"88","region":"44","epci":"200068369"},"geometry":{"type":"Polygon","coordinates":[[[6.071,48.36],[6.08,48.364],[6.094,48.364],[6.117,48.354],[6.117,48.354],[6.085,48.344],[6.071,48.36]]]}},{"type":"Feature","properties":{"code":"88186","nom":"Frenelle-la-Petite","departement":"88","region":"44","epci":"200068369"},"geometry":{"type":"Polygon","coordinates":[[[6.061,48.36],[6.071,48.36],[6.085,48.344],[6.081,48.34],[6.041,48.349],[6.04,48.351],[6.061,48.36]]]}},{"type":"Feature","properties":{"code":"88187","nom":"Frénois","departement":"88","region":"44","epci":"200068773"},"geometry":{"type":"Polygon","coordinates":[[[6.123,48.172],[6.113,48.177],[6.119,48.198],[6.137,48.193],[6.14,48.18],[6.123,48.172]]]}},{"type":"Feature","properties":{"code":"88189","nom":"Fréville","departement":"88","region":"44","epci":"200068559"},"geometry":{"type":"Polygon","coordinates":[[[5.644,48.329],[5.646,48.325],[5.623,48.309],[5.601,48.327],[5.617,48.34],[5.644,48.329]]]}},{"type":"Feature","properties":{"code":"88190","nom":"Frizon","departement":"88","region":"44","epci":"200068757"},"geometry":{"type":"Polygon","coordinates":[[[6.34,48.308],[6.343,48.308],[6.378,48.294],[6.372,48.265],[6.364,48.263],[6.349,48.267],[6.339,48.27],[6.326,48.291],[6.333,48.297],[6.34,48.308]]]}},{"type":"Feature","properties":{"code":"88192","nom":"Gelvécourt-et-Adompt","departement":"88","region":"44","epci":"200068369"},"geometry":{"type":"Polygon","coordinates":[[[6.199,48.205],[6.174,48.189],[6.162,48.195],[6.186,48.212],[6.199,48.205]]]}},{"type":"Feature","properties":{"code":"88193","nom":"Gemaingoutte","departement":"88","region":"44","epci":"200071066"},"geometry":{"type":"Polygon","coordinates":[[[7.126,48.225],[7.12,48.243],[7.076,48.253],[7.114,48.254],[7.133,48.243],[7.126,48.225]]]}},{"type":"Feature","properties":{"code":"88194","nom":"Gemmelaincourt","departement":"88","region":"44","epci":"200068682"},"geometry":{"type":"Polygon","coordinates":[[[5.965,48.26],[5.942,48.266],[5.937,48.273],[5.977,48.292],[5.984,48.281],[6,48.283],[5.999,48.282],[5.993,48.277],[5.965,48.26]]]}},{"type":"Feature","properties":{"code":"88195","nom":"Gendreville","departement":"88","region":"44","epci":"200068682"},"geometry":{"type":"Polygon","coordinates":[[[5.711,48.22],[5.688,48.234],[5.688,48.236],[5.714,48.249],[5.743,48.24],[5.744,48.232],[5.711,48.22]]]}},{"type":"Feature","properties":{"code":"88196","nom":"Gérardmer","departement":"88","region":"44","epci":"200096642"},"geometry":{"type":"Polygon","coordinates":[[[6.867,48.107],[6.871,48.107],[6.897,48.102],[6.9,48.096],[6.93,48.057],[6.909,48.034],[6.884,48.024],[6.84,48.04],[6.784,48.058],[6.777,48.084],[6.842,48.082],[6.842,48.091],[6.867,48.107]]]}},{"type":"Feature","properties":{"code":"88198","nom":"Gerbépal","departement":"88","region":"44","epci":"200071066"},"geometry":{"type":"Polygon","coordinates":[[[6.896,48.14],[6.917,48.165],[6.955,48.147],[6.93,48.104],[6.9,48.096],[6.897,48.102],[6.896,48.14]]]}},{"type":"Feature","properties":{"code":"88199","nom":"Gignéville","departement":"88","region":"44","epci":"200068773"},"geometry":{"type":"Polygon","coordinates":[[[5.9,48.128],[5.913,48.129],[5.938,48.096],[5.912,48.102],[5.9,48.128]]]}},{"type":"Feature","properties":{"code":"88200","nom":"Gigney","departement":"88","region":"44","epci":"200068757"},"geometry":{"type":"Polygon","coordinates":[[[6.318,48.221],[6.305,48.24],[6.366,48.234],[6.362,48.228],[6.318,48.221]]]}},{"type":"Feature","properties":{"code":"88201","nom":"Girancourt","departement":"88","region":"44","epci":"200068757"},"geometry":{"type":"Polygon","coordinates":[[[6.357,48.159],[6.357,48.138],[6.322,48.123],[6.304,48.173],[6.336,48.154],[6.357,48.159]]]}},{"type":"Feature","properties":{"code":"88202","nom":"Gircourt-lès-Viéville","departement":"88","region":"44","epci":"200068369"},"geometry":{"type":"Polygon","coordinates":[[[6.184,48.322],[6.175,48.326],[6.175,48.351],[6.188,48.361],[6.196,48.359],[6.219,48.336],[6.209,48.329],[6.184,48.322]]]}},{"type":"Feature","properties":{"code":"88203","nom":"Girecourt-sur-Durbion","departement":"88","region":"44","epci":"200042000"},"geometry":{"type":"Polygon","coordinates":[[[6.584,48.238],[6.586,48.263],[6.601,48.266],[6.612,48.262],[6.615,48.232],[6.601,48.233],[6.584,48.238]]]}},{"type":"Feature","properties":{"code":"88206","nom":"Gironcourt-sur-Vraine","departement":"88","region":"44","epci":"200068559"},"geometry":{"type":"Polygon","coordinates":[[[5.929,48.281],[5.928,48.28],[5.908,48.311],[5.941,48.318],[5.955,48.311],[5.955,48.304],[5.929,48.281]]]}},{"type":"Feature","properties":{"code":"88209","nom":"Golbey","departement":"88","region":"44","epci":"200068757"},"geometry":{"type":"Polygon","coordinates":[[[6.444,48.215],[6.448,48.197],[6.427,48.177],[6.415,48.189],[6.411,48.19],[6.401,48.207],[6.409,48.217],[6.444,48.215]]]}},{"type":"Feature","properties":{"code":"88210","nom":"Gorhey","departement":"88","region":"44","epci":"200068369"},"geometry":{"type":"Polygon","coordinates":[[[6.327,48.189],[6.29,48.183],[6.263,48.179],[6.268,48.2],[6.305,48.197],[6.327,48.189]]]}},{"type":"Feature","properties":{"code":"88212","nom":"Grand","departement":"88","region":"44","epci":"200068559"},"geometry":{"type":"Polygon","coordinates":[[[5.394,48.392],[5.41,48.393],[5.47,48.421],[5.514,48.411],[5.53,48.399],[5.551,48.373],[5.552,48.368],[5.46,48.376],[5.443,48.379],[5.394,48.392]]]}},{"type":"Feature","properties":{"code":"88213","nom":"La Grande-Fosse","departement":"88","region":"44","epci":"200071066"},"geometry":{"type":"Polygon","coordinates":[[[7.061,48.348],[7.065,48.352],[7.076,48.353],[7.106,48.344],[7.068,48.332],[7.053,48.334],[7.061,48.348]]]}},{"type":"Feature","properties":{"code":"88214","nom":"Grandrupt-de-Bains","departement":"88","region":"44","epci":"200068773"},"geometry":{"type":"Polygon","coordinates":[[[6.156,48.063],[6.163,48.067],[6.189,48.057],[6.156,48.063]]]}},{"type":"Feature","properties":{"code":"88215","nom":"Grandrupt","departement":"88","region":"44","epci":"200071066"},"geometry":{"type":"Polygon","coordinates":[[[7.086,48.36],[7.076,48.353],[7.065,48.352],[7.036,48.379],[7.041,48.381],[7.063,48.381],[7.086,48.36]]]}},{"type":"Feature","properties":{"code":"88216","nom":"Grandvillers","departement":"88","region":"44","epci":"200042000"},"geometry":{"type":"Polygon","coordinates":[[[6.675,48.249],[6.726,48.252],[6.708,48.241],[6.689,48.22],[6.66,48.211],[6.635,48.24],[6.638,48.256],[6.675,48.249]]]}},{"type":"Feature","properties":{"code":"88218","nom":"Granges-Aumontzey","departement":"88","region":"44","epci":"200096642"},"geometry":{"type":"Polygon","coordinates":[[[6.763,48.147],[6.763,48.176],[6.77,48.176],[6.828,48.151],[6.823,48.14],[6.867,48.107],[6.842,48.091],[6.816,48.114],[6.783,48.107],[6.763,48.147]]]}},{"type":"Feature","properties":{"code":"88219","nom":"Greux","departement":"88","region":"44","epci":"200068559"},"geometry":{"type":"Polygon","coordinates":[[[5.642,48.472],[5.644,48.472],[5.69,48.468],[5.695,48.463],[5.684,48.444],[5.649,48.455],[5.642,48.472]]]}},{"type":"Feature","properties":{"code":"88221","nom":"Gruey-lès-Surance","departement":"88","region":"44","epci":"200068757"},"geometry":{"type":"Polygon","coordinates":[[[6.156,48.007],[6.131,48.024],[6.135,48.05],[6.156,48.063],[6.189,48.057],[6.21,48.044],[6.21,48.025],[6.177,48.007],[6.156,48.007]]]}},{"type":"Feature","properties":{"code":"88222","nom":"Gugnécourt","departement":"88","region":"44","epci":"200042000"},"geometry":{"type":"Polygon","coordinates":[[[6.635,48.24],[6.615,48.232],[6.615,48.232],[6.612,48.262],[6.62,48.263],[6.634,48.258],[6.638,48.256],[6.635,48.24]]]}},{"type":"Feature","properties":{"code":"88223","nom":"Gugney-aux-Aulx","departement":"88","region":"44","epci":"200068369"},"geometry":{"type":"Polygon","coordinates":[[[6.258,48.307],[6.27,48.317],[6.286,48.315],[6.299,48.308],[6.285,48.298],[6.28,48.277],[6.266,48.281],[6.249,48.293],[6.258,48.307]]]}},{"type":"Feature","properties":{"code":"88224","nom":"Hadigny-les-Verrières","departement":"88","region":"44","epci":"200068757"},"geometry":{"type":"Polygon","coordinates":[[[6.472,48.339],[6.487,48.338],[6.512,48.328],[6.504,48.304],[6.466,48.31],[6.437,48.321],[6.438,48.327],[6.472,48.339]]]}},{"type":"Feature","properties":{"code":"88225","nom":"Hadol","departement":"88","region":"44","epci":"200068757"},"geometry":{"type":"Polygon","coordinates":[[[6.369,48.071],[6.378,48.092],[6.42,48.081],[6.452,48.102],[6.462,48.129],[6.496,48.116],[6.527,48.086],[6.458,48.043],[6.369,48.071]]]}},{"type":"Feature","properties":{"code":"88226","nom":"Hagécourt","departement":"88","region":"44","epci":"200068369"},"geometry":{"type":"Polygon","coordinates":[[[6.13,48.225],[6.151,48.248],[6.181,48.233],[6.182,48.225],[6.149,48.214],[6.131,48.224],[6.13,48.225]]]}},{"type":"Feature","properties":{"code":"88227","nom":"Hagnéville-et-Roncourt","departement":"88","region":"44","epci":"200068682"},"geometry":{"type":"Polygon","coordinates":[[[5.797,48.261],[5.825,48.258],[5.822,48.244],[5.814,48.239],[5.775,48.238],[5.745,48.24],[5.774,48.247],[5.797,48.261]]]}},{"type":"Feature","properties":{"code":"88228","nom":"Haillainville","departement":"88","region":"44","epci":"200068757"},"geometry":{"type":"Polygon","coordinates":[[[6.471,48.409],[6.487,48.416],[6.502,48.415],[6.525,48.382],[6.517,48.381],[6.501,48.376],[6.469,48.377],[6.471,48.409]]]}},{"type":"Feature","properties":{"code":"88229","nom":"Harchéchamp","departement":"88","region":"44","epci":"200068559"},"geometry":{"type":"Polygon","coordinates":[[[5.794,48.387],[5.769,48.389],[5.828,48.432],[5.833,48.425],[5.794,48.387]]]}},{"type":"Feature","properties":{"code":"88230","nom":"Hardancourt","departement":"88","region":"44","epci":"200005957"},"geometry":{"type":"Polygon","coordinates":[[[6.561,48.37],[6.541,48.382],[6.55,48.388],[6.578,48.376],[6.561,48.369],[6.561,48.37]]]}},{"type":"Feature","properties":{"code":"88231","nom":"Haréville","departement":"88","region":"44","epci":"200068682"},"geometry":{"type":"Polygon","coordinates":[[[5.995,48.214],[6.001,48.215],[6.043,48.21],[6.038,48.2],[6.025,48.19],[5.995,48.197],[5.995,48.214]]]}},{"type":"Feature","properties":{"code":"88232","nom":"Harmonville","departement":"88","region":"44","epci":"200068559"},"geometry":{"type":"Polygon","coordinates":[[[5.885,48.438],[5.884,48.436],[5.835,48.459],[5.844,48.466],[5.862,48.485],[5.899,48.485],[5.904,48.483],[5.885,48.438]]]}},{"type":"Feature","properties":{"code":"88233","nom":"Harol","departement":"88","region":"44","epci":"200068369"},"geometry":{"type":"Polygon","coordinates":[[[6.249,48.181],[6.263,48.179],[6.265,48.154],[6.291,48.12],[6.232,48.114],[6.217,48.136],[6.213,48.161],[6.249,48.181]]]}},{"type":"Feature","properties":{"code":"88236","nom":"La Haye","departement":"88","region":"44","epci":"200068757"},"geometry":{"type":"Polygon","coordinates":[[[6.163,48.067],[6.166,48.068],[6.191,48.077],[6.222,48.071],[6.21,48.044],[6.189,48.057],[6.163,48.067]]]}},{"type":"Feature","properties":{"code":"88237","nom":"Hennecourt","departement":"88","region":"44","epci":"200068369"},"geometry":{"type":"Polygon","coordinates":[[[6.313,48.206],[6.305,48.197],[6.268,48.2],[6.296,48.237],[6.301,48.239],[6.293,48.219],[6.313,48.206]]]}},{"type":"Feature","properties":{"code":"88238","nom":"Hennezel","departement":"88","region":"44","epci":"200068773"},"geometry":{"type":"Polygon","coordinates":[[[6.131,48.024],[6.109,48.013],[6.086,48.013],[6.091,48.04],[6.062,48.051],[6.064,48.057],[6.086,48.069],[6.107,48.085],[6.16,48.081],[6.166,48.068],[6.163,48.067],[6.156,48.063],[6.135,48.05],[6.131,48.024]]]}},{"type":"Feature","properties":{"code":"88239","nom":"Hergugney","departement":"88","region":"44","epci":"200068757"},"geometry":{"type":"Polygon","coordinates":[[[6.2,48.398],[6.202,48.399],[6.232,48.4],[6.233,48.397],[6.235,48.393],[6.201,48.378],[6.187,48.38],[6.2,48.398]]]}},{"type":"Feature","properties":{"code":"88240","nom":"Herpelmont","departement":"88","region":"44","epci":"200042000"},"geometry":{"type":"Polygon","coordinates":[[[6.728,48.147],[6.707,48.152],[6.743,48.185],[6.755,48.174],[6.728,48.147]]]}},{"type":"Feature","properties":{"code":"88241","nom":"Houécourt","departement":"88","region":"44","epci":"200068682"},"geometry":{"type":"Polygon","coordinates":[[[5.885,48.311],[5.908,48.311],[5.928,48.28],[5.893,48.287],[5.869,48.304],[5.868,48.306],[5.885,48.311]]]}},{"type":"Feature","properties":{"code":"88242","nom":"Houéville","departement":"88","region":"44","epci":"200068559"},"geometry":{"type":"Polygon","coordinates":[[[5.825,48.368],[5.79,48.371],[5.802,48.38],[5.825,48.368]]]}},{"type":"Feature","properties":{"code":"88243","nom":"Housseras","departement":"88","region":"44","epci":"200005957"},"geometry":{"type":"Polygon","coordinates":[[[6.779,48.296],[6.734,48.288],[6.702,48.299],[6.688,48.323],[6.716,48.326],[6.783,48.317],[6.779,48.296]]]}},{"type":"Feature","properties":{"code":"88244","nom":"La Houssière","departement":"88","region":"44","epci":"200071066"},"geometry":{"type":"Polygon","coordinates":[[[6.828,48.202],[6.837,48.224],[6.843,48.246],[6.866,48.226],[6.87,48.205],[6.898,48.205],[6.917,48.183],[6.88,48.19],[6.865,48.181],[6.833,48.184],[6.828,48.202]]]}},{"type":"Feature","properties":{"code":"88245","nom":"Hurbache","departement":"88","region":"44","epci":"200071066"},"geometry":{"type":"Polygon","coordinates":[[[6.917,48.333],[6.905,48.361],[6.954,48.359],[6.941,48.332],[6.954,48.324],[6.917,48.333]]]}},{"type":"Feature","properties":{"code":"88246","nom":"Hymont","departement":"88","region":"44","epci":"200068369"},"geometry":{"type":"Polygon","coordinates":[[[6.156,48.27],[6.157,48.259],[6.127,48.254],[6.115,48.266],[6.156,48.27]]]}},{"type":"Feature","properties":{"code":"88247","nom":"Igney","departement":"88","region":"44","epci":"200068757"},"geometry":{"type":"Polygon","coordinates":[[[6.378,48.294],[6.399,48.294],[6.415,48.274],[6.372,48.265],[6.378,48.294]]]}},{"type":"Feature","properties":{"code":"88249","nom":"Jainvillotte","departement":"88","region":"44","epci":"200068559"},"geometry":{"type":"Polygon","coordinates":[[[5.714,48.249],[5.688,48.236],[5.686,48.256],[5.704,48.279],[5.709,48.277],[5.72,48.265],[5.722,48.26],[5.714,48.249]]]}},{"type":"Feature","properties":{"code":"88250","nom":"Jarménil","departement":"88","region":"44","epci":"200068757"},"geometry":{"type":"Polygon","coordinates":[[[6.622,48.114],[6.628,48.108],[6.596,48.105],[6.558,48.118],[6.586,48.126],[6.622,48.114]]]}},{"type":"Feature","properties":{"code":"88251","nom":"Jeanménil","departement":"88","region":"44","epci":"200005957"},"geometry":{"type":"Polygon","coordinates":[[[6.779,48.333],[6.781,48.33],[6.788,48.319],[6.783,48.317],[6.716,48.326],[6.688,48.323],[6.673,48.314],[6.66,48.33],[6.663,48.343],[6.71,48.34],[6.779,48.333]]]}},{"type":"Feature","properties":{"code":"88252","nom":"Jésonville","departement":"88","region":"44","epci":"200068773"},"geometry":{"type":"Polygon","coordinates":[[[6.1,48.139],[6.107,48.144],[6.127,48.141],[6.12,48.115],[6.108,48.108],[6.1,48.121],[6.1,48.139]]]}},{"type":"Feature","properties":{"code":"88253","nom":"Jeuxey","departement":"88","region":"44","epci":"200068757"},"geometry":{"type":"Polygon","coordinates":[[[6.508,48.21],[6.514,48.187],[6.481,48.183],[6.473,48.199],[6.491,48.228],[6.508,48.21]]]}},{"type":"Feature","properties":{"code":"88254","nom":"Jorxey","departement":"88","region":"44","epci":"200068369"},"geometry":{"type":"Polygon","coordinates":[[[6.216,48.295],[6.215,48.298],[6.228,48.316],[6.236,48.318],[6.258,48.307],[6.249,48.293],[6.216,48.295]]]}},{"type":"Feature","properties":{"code":"88255","nom":"Jubainville","departement":"88","region":"44","epci":"200068559"},"geometry":{"type":"Polygon","coordinates":[[[5.74,48.466],[5.742,48.474],[5.746,48.476],[5.749,48.474],[5.757,48.445],[5.747,48.439],[5.74,48.466]]]}},{"type":"Feature","properties":{"code":"88256","nom":"Jussarupt","departement":"88","region":"44","epci":"200042000"},"geometry":{"type":"Polygon","coordinates":[[[6.733,48.139],[6.728,48.147],[6.755,48.174],[6.763,48.176],[6.763,48.147],[6.733,48.139]]]}},{"type":"Feature","properties":{"code":"88257","nom":"Juvaincourt","departement":"88","region":"44","epci":"200068369"},"geometry":{"type":"Polygon","coordinates":[[[6.066,48.317],[6.045,48.322],[6.041,48.349],[6.081,48.34],[6.085,48.317],[6.066,48.317]]]}},{"type":"Feature","properties":{"code":"88258","nom":"Lamarche","departement":"88","region":"44","epci":"200068773"},"geometry":{"type":"Polygon","coordinates":[[[5.825,48.082],[5.824,48.076],[5.815,48.045],[5.797,48.042],[5.777,48.034],[5.721,48.052],[5.721,48.053],[5.729,48.07],[5.756,48.093],[5.789,48.09],[5.825,48.082]]]}},{"type":"Feature","properties":{"code":"88259","nom":"Landaville","departement":"88","region":"44","epci":"200068559"},"geometry":{"type":"Polygon","coordinates":[[[5.709,48.277],[5.718,48.29],[5.755,48.303],[5.782,48.278],[5.778,48.276],[5.761,48.266],[5.737,48.271],[5.72,48.265],[5.709,48.277]]]}},{"type":"Feature","properties":{"code":"88260","nom":"Langley","departement":"88","region":"44","epci":"200068757"},"geometry":{"type":"Polygon","coordinates":[[[6.35,48.361],[6.327,48.352],[6.312,48.357],[6.332,48.368],[6.35,48.361]]]}},{"type":"Feature","properties":{"code":"88261","nom":"Laval-sur-Vologne","departement":"88","region":"44","epci":"200042000"},"geometry":{"type":"Polygon","coordinates":[[[6.683,48.182],[6.683,48.183],[6.673,48.206],[6.712,48.199],[6.711,48.19],[6.695,48.185],[6.683,48.182]]]}},{"type":"Feature","properties":{"code":"88262","nom":"Laveline-devant-Bruyères","departement":"88","region":"44","epci":"200042000"},"geometry":{"type":"Polygon","coordinates":[[[6.763,48.176],[6.755,48.174],[6.743,48.185],[6.747,48.191],[6.764,48.199],[6.77,48.176],[6.763,48.176]]]}},{"type":"Feature","properties":{"code":"88263","nom":"Laveline-du-Houx","departement":"88","region":"44","epci":"200042000"},"geometry":{"type":"Polygon","coordinates":[[[6.728,48.147],[6.733,48.139],[6.733,48.132],[6.717,48.125],[6.685,48.137],[6.686,48.138],[6.692,48.156],[6.696,48.156],[6.7,48.154],[6.707,48.152],[6.728,48.147]]]}},{"type":"Feature","properties":{"code":"88264","nom":"Légéville-et-Bonfays","departement":"88","region":"44","epci":"200068369"},"geometry":{"type":"Polygon","coordinates":[[[6.176,48.186],[6.157,48.17],[6.14,48.18],[6.137,48.193],[6.146,48.202],[6.162,48.195],[6.174,48.189],[6.176,48.186]]]}},{"type":"Feature","properties":{"code":"88265","nom":"Lemmecourt","departement":"88","region":"44","epci":"200068559"},"geometry":{"type":"Polygon","coordinates":[[[5.737,48.271],[5.722,48.26],[5.72,48.265],[5.737,48.271]]]}},{"type":"Feature","properties":{"code":"88266","nom":"Lépanges-sur-Vologne","departement":"88","region":"44","epci":"200042000"},"geometry":{"type":"Polygon","coordinates":[[[6.639,48.192],[6.637,48.195],[6.651,48.204],[6.683,48.183],[6.683,48.182],[6.697,48.168],[6.696,48.156],[6.692,48.156],[6.663,48.167],[6.639,48.192]]]}},{"type":"Feature","properties":{"code":"88267","nom":"Lerrain","departement":"88","region":"44","epci":"200068773"},"geometry":{"type":"Polygon","coordinates":[[[6.127,48.141],[6.138,48.157],[6.158,48.156],[6.173,48.148],[6.151,48.107],[6.12,48.115],[6.127,48.141]]]}},{"type":"Feature","properties":{"code":"88268","nom":"Lesseux","departement":"88","region":"44","epci":"200071066"},"geometry":{"type":"Polygon","coordinates":[[[7.099,48.272],[7.064,48.284],[7.073,48.291],[7.099,48.272]]]}},{"type":"Feature","properties":{"code":"88269","nom":"Liézey","departement":"88","region":"44","epci":"200096642"},"geometry":{"type":"Polygon","coordinates":[[[6.768,48.097],[6.767,48.103],[6.783,48.107],[6.816,48.114],[6.842,48.091],[6.842,48.082],[6.777,48.084],[6.768,48.097]]]}},{"type":"Feature","properties":{"code":"88270","nom":"Liffol-le-Grand","departement":"88","region":"44","epci":"200068559"},"geometry":{"type":"Polygon","coordinates":[[[5.534,48.325],[5.527,48.347],[5.549,48.358],[5.556,48.349],[5.603,48.346],[5.616,48.341],[5.617,48.34],[5.601,48.327],[5.623,48.309],[5.612,48.292],[5.588,48.274],[5.534,48.325]]]}},{"type":"Feature","properties":{"code":"88271","nom":"Lignéville","departement":"88","region":"44","epci":"200068773"},"geometry":{"type":"Polygon","coordinates":[[[5.963,48.144],[5.949,48.145],[5.943,48.15],[5.923,48.167],[5.925,48.174],[5.979,48.179],[5.981,48.169],[5.963,48.144]]]}},{"type":"Feature","properties":{"code":"88273","nom":"Longchamp","departement":"88","region":"44","epci":"200068757"},"geometry":{"type":"Polygon","coordinates":[[[6.518,48.238],[6.525,48.235],[6.549,48.217],[6.556,48.201],[6.508,48.21],[6.491,48.228],[6.518,48.238]]]}},{"type":"Feature","properties":{"code":"88274","nom":"Longchamp-sous-Châtenois","departement":"88","region":"44","epci":"200068559"},"geometry":{"type":"Polygon","coordinates":[[[5.854,48.28],[5.827,48.275],[5.812,48.289],[5.857,48.293],[5.854,48.28]]]}},{"type":"Feature","properties":{"code":"88275","nom":"Lubine","departement":"88","region":"44","epci":"200071066"},"geometry":{"type":"Polygon","coordinates":[[[7.198,48.31],[7.194,48.302],[7.172,48.297],[7.143,48.302],[7.141,48.332],[7.148,48.333],[7.17,48.342],[7.198,48.31]]]}},{"type":"Feature","properties":{"code":"88276","nom":"Lusse","departement":"88","region":"44","epci":"200071066"},"geometry":{"type":"Polygon","coordinates":[[[7.103,48.269],[7.099,48.272],[7.073,48.291],[7.074,48.295],[7.082,48.299],[7.12,48.307],[7.143,48.302],[7.172,48.297],[7.159,48.268],[7.103,48.269]]]}},{"type":"Feature","properties":{"code":"88277","nom":"Luvigny","departement":"88","region":"44","epci":"200071066"},"geometry":{"type":"Polygon","coordinates":[[[7.054,48.498],[7.077,48.507],[7.094,48.506],[7.094,48.489],[7.054,48.498]]]}},{"type":"Feature","properties":{"code":"88278","nom":"Maconcourt","departement":"88","region":"44","epci":"200068559"},"geometry":{"type":"Polygon","coordinates":[[[5.945,48.376],[5.957,48.367],[5.956,48.357],[5.925,48.355],[5.913,48.357],[5.912,48.36],[5.945,48.376]]]}},{"type":"Feature","properties":{"code":"88279","nom":"Madecourt","departement":"88","region":"44","epci":"200068369"},"geometry":{"type":"Polygon","coordinates":[[[6.119,48.23],[6.096,48.229],[6.103,48.245],[6.125,48.251],[6.119,48.23]]]}},{"type":"Feature","properties":{"code":"88280","nom":"Madegney","departement":"88","region":"44","epci":"200068369"},"geometry":{"type":"Polygon","coordinates":[[[6.294,48.27],[6.28,48.277],[6.285,48.298],[6.3,48.295],[6.294,48.27]]]}},{"type":"Feature","properties":{"code":"88281","nom":"Madonne-et-Lamerey","departement":"88","region":"44","epci":"200068369"},"geometry":{"type":"Polygon","coordinates":[[[6.238,48.238],[6.262,48.251],[6.263,48.248],[6.265,48.245],[6.233,48.198],[6.226,48.2],[6.238,48.238]]]}},{"type":"Feature","properties":{"code":"88283","nom":"Malaincourt","departement":"88","region":"44","epci":"200068682"},"geometry":{"type":"Polygon","coordinates":[[[5.743,48.24],[5.745,48.24],[5.775,48.238],[5.791,48.226],[5.781,48.213],[5.756,48.213],[5.744,48.232],[5.743,48.24]]]}},{"type":"Feature","properties":{"code":"88284","nom":"Mandray","departement":"88","region":"44","epci":"200071066"},"geometry":{"type":"Polygon","coordinates":[[[6.968,48.225],[7.034,48.221],[7.027,48.197],[6.979,48.202],[6.968,48.225]]]}},{"type":"Feature","properties":{"code":"88285","nom":"Mandres-sur-Vair","departement":"88","region":"44","epci":"200068682"},"geometry":{"type":"Polygon","coordinates":[[[5.886,48.242],[5.894,48.243],[5.912,48.23],[5.898,48.207],[5.867,48.204],[5.862,48.222],[5.886,48.242]]]}},{"type":"Feature","properties":{"code":"88286","nom":"Marainville-sur-Madon","departement":"88","region":"44","epci":"200068369"},"geometry":{"type":"Polygon","coordinates":[[[6.147,48.408],[6.149,48.408],[6.181,48.411],[6.178,48.398],[6.168,48.386],[6.162,48.382],[6.152,48.382],[6.147,48.408]]]}},{"type":"Feature","properties":{"code":"88287","nom":"Marey","departement":"88","region":"44","epci":"200068773"},"geometry":{"type":"Polygon","coordinates":[[[5.89,48.123],[5.9,48.128],[5.912,48.102],[5.938,48.096],[5.939,48.092],[5.934,48.082],[5.895,48.097],[5.89,48.123]]]}},{"type":"Feature","properties":{"code":"88288","nom":"Maroncourt","departement":"88","region":"44","epci":"200068369"},"geometry":{"type":"Polygon","coordinates":[[[6.151,48.248],[6.158,48.256],[6.181,48.235],[6.181,48.233],[6.151,48.248]]]}},{"type":"Feature","properties":{"code":"88289","nom":"Martigny-les-Bains","departement":"88","region":"44","epci":"200068773"},"geometry":{"type":"Polygon","coordinates":[[[5.861,48.101],[5.855,48.092],[5.825,48.082],[5.789,48.09],[5.772,48.124],[5.77,48.131],[5.815,48.132],[5.853,48.134],[5.859,48.124],[5.861,48.101]]]}},{"type":"Feature","properties":{"code":"88290","nom":"Martigny-les-Gerbonvaux","departement":"88","region":"44","epci":"200068559"},"geometry":{"type":"Polygon","coordinates":[[[5.77,48.448],[5.79,48.464],[5.811,48.458],[5.815,48.441],[5.778,48.436],[5.77,48.448]]]}},{"type":"Feature","properties":{"code":"88292","nom":"Mattaincourt","departement":"88","region":"44","epci":"200068369"},"geometry":{"type":"Polygon","coordinates":[[[6.087,48.271],[6.086,48.272],[6.151,48.29],[6.155,48.273],[6.156,48.27],[6.115,48.266],[6.087,48.271]]]}},{"type":"Feature","properties":{"code":"88293","nom":"Maxey-sur-Meuse","departement":"88","region":"44","epci":"200068559"},"geometry":{"type":"Polygon","coordinates":[[[5.687,48.435],[5.686,48.436],[5.684,48.444],[5.695,48.463],[5.74,48.466],[5.747,48.439],[5.724,48.433],[5.687,48.435]]]}},{"type":"Feature","properties":{"code":"88294","nom":"Mazeley","departement":"88","region":"44","epci":"200068757"},"geometry":{"type":"Polygon","coordinates":[[[6.305,48.24],[6.305,48.241],[6.349,48.267],[6.364,48.263],[6.374,48.241],[6.366,48.234],[6.305,48.24]]]}},{"type":"Feature","properties":{"code":"88295","nom":"Mazirot","departement":"88","region":"44","epci":"200068369"},"geometry":{"type":"Polygon","coordinates":[[[6.171,48.327],[6.175,48.326],[6.184,48.322],[6.186,48.315],[6.153,48.307],[6.139,48.315],[6.14,48.336],[6.142,48.337],[6.171,48.327]]]}},{"type":"Feature","properties":{"code":"88296","nom":"Médonville","departement":"88","region":"44","epci":"200068682"},"geometry":{"type":"Polygon","coordinates":[[[5.74,48.2],[5.73,48.198],[5.724,48.203],[5.711,48.22],[5.744,48.232],[5.756,48.213],[5.74,48.2]]]}},{"type":"Feature","properties":{"code":"88297","nom":"Méménil","departement":"88","region":"44","epci":"200042000"},"geometry":{"type":"Polygon","coordinates":[[[6.637,48.195],[6.639,48.192],[6.621,48.184],[6.608,48.192],[6.601,48.233],[6.615,48.232],[6.615,48.232],[6.637,48.195]]]}},{"type":"Feature","properties":{"code":"88298","nom":"Ménarmont","departement":"88","region":"44","epci":"200005957"},"geometry":{"type":"Polygon","coordinates":[[[6.638,48.41],[6.622,48.422],[6.645,48.429],[6.669,48.426],[6.662,48.409],[6.652,48.405],[6.638,48.41]]]}},{"type":"Feature","properties":{"code":"88299","nom":"Ménil-en-Xaintois","departement":"88","region":"44","epci":"200068559"},"geometry":{"type":"Polygon","coordinates":[[[5.99,48.284],[5.984,48.281],[5.977,48.292],[5.955,48.304],[5.955,48.311],[5.973,48.317],[5.983,48.314],[5.99,48.284]]]}},{"type":"Feature","properties":{"code":"88300","nom":"Ménil-de-Senones","departement":"88","region":"44","epci":"200071066"},"geometry":{"type":"Polygon","coordinates":[[[6.975,48.364],[6.969,48.368],[6.987,48.386],[7.022,48.385],[7.023,48.385],[7.012,48.365],[6.975,48.364]]]}},{"type":"Feature","properties":{"code":"88301","nom":"Ménil-sur-Belvitte","departement":"88","region":"44","epci":"200005957"},"geometry":{"type":"Polygon","coordinates":[[[6.695,48.406],[6.714,48.37],[6.712,48.37],[6.696,48.365],[6.677,48.386],[6.695,48.406]]]}},{"type":"Feature","properties":{"code":"88303","nom":"Midrevaux","departement":"88","region":"44","epci":"200068559"},"geometry":{"type":"Polygon","coordinates":[[[5.633,48.374],[5.625,48.367],[5.579,48.387],[5.551,48.373],[5.53,48.399],[5.545,48.392],[5.6,48.406],[5.633,48.374]]]}},{"type":"Feature","properties":{"code":"88304","nom":"Mirecourt","departement":"88","region":"44","epci":"200068369"},"geometry":{"type":"Polygon","coordinates":[[[6.086,48.272],[6.083,48.273],[6.08,48.279],[6.087,48.288],[6.093,48.295],[6.103,48.299],[6.139,48.315],[6.153,48.307],[6.157,48.298],[6.151,48.29],[6.086,48.272]]]}},{"type":"Feature","properties":{"code":"88305","nom":"Moncel-sur-Vair","departement":"88","region":"44","epci":"200068559"},"geometry":{"type":"Polygon","coordinates":[[[5.71,48.403],[5.687,48.435],[5.724,48.433],[5.71,48.403]]]}},{"type":"Feature","properties":{"code":"88306","nom":"Le Mont","departement":"88","region":"44","epci":"200071066"},"geometry":{"type":"Polygon","coordinates":[[[7.04,48.402],[7.018,48.399],[7.017,48.401],[7.013,48.416],[7.031,48.423],[7.04,48.402]]]}},{"type":"Feature","properties":{"code":"88308","nom":"Mont-lès-Neufchâteau","departement":"88","region":"44","epci":"200068559"},"geometry":{"type":"Polygon","coordinates":[[[5.633,48.374],[5.645,48.373],[5.673,48.364],[5.644,48.329],[5.617,48.34],[5.616,48.341],[5.625,48.367],[5.633,48.374]]]}},{"type":"Feature","properties":{"code":"88309","nom":"Monthureux-le-Sec","departement":"88","region":"44","epci":"200068682"},"geometry":{"type":"Polygon","coordinates":[[[6.051,48.153],[6.046,48.143],[6,48.172],[6.025,48.19],[6.038,48.2],[6.045,48.195],[6.035,48.188],[6.051,48.153]]]}},{"type":"Feature","properties":{"code":"88310","nom":"Monthureux-sur-Saône","departement":"88","region":"44","epci":"200068773"},"geometry":{"type":"Polygon","coordinates":[[[5.986,48.052],[5.997,48.039],[6.003,48.019],[5.975,48.007],[5.963,48.006],[5.924,48.017],[5.936,48.037],[5.986,48.052]]]}},{"type":"Feature","properties":{"code":"88312","nom":"Morelmaison","departement":"88","region":"44","epci":"200068559"},"geometry":{"type":"Polygon","coordinates":[[[5.908,48.311],[5.885,48.311],[5.889,48.315],[5.912,48.331],[5.934,48.332],[5.941,48.318],[5.908,48.311]]]}},{"type":"Feature","properties":{"code":"88313","nom":"Moriville","departement":"88","region":"44","epci":"200068757"},"geometry":{"type":"Polygon","coordinates":[[[6.394,48.359],[6.42,48.377],[6.472,48.339],[6.438,48.327],[6.362,48.336],[6.394,48.359]]]}},{"type":"Feature","properties":{"code":"88314","nom":"Morizécourt","departement":"88","region":"44","epci":"200068773"},"geometry":{"type":"Polygon","coordinates":[[[5.824,48.076],[5.825,48.082],[5.855,48.092],[5.889,48.065],[5.882,48.048],[5.824,48.076]]]}},{"type":"Feature","properties":{"code":"88315","nom":"Mortagne","departement":"88","region":"44","epci":"200071066"},"geometry":{"type":"Polygon","coordinates":[[[6.785,48.286],[6.811,48.283],[6.853,48.292],[6.869,48.29],[6.871,48.285],[6.864,48.275],[6.847,48.278],[6.765,48.251],[6.759,48.259],[6.723,48.26],[6.722,48.269],[6.785,48.286]]]}},{"type":"Feature","properties":{"code":"88316","nom":"Morville","departement":"88","region":"44","epci":"200068682"},"geometry":{"type":"Polygon","coordinates":[[[5.814,48.239],[5.815,48.235],[5.791,48.226],[5.775,48.238],[5.814,48.239]]]}},{"type":"Feature","properties":{"code":"88317","nom":"Moussey","departement":"88","region":"44","epci":"200071066"},"geometry":{"type":"Polygon","coordinates":[[[7.013,48.416],[7,48.439],[7.013,48.448],[7.053,48.461],[7.119,48.484],[7.106,48.444],[7.031,48.423],[7.013,48.416]]]}},{"type":"Feature","properties":{"code":"88318","nom":"Moyemont","departement":"88","region":"44","epci":"200005957"},"geometry":{"type":"Polygon","coordinates":[[[6.549,48.321],[6.543,48.318],[6.521,48.336],[6.525,48.361],[6.561,48.37],[6.561,48.369],[6.561,48.328],[6.549,48.321]]]}},{"type":"Feature","properties":{"code":"88319","nom":"Moyenmoutier","departement":"88","region":"44","epci":"200071066"},"geometry":{"type":"Polygon","coordinates":[[[6.969,48.368],[6.975,48.364],[6.971,48.357],[6.954,48.359],[6.905,48.361],[6.895,48.354],[6.855,48.396],[6.883,48.397],[6.929,48.424],[6.969,48.368]]]}},{"type":"Feature","properties":{"code":"88320","nom":"Nayemont-les-Fosses","departement":"88","region":"44","epci":"200071066"},"geometry":{"type":"Polygon","coordinates":[[[7.033,48.313],[7.038,48.308],[7.032,48.302],[7.02,48.297],[6.991,48.273],[6.981,48.28],[7.008,48.314],[7.033,48.313]]]}},{"type":"Feature","properties":{"code":"88321","nom":"Neufchâteau","departement":"88","region":"44","epci":"200068559"},"geometry":{"type":"Polygon","coordinates":[[[5.646,48.325],[5.644,48.329],[5.673,48.364],[5.707,48.393],[5.709,48.391],[5.749,48.373],[5.761,48.364],[5.743,48.354],[5.755,48.331],[5.749,48.321],[5.75,48.336],[5.724,48.353],[5.694,48.33],[5.686,48.32],[5.646,48.325]]]}},{"type":"Feature","properties":{"code":"88322","nom":"La Neuveville-devant-Lépanges","departement":"88","region":"44","epci":"200042000"},"geometry":{"type":"Polygon","coordinates":[[[6.642,48.142],[6.645,48.157],[6.663,48.167],[6.692,48.156],[6.686,48.138],[6.642,48.142]]]}},{"type":"Feature","properties":{"code":"88324","nom":"La Neuveville-sous-Châtenois","departement":"88","region":"44","epci":"200068559"},"geometry":{"type":"Polygon","coordinates":[[[5.893,48.287],[5.867,48.266],[5.854,48.28],[5.857,48.293],[5.869,48.304],[5.893,48.287]]]}},{"type":"Feature","properties":{"code":"88325","nom":"La Neuveville-sous-Montfort","departement":"88","region":"44","epci":"200068682"},"geometry":{"type":"Polygon","coordinates":[[[6.043,48.21],[6.001,48.215],[5.995,48.237],[6.027,48.249],[6.043,48.21]]]}},{"type":"Feature","properties":{"code":"88326","nom":"Neuvillers-sur-Fave","departement":"88","region":"44","epci":"200071066"},"geometry":{"type":"Polygon","coordinates":[[[7.049,48.285],[7.049,48.28],[7.042,48.271],[7.03,48.272],[7.02,48.297],[7.032,48.302],[7.049,48.285]]]}},{"type":"Feature","properties":{"code":"88327","nom":"Nomexy","departement":"88","region":"44","epci":"200068757"},"geometry":{"type":"Polygon","coordinates":[[[6.399,48.294],[6.378,48.294],[6.343,48.308],[6.36,48.326],[6.36,48.326],[6.4,48.297],[6.399,48.294]]]}},{"type":"Feature","properties":{"code":"88328","nom":"Nompatelize","departement":"88","region":"44","epci":"200071066"},"geometry":{"type":"Polygon","coordinates":[[[6.885,48.341],[6.886,48.337],[6.844,48.313],[6.836,48.32],[6.833,48.332],[6.85,48.342],[6.885,48.341]]]}},{"type":"Feature","properties":{"code":"88330","nom":"Nonville","departement":"88","region":"44","epci":"200068773"},"geometry":{"type":"Polygon","coordinates":[[[5.991,48.065],[5.962,48.097],[5.983,48.116],[6,48.091],[6.003,48.073],[5.991,48.065]]]}},{"type":"Feature","properties":{"code":"88331","nom":"Nonzeville","departement":"88","region":"44","epci":"200042000"},"geometry":{"type":"Polygon","coordinates":[[[6.62,48.263],[6.639,48.274],[6.634,48.258],[6.62,48.263]]]}},{"type":"Feature","properties":{"code":"88332","nom":"Norroy","departement":"88","region":"44","epci":"200068682"},"geometry":{"type":"Polygon","coordinates":[[[5.912,48.23],[5.919,48.233],[5.94,48.216],[5.917,48.199],[5.898,48.207],[5.912,48.23]]]}},{"type":"Feature","properties":{"code":"88333","nom":"Nossoncourt","departement":"88","region":"44","epci":"200005957"},"geometry":{"type":"Polygon","coordinates":[[[6.654,48.39],[6.652,48.405],[6.662,48.409],[6.699,48.413],[6.695,48.406],[6.677,48.386],[6.654,48.39]]]}},{"type":"Feature","properties":{"code":"88334","nom":"Oëlleville","departement":"88","region":"44","epci":"200068369"},"geometry":{"type":"Polygon","coordinates":[[[6.008,48.32],[6.004,48.323],[5.992,48.339],[5.998,48.345],[6.026,48.353],[6.04,48.351],[6.041,48.349],[6.045,48.322],[6.041,48.319],[6.008,48.32]]]}},{"type":"Feature","properties":{"code":"88335","nom":"Offroicourt","departement":"88","region":"44","epci":"200068682"},"geometry":{"type":"Polygon","coordinates":[[[6.044,48.296],[6.057,48.269],[6.041,48.263],[5.999,48.282],[6,48.283],[6.012,48.297],[6.044,48.296]]]}},{"type":"Feature","properties":{"code":"88336","nom":"Ollainville","departement":"88","region":"44","epci":"200068559"},"geometry":{"type":"Polygon","coordinates":[[[5.782,48.278],[5.793,48.282],[5.826,48.274],[5.825,48.258],[5.797,48.261],[5.778,48.276],[5.782,48.278]]]}},{"type":"Feature","properties":{"code":"88338","nom":"Ortoncourt","departement":"88","region":"44","epci":"200005957"},"geometry":{"type":"Polygon","coordinates":[[[6.505,48.355],[6.501,48.376],[6.517,48.381],[6.522,48.363],[6.505,48.355]]]}},{"type":"Feature","properties":{"code":"88340","nom":"Padoux","departement":"88","region":"44","epci":"200068757"},"geometry":{"type":"Polygon","coordinates":[[[6.586,48.263],[6.555,48.267],[6.534,48.285],[6.532,48.287],[6.543,48.318],[6.549,48.321],[6.562,48.313],[6.592,48.296],[6.601,48.278],[6.601,48.266],[6.586,48.263]]]}},{"type":"Feature","properties":{"code":"88341","nom":"Pair-et-Grandrupt","departement":"88","region":"44","epci":"200071066"},"geometry":{"type":"Polygon","coordinates":[[[6.991,48.269],[6.991,48.273],[7.02,48.297],[7.03,48.272],[7.026,48.269],[6.991,48.269]]]}},{"type":"Feature","properties":{"code":"88342","nom":"Pallegney","departement":"88","region":"44","epci":"200068757"},"geometry":{"type":"Polygon","coordinates":[[[6.457,48.274],[6.445,48.272],[6.427,48.301],[6.466,48.302],[6.457,48.274]]]}},{"type":"Feature","properties":{"code":"88343","nom":"Parey-sous-Montfort","departement":"88","region":"44","epci":"200068682"},"geometry":{"type":"Polygon","coordinates":[[[5.942,48.266],[5.965,48.26],[5.968,48.245],[5.941,48.239],[5.929,48.235],[5.926,48.252],[5.942,48.266]]]}},{"type":"Feature","properties":{"code":"88344","nom":"Pargny-sous-Mureau","departement":"88","region":"44","epci":"200068559"},"geometry":{"type":"Polygon","coordinates":[[[5.552,48.368],[5.551,48.373],[5.579,48.387],[5.625,48.367],[5.616,48.341],[5.603,48.346],[5.582,48.358],[5.556,48.349],[5.549,48.358],[5.552,48.368]]]}},{"type":"Feature","properties":{"code":"88345","nom":"La Petite-Fosse","departement":"88","region":"44","epci":"200071066"},"geometry":{"type":"Polygon","coordinates":[[[7.048,48.306],[7.038,48.308],[7.033,48.313],[7.053,48.334],[7.068,48.332],[7.054,48.316],[7.048,48.306]]]}},{"type":"Feature","properties":{"code":"88346","nom":"La Petite-Raon","departement":"88","region":"44","epci":"200071066"},"geometry":{"type":"Polygon","coordinates":[[[7,48.439],[7.013,48.416],[7.017,48.401],[6.991,48.401],[6.971,48.412],[6.976,48.436],[7,48.439]]]}},{"type":"Feature","properties":{"code":"88347","nom":"Pierrefitte","departement":"88","region":"44","epci":"200068369"},"geometry":{"type":"Polygon","coordinates":[[[6.176,48.186],[6.187,48.177],[6.185,48.141],[6.173,48.148],[6.158,48.156],[6.157,48.17],[6.176,48.186]]]}},{"type":"Feature","properties":{"code":"88348","nom":"Pierrepont-sur-l'Arentèle","departement":"88","region":"44","epci":"200042000"},"geometry":{"type":"Polygon","coordinates":[[[6.68,48.273],[6.675,48.249],[6.638,48.256],[6.634,48.258],[6.639,48.274],[6.644,48.276],[6.68,48.273]]]}},{"type":"Feature","properties":{"code":"88349","nom":"Plainfaing","departement":"88","region":"44","epci":"200071066"},"geometry":{"type":"Polygon","coordinates":[[[7.07,48.106],[7.035,48.115],[7.005,48.108],[6.998,48.135],[7.003,48.172],[7.024,48.18],[7.078,48.171],[7.058,48.138],[7.084,48.129],[7.077,48.109],[7.07,48.106]]]}},{"type":"Feature","properties":{"code":"88350","nom":"Pleuvezain","departement":"88","region":"44","epci":"200068559"},"geometry":{"type":"Polygon","coordinates":[[[5.911,48.365],[5.9,48.374],[5.925,48.389],[5.911,48.365]]]}},{"type":"Feature","properties":{"code":"88352","nom":"Pompierre","departement":"88","region":"44","epci":"200068559"},"geometry":{"type":"Polygon","coordinates":[[[5.686,48.256],[5.65,48.255],[5.654,48.269],[5.682,48.306],[5.704,48.279],[5.686,48.256]]]}},{"type":"Feature","properties":{"code":"88353","nom":"Pont-lès-Bonfays","departement":"88","region":"44","epci":"200068773"},"geometry":{"type":"Polygon","coordinates":[[[6.138,48.157],[6.123,48.172],[6.14,48.18],[6.157,48.17],[6.158,48.156],[6.138,48.157]]]}},{"type":"Feature","properties":{"code":"88354","nom":"Pont-sur-Madon","departement":"88","region":"44","epci":"200068369"},"geometry":{"type":"Polygon","coordinates":[[[6.133,48.363],[6.152,48.382],[6.162,48.382],[6.169,48.373],[6.152,48.363],[6.133,48.363]]]}},{"type":"Feature","properties":{"code":"88355","nom":"Portieux","departement":"88","region":"44","epci":"200068757"},"geometry":{"type":"Polygon","coordinates":[[[6.362,48.336],[6.36,48.326],[6.36,48.326],[6.327,48.352],[6.35,48.361],[6.394,48.359],[6.362,48.336]]]}},{"type":"Feature","properties":{"code":"88356","nom":"Les Poulières","departement":"88","region":"44","epci":"200071066"},"geometry":{"type":"Polygon","coordinates":[[[6.8,48.198],[6.772,48.207],[6.785,48.215],[6.8,48.198]]]}},{"type":"Feature","properties":{"code":"88357","nom":"Poussay","departement":"88","region":"44","epci":"200068369"},"geometry":{"type":"Polygon","coordinates":[[[6.103,48.299],[6.099,48.32],[6.115,48.345],[6.14,48.336],[6.139,48.315],[6.103,48.299]]]}},{"type":"Feature","properties":{"code":"88358","nom":"Pouxeux","departement":"88","region":"44","epci":"200068757"},"geometry":{"type":"Polygon","coordinates":[[[6.542,48.116],[6.558,48.118],[6.596,48.105],[6.594,48.097],[6.583,48.077],[6.554,48.068],[6.553,48.073],[6.542,48.116]]]}},{"type":"Feature","properties":{"code":"88359","nom":"Prey","departement":"88","region":"44","epci":"200042000"},"geometry":{"type":"Polygon","coordinates":[[[6.683,48.182],[6.695,48.185],[6.697,48.168],[6.683,48.182]]]}},{"type":"Feature","properties":{"code":"88360","nom":"Provenchères-lès-Darney","departement":"88","region":"44","epci":"200068773"},"geometry":{"type":"Polygon","coordinates":[[[5.949,48.145],[5.963,48.144],[5.984,48.122],[5.983,48.116],[5.962,48.097],[5.953,48.097],[5.949,48.145]]]}},{"type":"Feature","properties":{"code":"88361","nom":"Provenchères-et-Colroy","departement":"88","region":"44","epci":"200071066"},"geometry":{"type":"Polygon","coordinates":[[[7.054,48.316],[7.068,48.332],[7.106,48.344],[7.141,48.332],[7.143,48.302],[7.12,48.307],[7.082,48.299],[7.054,48.316]]]}},{"type":"Feature","properties":{"code":"88362","nom":"Le Puid","departement":"88","region":"44","epci":"200071066"},"geometry":{"type":"Polygon","coordinates":[[[7.041,48.381],[7.036,48.379],[7.023,48.385],[7.022,48.385],[7.018,48.399],[7.04,48.402],[7.044,48.403],[7.071,48.398],[7.041,48.381]]]}},{"type":"Feature","properties":{"code":"88363","nom":"Punerot","departement":"88","region":"44","epci":"200068559"},"geometry":{"type":"Polygon","coordinates":[[[5.811,48.498],[5.836,48.501],[5.844,48.466],[5.835,48.459],[5.811,48.458],[5.79,48.464],[5.787,48.483],[5.811,48.498]]]}},{"type":"Feature","properties":{"code":"88364","nom":"Puzieux","departement":"88","region":"44","epci":"200068369"},"geometry":{"type":"Polygon","coordinates":[[[6.099,48.32],[6.086,48.317],[6.085,48.317],[6.081,48.34],[6.085,48.344],[6.117,48.354],[6.115,48.345],[6.099,48.32]]]}},{"type":"Feature","properties":{"code":"88365","nom":"Racécourt","departement":"88","region":"44","epci":"200068369"},"geometry":{"type":"Polygon","coordinates":[[[6.216,48.252],[6.218,48.25],[6.181,48.235],[6.186,48.269],[6.214,48.277],[6.216,48.252]]]}},{"type":"Feature","properties":{"code":"88366","nom":"Rainville","departement":"88","region":"44","epci":"200068559"},"geometry":{"type":"Polygon","coordinates":[[[5.912,48.36],[5.913,48.357],[5.885,48.34],[5.864,48.348],[5.86,48.349],[5.864,48.358],[5.891,48.375],[5.9,48.374],[5.911,48.365],[5.912,48.36]]]}},{"type":"Feature","properties":{"code":"88367","nom":"Rambervillers","departement":"88","region":"44","epci":"200005957"},"geometry":{"type":"Polygon","coordinates":[[[6.592,48.33],[6.61,48.364],[6.641,48.371],[6.649,48.373],[6.673,48.365],[6.663,48.343],[6.66,48.33],[6.635,48.322],[6.592,48.33]]]}},{"type":"Feature","properties":{"code":"88368","nom":"Ramecourt","departement":"88","region":"44","epci":"200068369"},"geometry":{"type":"Polygon","coordinates":[[[6.086,48.317],[6.099,48.32],[6.103,48.299],[6.093,48.295],[6.086,48.317]]]}},{"type":"Feature","properties":{"code":"88370","nom":"Rancourt","departement":"88","region":"44","epci":"200068369"},"geometry":{"type":"Polygon","coordinates":[[[6.096,48.229],[6.119,48.23],[6.13,48.225],[6.131,48.224],[6.117,48.207],[6.09,48.223],[6.096,48.229]]]}},{"type":"Feature","properties":{"code":"88371","nom":"Raon-aux-Bois","departement":"88","region":"44","epci":"200068757"},"geometry":{"type":"Polygon","coordinates":[[[6.458,48.04],[6.458,48.043],[6.527,48.086],[6.553,48.073],[6.554,48.068],[6.536,48.033],[6.507,48.035],[6.458,48.04]]]}},{"type":"Feature","properties":{"code":"88372","nom":"Raon-l'Étape","departement":"88","region":"44","epci":"200071066"},"geometry":{"type":"Polygon","coordinates":[[[6.855,48.433],[6.894,48.419],[6.918,48.435],[6.929,48.424],[6.883,48.397],[6.855,48.396],[6.807,48.371],[6.815,48.395],[6.828,48.416],[6.855,48.433]]]}},{"type":"Feature","properties":{"code":"88373","nom":"Raon-sur-Plaine","departement":"88","region":"44","epci":"200071066"},"geometry":{"type":"Polygon","coordinates":[[[7.084,48.508],[7.123,48.514],[7.094,48.506],[7.077,48.507],[7.084,48.508]]]}},{"type":"Feature","properties":{"code":"88374","nom":"Rapey","departement":"88","region":"44","epci":"200068369"},"geometry":{"type":"Polygon","coordinates":[[[6.27,48.317],[6.258,48.307],[6.236,48.318],[6.253,48.327],[6.262,48.322],[6.27,48.317]]]}},{"type":"Feature","properties":{"code":"88375","nom":"Raves","departement":"88","region":"44","epci":"200071066"},"geometry":{"type":"Polygon","coordinates":[[[7.042,48.248],[7.034,48.258],[7.026,48.269],[7.03,48.272],[7.042,48.271],[7.061,48.253],[7.042,48.248]]]}},{"type":"Feature","properties":{"code":"88376","nom":"Rebeuville","departement":"88","region":"44","epci":"200068559"},"geometry":{"type":"Polygon","coordinates":[[[5.75,48.336],[5.718,48.321],[5.694,48.33],[5.724,48.353],[5.75,48.336]]]}},{"type":"Feature","properties":{"code":"88378","nom":"Regney","departement":"88","region":"44","epci":"200068369"},"geometry":{"type":"Polygon","coordinates":[[[6.299,48.265],[6.294,48.27],[6.3,48.295],[6.333,48.297],[6.326,48.291],[6.299,48.269],[6.299,48.265]]]}},{"type":"Feature","properties":{"code":"88379","nom":"Rehaincourt","departement":"88","region":"44","epci":"200068757"},"geometry":{"type":"Polygon","coordinates":[[[6.501,48.376],[6.505,48.355],[6.487,48.338],[6.472,48.339],[6.42,48.377],[6.469,48.377],[6.501,48.376]]]}},{"type":"Feature","properties":{"code":"88380","nom":"Rehaupal","departement":"88","region":"44","epci":"200096642"},"geometry":{"type":"Polygon","coordinates":[[[6.767,48.103],[6.768,48.097],[6.719,48.123],[6.717,48.125],[6.733,48.132],[6.767,48.103]]]}},{"type":"Feature","properties":{"code":"88381","nom":"Relanges","departement":"88","region":"44","epci":"200068773"},"geometry":{"type":"Polygon","coordinates":[[[6.025,48.125],[6.032,48.132],[6.049,48.128],[6.054,48.115],[6.033,48.103],[6.025,48.098],[6,48.091],[5.983,48.116],[5.984,48.122],[6.025,48.125]]]}},{"type":"Feature","properties":{"code":"88382","nom":"Remicourt","departement":"88","region":"44","epci":"200068369"},"geometry":{"type":"Polygon","coordinates":[[[6.083,48.273],[6.08,48.273],[6.057,48.269],[6.044,48.296],[6.052,48.299],[6.059,48.296],[6.08,48.279],[6.083,48.273]]]}},{"type":"Feature","properties":{"code":"88385","nom":"Remoncourt","departement":"88","region":"44","epci":"200068682"},"geometry":{"type":"Polygon","coordinates":[[[6.064,48.243],[6.083,48.22],[6.054,48.196],[6.045,48.195],[6.038,48.2],[6.043,48.21],[6.027,48.249],[6.035,48.252],[6.056,48.247],[6.064,48.243]]]}},{"type":"Feature","properties":{"code":"88386","nom":"Remomeix","departement":"88","region":"44","epci":"200071066"},"geometry":{"type":"Polygon","coordinates":[[[6.991,48.269],[7.026,48.269],[7.034,48.258],[7.008,48.256],[6.988,48.258],[6.991,48.269]]]}},{"type":"Feature","properties":{"code":"88387","nom":"Removille","departement":"88","region":"44","epci":"200068559"},"geometry":{"type":"Polygon","coordinates":[[[5.849,48.388],[5.864,48.358],[5.86,48.349],[5.844,48.351],[5.825,48.368],[5.849,48.388]]]}},{"type":"Feature","properties":{"code":"88388","nom":"Renauvoid","departement":"88","region":"44","epci":"200068757"},"geometry":{"type":"Polygon","coordinates":[[[6.394,48.129],[6.391,48.126],[6.357,48.138],[6.357,48.159],[6.36,48.16],[6.389,48.159],[6.403,48.16],[6.403,48.145],[6.394,48.129]]]}},{"type":"Feature","properties":{"code":"88389","nom":"Repel","departement":"88","region":"44","epci":"200068369"},"geometry":{"type":"Polygon","coordinates":[[[5.993,48.354],[5.998,48.345],[5.992,48.339],[5.969,48.335],[5.965,48.35],[5.993,48.354]]]}},{"type":"Feature","properties":{"code":"88390","nom":"Robécourt","departement":"88","region":"44","epci":"200068773"},"geometry":{"type":"Polygon","coordinates":[[[5.717,48.148],[5.741,48.123],[5.677,48.136],[5.685,48.151],[5.717,48.148]]]}},{"type":"Feature","properties":{"code":"88394","nom":"Romain-aux-Bois","departement":"88","region":"44","epci":"200068773"},"geometry":{"type":"Polygon","coordinates":[[[5.696,48.078],[5.705,48.097],[5.729,48.07],[5.721,48.053],[5.696,48.078]]]}},{"type":"Feature","properties":{"code":"88395","nom":"Romont","departement":"88","region":"44","epci":"200005957"},"geometry":{"type":"Polygon","coordinates":[[[6.562,48.313],[6.549,48.321],[6.561,48.328],[6.561,48.369],[6.578,48.376],[6.597,48.381],[6.61,48.364],[6.592,48.33],[6.589,48.318],[6.562,48.313]]]}},{"type":"Feature","properties":{"code":"88398","nom":"Les Rouges-Eaux","departement":"88","region":"44","epci":"200071066"},"geometry":{"type":"Polygon","coordinates":[[[6.864,48.275],[6.828,48.254],[6.799,48.261],[6.764,48.249],[6.765,48.251],[6.847,48.278],[6.864,48.275]]]}},{"type":"Feature","properties":{"code":"88399","nom":"Le Roulier","departement":"88","region":"44","epci":"200042000"},"geometry":{"type":"Polygon","coordinates":[[[6.601,48.19],[6.608,48.192],[6.621,48.184],[6.632,48.16],[6.606,48.159],[6.6,48.19],[6.601,48.19]]]}},{"type":"Feature","properties":{"code":"88400","nom":"Rouvres-en-Xaintois","departement":"88","region":"44","epci":"200068369"},"geometry":{"type":"Polygon","coordinates":[[[5.984,48.281],[5.99,48.284],[6.008,48.32],[6.041,48.319],[6.052,48.299],[6.044,48.296],[6.012,48.297],[6,48.283],[5.984,48.281]]]}},{"type":"Feature","properties":{"code":"88401","nom":"Rouvres-la-Chétive","departement":"88","region":"44","epci":"200068559"},"geometry":{"type":"Polygon","coordinates":[[[5.793,48.282],[5.782,48.278],[5.755,48.303],[5.755,48.305],[5.749,48.321],[5.755,48.331],[5.782,48.321],[5.8,48.293],[5.793,48.282]]]}},{"type":"Feature","properties":{"code":"88402","nom":"Roville-aux-Chênes","departement":"88","region":"44","epci":"200005957"},"geometry":{"type":"Polygon","coordinates":[[[6.615,48.397],[6.641,48.371],[6.61,48.364],[6.597,48.381],[6.589,48.402],[6.615,48.397]]]}},{"type":"Feature","properties":{"code":"88403","nom":"Rozerotte","departement":"88","region":"44","epci":"200068682"},"geometry":{"type":"Polygon","coordinates":[[[6.083,48.22],[6.064,48.243],[6.084,48.261],[6.103,48.245],[6.096,48.229],[6.09,48.223],[6.083,48.22]]]}},{"type":"Feature","properties":{"code":"88404","nom":"Rozières-sur-Mouzon","departement":"88","region":"44","epci":"200068773"},"geometry":{"type":"Polygon","coordinates":[[[5.755,48.117],[5.725,48.103],[5.694,48.118],[5.755,48.117]]]}},{"type":"Feature","properties":{"code":"88406","nom":"Rugney","departement":"88","region":"44","epci":"200068757"},"geometry":{"type":"Polygon","coordinates":[[[6.244,48.359],[6.27,48.353],[6.258,48.336],[6.25,48.329],[6.231,48.347],[6.244,48.359]]]}},{"type":"Feature","properties":{"code":"88407","nom":"Ruppes","departement":"88","region":"44","epci":"200068559"},"geometry":{"type":"Polygon","coordinates":[[[5.79,48.464],[5.77,48.448],[5.757,48.445],[5.749,48.474],[5.779,48.487],[5.787,48.483],[5.79,48.464]]]}},{"type":"Feature","properties":{"code":"88410","nom":"Sainte-Barbe","departement":"88","region":"44","epci":"200005957"},"geometry":{"type":"Polygon","coordinates":[[[6.699,48.413],[6.7,48.413],[6.739,48.412],[6.78,48.402],[6.815,48.395],[6.807,48.371],[6.777,48.369],[6.76,48.376],[6.714,48.37],[6.695,48.406],[6.699,48.413]]]}},{"type":"Feature","properties":{"code":"88411","nom":"Saint-Baslemont","departement":"88","region":"44","epci":"200068773"},"geometry":{"type":"Polygon","coordinates":[[[5.963,48.144],[5.981,48.169],[6.021,48.139],[6.025,48.125],[5.984,48.122],[5.963,48.144]]]}},{"type":"Feature","properties":{"code":"88412","nom":"Saint-Benoît-la-Chipotte","departement":"88","region":"44","epci":"200005957"},"geometry":{"type":"Polygon","coordinates":[[[6.714,48.37],[6.76,48.376],[6.777,48.369],[6.785,48.343],[6.779,48.333],[6.71,48.34],[6.712,48.37],[6.714,48.37]]]}},{"type":"Feature","properties":{"code":"88413","nom":"Saint-Dié-des-Vosges","departement":"88","region":"44","epci":"200071066"},"geometry":{"type":"Polygon","coordinates":[[[7.004,48.316],[7.008,48.314],[6.981,48.28],[6.947,48.261],[6.93,48.26],[6.871,48.285],[6.869,48.29],[6.912,48.31],[6.905,48.326],[6.917,48.333],[6.954,48.324],[6.971,48.321],[7.004,48.316]]]}},{"type":"Feature","properties":{"code":"88415","nom":"Saint-Étienne-lès-Remiremont","departement":"88","region":"44","epci":"200068377"},"geometry":{"type":"Polygon","coordinates":[[[6.626,48.015],[6.621,47.992],[6.602,47.967],[6.594,47.977],[6.594,47.981],[6.619,47.999],[6.586,48.028],[6.582,48.041],[6.616,48.07],[6.655,48.094],[6.681,48.075],[6.655,48.066],[6.658,48.036],[6.626,48.015]]]}},{"type":"Feature","properties":{"code":"88416","nom":"Saint-Genest","departement":"88","region":"44","epci":"200005957"},"geometry":{"type":"Polygon","coordinates":[[[6.521,48.336],[6.512,48.328],[6.487,48.338],[6.505,48.355],[6.522,48.363],[6.525,48.361],[6.521,48.336]]]}},{"type":"Feature","properties":{"code":"88417","nom":"Saint-Gorgon","departement":"88","region":"44","epci":"200005957"},"geometry":{"type":"Polygon","coordinates":[[[6.675,48.31],[6.637,48.31],[6.635,48.322],[6.66,48.33],[6.673,48.314],[6.675,48.31]]]}},{"type":"Feature","properties":{"code":"88418","nom":"Sainte-Hélène","departement":"88","region":"44","epci":"200005957"},"geometry":{"type":"Polygon","coordinates":[[[6.675,48.31],[6.704,48.278],[6.68,48.273],[6.644,48.276],[6.623,48.285],[6.628,48.3],[6.637,48.31],[6.675,48.31]]]}},{"type":"Feature","properties":{"code":"88419","nom":"Saint-Jean-d'Ormont","departement":"88","region":"44","epci":"200071066"},"geometry":{"type":"Polygon","coordinates":[[[6.971,48.321],[6.978,48.346],[7.004,48.316],[6.971,48.321]]]}},{"type":"Feature","properties":{"code":"88423","nom":"Saint-Léonard","departement":"88","region":"44","epci":"200071066"},"geometry":{"type":"Polygon","coordinates":[[[6.979,48.202],[6.978,48.201],[6.922,48.212],[6.898,48.205],[6.87,48.205],[6.866,48.226],[6.904,48.223],[6.969,48.227],[6.968,48.225],[6.979,48.202]]]}},{"type":"Feature","properties":{"code":"88424","nom":"Sainte-Marguerite","departement":"88","region":"44","epci":"200071066"},"geometry":{"type":"Polygon","coordinates":[[[6.991,48.273],[6.991,48.269],[6.988,48.258],[6.986,48.256],[6.947,48.261],[6.981,48.28],[6.991,48.273]]]}},{"type":"Feature","properties":{"code":"88425","nom":"Saint-Maurice-sur-Mortagne","departement":"88","region":"44","epci":"200005957"},"geometry":{"type":"Polygon","coordinates":[[[6.554,48.401],[6.585,48.408],[6.589,48.402],[6.597,48.381],[6.578,48.376],[6.55,48.388],[6.554,48.401]]]}},{"type":"Feature","properties":{"code":"88427","nom":"Saint-Menge","departement":"88","region":"44","epci":"200068559"},"geometry":{"type":"Polygon","coordinates":[[[5.977,48.292],[5.937,48.273],[5.936,48.274],[5.929,48.281],[5.955,48.304],[5.977,48.292]]]}},{"type":"Feature","properties":{"code":"88428","nom":"Saint-Michel-sur-Meurthe","departement":"88","region":"44","epci":"200071066"},"geometry":{"type":"Polygon","coordinates":[[[6.844,48.313],[6.886,48.337],[6.905,48.326],[6.912,48.31],[6.869,48.29],[6.853,48.292],[6.844,48.313]]]}},{"type":"Feature","properties":{"code":"88429","nom":"Saint-Nabord","departement":"88","region":"44","epci":"200068377"},"geometry":{"type":"Polygon","coordinates":[[[6.507,48.035],[6.536,48.033],[6.554,48.068],[6.583,48.077],[6.594,48.097],[6.616,48.07],[6.582,48.041],[6.586,48.028],[6.568,48.022],[6.543,47.992],[6.522,47.987],[6.52,47.989],[6.51,47.997],[6.507,48.035]]]}},{"type":"Feature","properties":{"code":"88430","nom":"Saint-Ouen-lès-Parey","departement":"88","region":"44","epci":"200068682"},"geometry":{"type":"Polygon","coordinates":[[[5.73,48.176],[5.731,48.179],[5.762,48.196],[5.791,48.199],[5.82,48.168],[5.817,48.165],[5.784,48.161],[5.772,48.137],[5.755,48.163],[5.73,48.176]]]}},{"type":"Feature","properties":{"code":"88431","nom":"Saint-Paul","departement":"88","region":"44","epci":"200068559"},"geometry":{"type":"Polygon","coordinates":[[[5.912,48.331],[5.889,48.315],[5.865,48.342],[5.864,48.348],[5.885,48.34],[5.912,48.331]]]}},{"type":"Feature","properties":{"code":"88432","nom":"Saint-Pierremont","departement":"88","region":"44","epci":"200005957"},"geometry":{"type":"Polygon","coordinates":[[[6.584,48.417],[6.567,48.441],[6.594,48.462],[6.595,48.422],[6.584,48.417]]]}},{"type":"Feature","properties":{"code":"88433","nom":"Saint-Prancher","departement":"88","region":"44","epci":"200068369"},"geometry":{"type":"Polygon","coordinates":[[[5.956,48.357],[5.965,48.35],[5.969,48.335],[5.969,48.335],[5.937,48.339],[5.925,48.355],[5.956,48.357]]]}},{"type":"Feature","properties":{"code":"88434","nom":"Saint-Remimont","departement":"88","region":"44","epci":"200068682"},"geometry":{"type":"Polygon","coordinates":[[[5.919,48.233],[5.912,48.23],[5.894,48.243],[5.926,48.252],[5.929,48.235],[5.919,48.233]]]}},{"type":"Feature","properties":{"code":"88435","nom":"Saint-Remy","departement":"88","region":"44","epci":"200071066"},"geometry":{"type":"Polygon","coordinates":[[[6.781,48.33],[6.779,48.333],[6.785,48.343],[6.81,48.362],[6.85,48.342],[6.833,48.332],[6.781,48.33]]]}},{"type":"Feature","properties":{"code":"88436","nom":"Saint-Stail","departement":"88","region":"44","epci":"200071066"},"geometry":{"type":"Polygon","coordinates":[[[7.107,48.376],[7.101,48.374],[7.086,48.36],[7.063,48.381],[7.093,48.394],[7.107,48.376]]]}},{"type":"Feature","properties":{"code":"88437","nom":"Saint-Vallier","departement":"88","region":"44","epci":"200068369"},"geometry":{"type":"Polygon","coordinates":[[[6.326,48.291],[6.339,48.27],[6.299,48.269],[6.326,48.291]]]}},{"type":"Feature","properties":{"code":"88438","nom":"La Salle","departement":"88","region":"44","epci":"200071066"},"geometry":{"type":"Polygon","coordinates":[[[6.833,48.332],[6.836,48.32],[6.788,48.319],[6.781,48.33],[6.833,48.332]]]}},{"type":"Feature","properties":{"code":"88439","nom":"Sanchey","departement":"88","region":"44","epci":"200068757"},"geometry":{"type":"Polygon","coordinates":[[[6.376,48.177],[6.389,48.159],[6.36,48.16],[6.359,48.186],[6.361,48.187],[6.376,48.177]]]}},{"type":"Feature","properties":{"code":"88440","nom":"Sandaucourt","departement":"88","region":"44","epci":"200068682"},"geometry":{"type":"Polygon","coordinates":[[[5.869,48.248],[5.828,48.241],[5.822,48.244],[5.825,48.258],[5.826,48.274],[5.827,48.275],[5.854,48.28],[5.867,48.266],[5.869,48.248]]]}},{"type":"Feature","properties":{"code":"88441","nom":"Sans-Vallois","departement":"88","region":"44","epci":"200068773"},"geometry":{"type":"Polygon","coordinates":[[[6.086,48.171],[6.107,48.175],[6.107,48.144],[6.1,48.139],[6.1,48.14],[6.086,48.171]]]}},{"type":"Feature","properties":{"code":"88442","nom":"Sapois","departement":"88","region":"44","epci":"200096634"},"geometry":{"type":"Polygon","coordinates":[[[6.784,48.058],[6.84,48.04],[6.797,48.03],[6.764,48.014],[6.74,48.01],[6.763,48.048],[6.784,48.058]]]}},{"type":"Feature","properties":{"code":"88443","nom":"Sartes","departement":"88","region":"44","epci":"200068559"},"geometry":{"type":"Polygon","coordinates":[[[5.676,48.229],[5.641,48.242],[5.65,48.255],[5.686,48.256],[5.688,48.236],[5.688,48.234],[5.676,48.229]]]}},{"type":"Feature","properties":{"code":"88444","nom":"Le Saulcy","departement":"88","region":"44","epci":"200071066"},"geometry":{"type":"Polygon","coordinates":[[[7.108,48.44],[7.109,48.439],[7.096,48.427],[7.044,48.403],[7.04,48.402],[7.031,48.423],[7.106,48.444],[7.108,48.44]]]}},{"type":"Feature","properties":{"code":"88445","nom":"Saulcy-sur-Meurthe","departement":"88","region":"44","epci":"200071066"},"geometry":{"type":"Polygon","coordinates":[[[6.904,48.223],[6.93,48.26],[6.947,48.261],[6.986,48.256],[6.969,48.227],[6.904,48.223]]]}},{"type":"Feature","properties":{"code":"88446","nom":"Saulxures-lès-Bulgnéville","departement":"88","region":"44","epci":"200068682"},"geometry":{"type":"Polygon","coordinates":[[[5.791,48.21],[5.818,48.212],[5.838,48.181],[5.833,48.17],[5.82,48.168],[5.791,48.199],[5.791,48.21]]]}},{"type":"Feature","properties":{"code":"88448","nom":"Sauville","departement":"88","region":"44","epci":"200068682"},"geometry":{"type":"Polygon","coordinates":[[[5.772,48.124],[5.757,48.118],[5.741,48.123],[5.717,48.148],[5.73,48.176],[5.755,48.163],[5.772,48.137],[5.77,48.131],[5.772,48.124]]]}},{"type":"Feature","properties":{"code":"88449","nom":"Savigny","departement":"88","region":"44","epci":"200068757"},"geometry":{"type":"Polygon","coordinates":[[[6.209,48.367],[6.233,48.373],[6.244,48.359],[6.231,48.347],[6.219,48.336],[6.196,48.359],[6.209,48.367]]]}},{"type":"Feature","properties":{"code":"88451","nom":"Senones","departement":"88","region":"44","epci":"200071066"},"geometry":{"type":"Polygon","coordinates":[[[6.991,48.401],[6.987,48.386],[6.969,48.368],[6.929,48.424],[6.976,48.436],[6.971,48.412],[6.991,48.401]]]}},{"type":"Feature","properties":{"code":"88452","nom":"Senonges","departement":"88","region":"44","epci":"200068773"},"geometry":{"type":"Polygon","coordinates":[[[6.032,48.132],[6.046,48.143],[6.051,48.153],[6.07,48.157],[6.077,48.141],[6.049,48.128],[6.032,48.132]]]}},{"type":"Feature","properties":{"code":"88453","nom":"Seraumont","departement":"88","region":"44","epci":"200068559"},"geometry":{"type":"Polygon","coordinates":[[[5.577,48.432],[5.615,48.441],[5.627,48.449],[5.637,48.428],[5.62,48.419],[5.6,48.416],[5.577,48.432]]]}},{"type":"Feature","properties":{"code":"88454","nom":"Sercœur","departement":"88","region":"44","epci":"200068757"},"geometry":{"type":"Polygon","coordinates":[[[6.525,48.235],[6.518,48.238],[6.515,48.255],[6.534,48.285],[6.555,48.267],[6.554,48.237],[6.55,48.234],[6.525,48.235]]]}},{"type":"Feature","properties":{"code":"88455","nom":"Serécourt","departement":"88","region":"44","epci":"200068773"},"geometry":{"type":"Polygon","coordinates":[[[5.824,48.076],[5.882,48.048],[5.847,48.029],[5.815,48.045],[5.824,48.076]]]}},{"type":"Feature","properties":{"code":"88456","nom":"Serocourt","departement":"88","region":"44","epci":"200068773"},"geometry":{"type":"Polygon","coordinates":[[[5.859,48.124],[5.89,48.123],[5.895,48.097],[5.934,48.082],[5.926,48.071],[5.908,48.076],[5.861,48.101],[5.859,48.124]]]}},{"type":"Feature","properties":{"code":"88457","nom":"Sionne","departement":"88","region":"44","epci":"200068559"},"geometry":{"type":"Polygon","coordinates":[[[5.645,48.373],[5.633,48.374],[5.6,48.406],[5.6,48.416],[5.62,48.419],[5.673,48.4],[5.644,48.387],[5.645,48.373]]]}},{"type":"Feature","properties":{"code":"88458","nom":"Socourt","departement":"88","region":"44","epci":"200068757"},"geometry":{"type":"Polygon","coordinates":[[[6.238,48.388],[6.235,48.393],[6.233,48.397],[6.26,48.406],[6.266,48.392],[6.254,48.387],[6.238,48.388]]]}},{"type":"Feature","properties":{"code":"88459","nom":"Soncourt","departement":"88","region":"44","epci":"200068559"},"geometry":{"type":"Polygon","coordinates":[[[5.92,48.401],[5.928,48.394],[5.925,48.389],[5.9,48.374],[5.891,48.375],[5.895,48.39],[5.92,48.401]]]}},{"type":"Feature","properties":{"code":"88460","nom":"Soulosse-sous-Saint-Élophe","departement":"88","region":"44","epci":"200068559"},"geometry":{"type":"Polygon","coordinates":[[[5.749,48.373],[5.709,48.391],[5.71,48.403],[5.724,48.433],[5.747,48.439],[5.757,48.445],[5.77,48.448],[5.778,48.436],[5.749,48.408],[5.748,48.391],[5.749,48.373]]]}},{"type":"Feature","properties":{"code":"88461","nom":"Suriauville","departement":"88","region":"44","epci":"200068682"},"geometry":{"type":"Polygon","coordinates":[[[5.861,48.146],[5.833,48.17],[5.838,48.181],[5.854,48.19],[5.897,48.165],[5.861,48.146]]]}},{"type":"Feature","properties":{"code":"88462","nom":"Le Syndicat","departement":"88","region":"44","epci":"200096634"},"geometry":{"type":"Polygon","coordinates":[[[6.741,48.062],[6.738,48.052],[6.691,48.033],[6.71,48.01],[6.692,47.994],[6.659,48.014],[6.674,48.034],[6.704,48.058],[6.734,48.067],[6.741,48.062]]]}},{"type":"Feature","properties":{"code":"88463","nom":"Taintrux","departement":"88","region":"44","epci":"200071066"},"geometry":{"type":"Polygon","coordinates":[[[6.93,48.26],[6.904,48.223],[6.866,48.226],[6.843,48.246],[6.828,48.254],[6.864,48.275],[6.871,48.285],[6.93,48.26]]]}},{"type":"Feature","properties":{"code":"88464","nom":"Tendon","departement":"88","region":"44","epci":"200096634"},"geometry":{"type":"Polygon","coordinates":[[[6.717,48.125],[6.719,48.123],[6.706,48.119],[6.688,48.077],[6.681,48.075],[6.655,48.094],[6.635,48.112],[6.657,48.137],[6.685,48.137],[6.717,48.125]]]}},{"type":"Feature","properties":{"code":"88465","nom":"Thaon-les-Vosges","departement":"88","region":"44","epci":"200068757"},"geometry":{"type":"Polygon","coordinates":[[[6.457,48.274],[6.464,48.264],[6.484,48.253],[6.48,48.241],[6.447,48.234],[6.414,48.236],[6.374,48.241],[6.364,48.263],[6.372,48.265],[6.415,48.274],[6.445,48.272],[6.457,48.274]]]}},{"type":"Feature","properties":{"code":"88466","nom":"They-sous-Montfort","departement":"88","region":"44","epci":"200068682"},"geometry":{"type":"Polygon","coordinates":[[[6.001,48.215],[5.995,48.214],[5.955,48.221],[5.941,48.239],[5.968,48.245],[5.995,48.237],[6.001,48.215]]]}},{"type":"Feature","properties":{"code":"88469","nom":"Thiraucourt","departement":"88","region":"44","epci":"200068369"},"geometry":{"type":"Polygon","coordinates":[[[6.059,48.296],[6.071,48.304],[6.087,48.288],[6.08,48.279],[6.059,48.296]]]}},{"type":"Feature","properties":{"code":"88470","nom":"Le Tholy","departement":"88","region":"44","epci":"200096642"},"geometry":{"type":"Polygon","coordinates":[[[6.734,48.067],[6.696,48.073],[6.688,48.077],[6.706,48.119],[6.719,48.123],[6.768,48.097],[6.777,48.084],[6.784,48.058],[6.763,48.048],[6.741,48.062],[6.734,48.067]]]}},{"type":"Feature","properties":{"code":"88472","nom":"Thuillières","departement":"88","region":"44","epci":"200068682"},"geometry":{"type":"Polygon","coordinates":[[[6.046,48.143],[6.032,48.132],[6.025,48.125],[6.021,48.139],[5.981,48.169],[5.979,48.179],[5.98,48.18],[6,48.172],[6.046,48.143]]]}},{"type":"Feature","properties":{"code":"88473","nom":"Tignécourt","departement":"88","region":"44","epci":"200068773"},"geometry":{"type":"Polygon","coordinates":[[[5.926,48.071],[5.929,48.041],[5.887,48.035],[5.872,48.014],[5.85,48.016],[5.847,48.029],[5.882,48.048],[5.889,48.065],[5.908,48.076],[5.926,48.071]]]}},{"type":"Feature","properties":{"code":"88474","nom":"Tilleux","departement":"88","region":"44","epci":"200068559"},"geometry":{"type":"Polygon","coordinates":[[[5.755,48.305],[5.755,48.303],[5.718,48.29],[5.717,48.311],[5.755,48.305]]]}},{"type":"Feature","properties":{"code":"88475","nom":"Tollaincourt","departement":"88","region":"44","epci":"200068773"},"geometry":{"type":"Polygon","coordinates":[[[5.705,48.097],[5.684,48.105],[5.694,48.118],[5.725,48.103],[5.755,48.117],[5.756,48.093],[5.729,48.07],[5.705,48.097]]]}},{"type":"Feature","properties":{"code":"88476","nom":"Totainville","departement":"88","region":"44","epci":"200068369"},"geometry":{"type":"Polygon","coordinates":[[[6.004,48.323],[5.983,48.314],[5.973,48.317],[5.969,48.335],[5.969,48.335],[5.992,48.339],[6.004,48.323]]]}},{"type":"Feature","properties":{"code":"88477","nom":"Trampot","departement":"88","region":"44","epci":"200068559"},"geometry":{"type":"Polygon","coordinates":[[[5.426,48.331],[5.419,48.361],[5.443,48.379],[5.46,48.376],[5.474,48.355],[5.426,48.331]]]}},{"type":"Feature","properties":{"code":"88478","nom":"Tranqueville-Graux","departement":"88","region":"44","epci":"200068559"},"geometry":{"type":"Polygon","coordinates":[[[5.884,48.436],[5.859,48.416],[5.833,48.425],[5.828,48.432],[5.815,48.441],[5.811,48.458],[5.835,48.459],[5.884,48.436]]]}},{"type":"Feature","properties":{"code":"88480","nom":"Ubexy","departement":"88","region":"44","epci":"200068757"},"geometry":{"type":"Polygon","coordinates":[[[6.253,48.327],[6.25,48.329],[6.258,48.336],[6.296,48.351],[6.307,48.356],[6.304,48.343],[6.291,48.333],[6.262,48.322],[6.253,48.327]]]}},{"type":"Feature","properties":{"code":"88481","nom":"Uriménil","departement":"88","region":"44","epci":"200068757"},"geometry":{"type":"Polygon","coordinates":[[[6.391,48.126],[6.394,48.129],[6.43,48.123],[6.42,48.081],[6.378,48.092],[6.371,48.105],[6.391,48.126]]]}},{"type":"Feature","properties":{"code":"88482","nom":"Urville","departement":"88","region":"44","epci":"200068682"},"geometry":{"type":"Polygon","coordinates":[[[5.731,48.19],[5.73,48.198],[5.74,48.2],[5.762,48.196],[5.731,48.179],[5.731,48.19]]]}},{"type":"Feature","properties":{"code":"88483","nom":"Uxegney","departement":"88","region":"44","epci":"200068757"},"geometry":{"type":"Polygon","coordinates":[[[6.358,48.21],[6.361,48.211],[6.401,48.207],[6.411,48.19],[6.376,48.177],[6.361,48.187],[6.358,48.21]]]}},{"type":"Feature","properties":{"code":"88484","nom":"Uzemain","departement":"88","region":"44","epci":"200068757"},"geometry":{"type":"Polygon","coordinates":[[[6.378,48.092],[6.369,48.071],[6.327,48.083],[6.298,48.081],[6.311,48.099],[6.303,48.117],[6.322,48.123],[6.357,48.138],[6.391,48.126],[6.371,48.105],[6.378,48.092]]]}},{"type":"Feature","properties":{"code":"88485","nom":"La Vacheresse-et-la-Rouillie","departement":"88","region":"44","epci":"200068682"},"geometry":{"type":"Polygon","coordinates":[[[5.815,48.132],[5.77,48.131],[5.772,48.137],[5.784,48.161],[5.817,48.165],[5.815,48.132]]]}},{"type":"Feature","properties":{"code":"88486","nom":"Vagney","departement":"88","region":"44","epci":"200096634"},"geometry":{"type":"Polygon","coordinates":[[[6.692,47.994],[6.71,48.01],[6.691,48.033],[6.738,48.052],[6.741,48.062],[6.763,48.048],[6.74,48.01],[6.732,47.996],[6.727,47.979],[6.705,47.966],[6.699,47.971],[6.692,47.994]]]}},{"type":"Feature","properties":{"code":"88488","nom":"Valfroicourt","departement":"88","region":"44","epci":"200068682"},"geometry":{"type":"Polygon","coordinates":[[[6.086,48.171],[6.085,48.172],[6.054,48.196],[6.083,48.22],[6.09,48.223],[6.117,48.207],[6.119,48.198],[6.113,48.177],[6.107,48.175],[6.086,48.171]]]}},{"type":"Feature","properties":{"code":"88489","nom":"Valleroy-aux-Saules","departement":"88","region":"44","epci":"200068369"},"geometry":{"type":"Polygon","coordinates":[[[6.125,48.251],[6.127,48.254],[6.157,48.259],[6.158,48.256],[6.151,48.248],[6.13,48.225],[6.119,48.23],[6.125,48.251]]]}},{"type":"Feature","properties":{"code":"88490","nom":"Valleroy-le-Sec","departement":"88","region":"44","epci":"200068682"},"geometry":{"type":"Polygon","coordinates":[[[5.98,48.18],[5.995,48.197],[6.025,48.19],[6,48.172],[5.98,48.18]]]}},{"type":"Feature","properties":{"code":"88491","nom":"Les Vallois","departement":"88","region":"44","epci":"200068773"},"geometry":{"type":"Polygon","coordinates":[[[6.138,48.157],[6.127,48.141],[6.107,48.144],[6.107,48.175],[6.113,48.177],[6.123,48.172],[6.138,48.157]]]}},{"type":"Feature","properties":{"code":"88492","nom":"Le Valtin","departement":"88","region":"44","epci":"200096642"},"geometry":{"type":"Polygon","coordinates":[[[7.052,48.083],[7.019,48.055],[7.003,48.07],[7.005,48.108],[7.035,48.115],[7.07,48.106],[7.052,48.083]]]}},{"type":"Feature","properties":{"code":"88493","nom":"Varmonzey","departement":"88","region":"44","epci":"200068369"},"geometry":{"type":"Polygon","coordinates":[[[6.27,48.317],[6.262,48.322],[6.291,48.333],[6.286,48.315],[6.27,48.317]]]}},{"type":"Feature","properties":{"code":"88494","nom":"Vaubexy","departement":"88","region":"44","epci":"200068369"},"geometry":{"type":"Polygon","coordinates":[[[6.218,48.279],[6.216,48.295],[6.249,48.293],[6.266,48.281],[6.249,48.272],[6.218,48.279]]]}},{"type":"Feature","properties":{"code":"88495","nom":"Vaudéville","departement":"88","region":"44","epci":"200068757"},"geometry":{"type":"Polygon","coordinates":[[[6.55,48.234],[6.549,48.217],[6.525,48.235],[6.55,48.234]]]}},{"type":"Feature","properties":{"code":"88496","nom":"Vaudoncourt","departement":"88","region":"44","epci":"200068682"},"geometry":{"type":"Polygon","coordinates":[[[5.818,48.212],[5.791,48.21],[5.781,48.213],[5.791,48.226],[5.815,48.235],[5.818,48.212]]]}},{"type":"Feature","properties":{"code":"88497","nom":"Vaxoncourt","departement":"88","region":"44","epci":"200068757"},"geometry":{"type":"Polygon","coordinates":[[[6.415,48.274],[6.399,48.294],[6.4,48.297],[6.422,48.308],[6.427,48.301],[6.445,48.272],[6.415,48.274]]]}},{"type":"Feature","properties":{"code":"88499","nom":"Velotte-et-Tatignécourt","departement":"88","region":"44","epci":"200068369"},"geometry":{"type":"Polygon","coordinates":[[[6.156,48.27],[6.155,48.273],[6.184,48.273],[6.186,48.269],[6.181,48.235],[6.181,48.235],[6.158,48.256],[6.157,48.259],[6.156,48.27]]]}},{"type":"Feature","properties":{"code":"88501","nom":"Le Vermont","departement":"88","region":"44","epci":"200071066"},"geometry":{"type":"Polygon","coordinates":[[[7.071,48.398],[7.085,48.398],[7.093,48.394],[7.063,48.381],[7.041,48.381],[7.071,48.398]]]}},{"type":"Feature","properties":{"code":"88502","nom":"Vervezelle","departement":"88","region":"44","epci":"200042000"},"geometry":{"type":"Polygon","coordinates":[[[6.744,48.211],[6.73,48.222],[6.74,48.233],[6.752,48.224],[6.744,48.211]]]}},{"type":"Feature","properties":{"code":"88503","nom":"Vexaincourt","departement":"88","region":"44","epci":"200071066"},"geometry":{"type":"Polygon","coordinates":[[[7.094,48.489],[7.119,48.484],[7.053,48.461],[7.029,48.492],[7.054,48.498],[7.094,48.489]]]}},{"type":"Feature","properties":{"code":"88504","nom":"Vicherey","departement":"88","region":"44","epci":"245400510"},"geometry":{"type":"Polygon","coordinates":[[[5.955,48.387],[5.945,48.376],[5.912,48.36],[5.911,48.365],[5.925,48.389],[5.928,48.394],[5.941,48.401],[5.95,48.397],[5.955,48.387]]]}},{"type":"Feature","properties":{"code":"88505","nom":"Vienville","departement":"88","region":"44","epci":"200071066"},"geometry":{"type":"Polygon","coordinates":[[[6.865,48.181],[6.843,48.169],[6.833,48.184],[6.865,48.181]]]}},{"type":"Feature","properties":{"code":"88506","nom":"Vieux-Moulin","departement":"88","region":"44","epci":"200071066"},"geometry":{"type":"Polygon","coordinates":[[[6.987,48.386],[6.991,48.401],[7.017,48.401],[7.018,48.399],[7.022,48.385],[6.987,48.386]]]}},{"type":"Feature","properties":{"code":"88507","nom":"Villers","departement":"88","region":"44","epci":"200068369"},"geometry":{"type":"Polygon","coordinates":[[[6.186,48.315],[6.191,48.309],[6.157,48.298],[6.153,48.307],[6.186,48.315]]]}},{"type":"Feature","properties":{"code":"88508","nom":"Ville-sur-Illon","departement":"88","region":"44","epci":"200068369"},"geometry":{"type":"Polygon","coordinates":[[[6.185,48.141],[6.187,48.177],[6.214,48.2],[6.226,48.2],[6.233,48.198],[6.249,48.181],[6.213,48.161],[6.217,48.136],[6.185,48.141]]]}},{"type":"Feature","properties":{"code":"88509","nom":"Villoncourt","departement":"88","region":"44","epci":"200068757"},"geometry":{"type":"Polygon","coordinates":[[[6.532,48.287],[6.534,48.285],[6.515,48.255],[6.5,48.255],[6.5,48.275],[6.524,48.288],[6.532,48.287]]]}},{"type":"Feature","properties":{"code":"88510","nom":"Villotte","departement":"88","region":"44","epci":"200068773"},"geometry":{"type":"Polygon","coordinates":[[[5.757,48.118],[5.772,48.124],[5.789,48.09],[5.756,48.093],[5.755,48.117],[5.757,48.118]]]}},{"type":"Feature","properties":{"code":"88511","nom":"Villouxel","departement":"88","region":"44","epci":"200068559"},"geometry":{"type":"Polygon","coordinates":[[[5.603,48.346],[5.556,48.349],[5.582,48.358],[5.603,48.346]]]}},{"type":"Feature","properties":{"code":"88512","nom":"Viménil","departement":"88","region":"44","epci":"200042000"},"geometry":{"type":"Polygon","coordinates":[[[6.66,48.211],[6.651,48.204],[6.637,48.195],[6.615,48.232],[6.635,48.24],[6.66,48.211]]]}},{"type":"Feature","properties":{"code":"88513","nom":"Vincey","departement":"88","region":"44","epci":"200068757"},"geometry":{"type":"Polygon","coordinates":[[[6.307,48.356],[6.307,48.357],[6.312,48.357],[6.327,48.352],[6.36,48.326],[6.343,48.308],[6.34,48.308],[6.316,48.316],[6.304,48.343],[6.307,48.356]]]}},{"type":"Feature","properties":{"code":"88514","nom":"Viocourt","departement":"88","region":"44","epci":"200068559"},"geometry":{"type":"Polygon","coordinates":[[[5.865,48.342],[5.889,48.315],[5.885,48.311],[5.868,48.306],[5.858,48.322],[5.865,48.342]]]}},{"type":"Feature","properties":{"code":"88515","nom":"Vioménil","departement":"88","region":"44","epci":"200068773"},"geometry":{"type":"Polygon","coordinates":[[[6.222,48.071],[6.191,48.077],[6.166,48.068],[6.16,48.081],[6.107,48.085],[6.102,48.09],[6.186,48.11],[6.223,48.105],[6.221,48.072],[6.222,48.071]]]}},{"type":"Feature","properties":{"code":"88516","nom":"Vittel","departement":"88","region":"44","epci":"200068682"},"geometry":{"type":"Polygon","coordinates":[[[5.919,48.233],[5.929,48.235],[5.941,48.239],[5.955,48.221],[5.995,48.214],[5.995,48.197],[5.98,48.18],[5.979,48.179],[5.925,48.174],[5.917,48.199],[5.94,48.216],[5.919,48.233]]]}},{"type":"Feature","properties":{"code":"88517","nom":"Viviers-le-Gras","departement":"88","region":"44","epci":"200068773"},"geometry":{"type":"Polygon","coordinates":[[[5.913,48.129],[5.943,48.15],[5.949,48.145],[5.953,48.097],[5.939,48.092],[5.938,48.096],[5.913,48.129]]]}},{"type":"Feature","properties":{"code":"88518","nom":"Viviers-lès-Offroicourt","departement":"88","region":"44","epci":"200068682"},"geometry":{"type":"Polygon","coordinates":[[[6.033,48.26],[5.993,48.277],[5.999,48.282],[6.041,48.263],[6.033,48.26]]]}},{"type":"Feature","properties":{"code":"88519","nom":"La Voivre","departement":"88","region":"44","epci":"200071066"},"geometry":{"type":"Polygon","coordinates":[[[6.917,48.333],[6.905,48.326],[6.886,48.337],[6.885,48.341],[6.895,48.354],[6.905,48.361],[6.917,48.333]]]}},{"type":"Feature","properties":{"code":"88521","nom":"Vomécourt","departement":"88","region":"44","epci":"200005957"},"geometry":{"type":"Polygon","coordinates":[[[6.637,48.31],[6.628,48.3],[6.589,48.318],[6.592,48.33],[6.635,48.322],[6.637,48.31]]]}},{"type":"Feature","properties":{"code":"88522","nom":"Vomécourt-sur-Madon","departement":"88","region":"44","epci":"200068369"},"geometry":{"type":"Polygon","coordinates":[[[6.162,48.353],[6.152,48.363],[6.169,48.373],[6.188,48.361],[6.175,48.351],[6.162,48.353]]]}},{"type":"Feature","properties":{"code":"88523","nom":"Vouxey","departement":"88","region":"44","epci":"200068559"},"geometry":{"type":"Polygon","coordinates":[[[5.755,48.331],[5.743,48.354],[5.761,48.364],[5.79,48.371],[5.825,48.368],[5.844,48.351],[5.826,48.337],[5.798,48.335],[5.782,48.321],[5.755,48.331]]]}},{"type":"Feature","properties":{"code":"88524","nom":"Vrécourt","departement":"88","region":"44","epci":"200068682"},"geometry":{"type":"Polygon","coordinates":[[[5.684,48.158],[5.682,48.175],[5.697,48.189],[5.731,48.19],[5.731,48.179],[5.73,48.176],[5.717,48.148],[5.685,48.151],[5.684,48.158]]]}},{"type":"Feature","properties":{"code":"88525","nom":"Vroville","departement":"88","region":"44","epci":"200068369"},"geometry":{"type":"Polygon","coordinates":[[[6.198,48.298],[6.184,48.273],[6.155,48.273],[6.151,48.29],[6.157,48.298],[6.191,48.309],[6.198,48.298]]]}},{"type":"Feature","properties":{"code":"88526","nom":"Wisembach","departement":"88","region":"44","epci":"200071066"},"geometry":{"type":"Polygon","coordinates":[[[7.159,48.268],[7.158,48.268],[7.133,48.243],[7.114,48.254],[7.076,48.253],[7.08,48.263],[7.103,48.269],[7.159,48.268]]]}},{"type":"Feature","properties":{"code":"88527","nom":"Xaffévillers","departement":"88","region":"44","epci":"200005957"},"geometry":{"type":"Polygon","coordinates":[[[6.579,48.416],[6.584,48.417],[6.595,48.422],[6.622,48.422],[6.638,48.41],[6.615,48.397],[6.589,48.402],[6.585,48.408],[6.579,48.416]]]}},{"type":"Feature","properties":{"code":"88528","nom":"Xamontarupt","departement":"88","region":"44","epci":"200042000"},"geometry":{"type":"Polygon","coordinates":[[[6.635,48.112],[6.628,48.108],[6.622,48.114],[6.623,48.124],[6.645,48.14],[6.657,48.137],[6.635,48.112]]]}},{"type":"Feature","properties":{"code":"88529","nom":"Xaronval","departement":"88","region":"44","epci":"200068369"},"geometry":{"type":"Polygon","coordinates":[[[6.196,48.359],[6.188,48.361],[6.169,48.373],[6.162,48.382],[6.168,48.386],[6.187,48.38],[6.201,48.378],[6.209,48.367],[6.196,48.359]]]}},{"type":"Feature","properties":{"code":"88530","nom":"Xertigny","departement":"88","region":"44","epci":"200068757"},"geometry":{"type":"Polygon","coordinates":[[[6.458,48.043],[6.458,48.04],[6.404,48.011],[6.407,47.994],[6.387,47.981],[6.369,48.002],[6.342,48.058],[6.303,48.071],[6.28,48.066],[6.298,48.081],[6.327,48.083],[6.369,48.071],[6.458,48.043]]]}},{"type":"Feature","properties":{"code":"88531","nom":"Xonrupt-Longemer","departement":"88","region":"44","epci":"200096642"},"geometry":{"type":"Polygon","coordinates":[[[7.01,48.043],[6.93,48.057],[6.9,48.096],[6.93,48.104],[7.003,48.07],[7.019,48.055],[7.01,48.043]]]}},{"type":"Feature","properties":{"code":"88532","nom":"Zincourt","departement":"88","region":"44","epci":"200068757"},"geometry":{"type":"Polygon","coordinates":[[[6.466,48.302],[6.427,48.301],[6.422,48.308],[6.437,48.321],[6.466,48.31],[6.466,48.302]]]}}]}